lqr_sysid_csv,1105,340,settle,0,-45,10,0,0,0,0,0,448,317,317,0,0,1
lqr_sysid_csv,1115,340,settle,0,-45,10,0,0,0,0,0,448,317,317,0,0,1
lqr_sysid_csv,1125,340,settle,0,-45,10,0,0,0,0,0,448,317,317,0,0,1
lqr_sysid_csv,1135,340,settle,0,-45,10,0,0,0,0,0,448,317,317,0,0,1
lqr_sysid_csv,1145,340,settle,0,-45,10,0,0,0,0,0,448,317,317,0,0,1
lqr_sysid_csv,1155,340,settle,0,-45,10,0,0,0,0,0,448,317,317,0,0,1
lqr_sysid_csv,1165,340,settle,0,-45,10,0,0,0,0,0,448,317,317,0,0,1
lqr_sysid_csv,1175,340,settle,0,-45,10,0,0,0,0,0,448,317,317,0,0,1
lqr_sysid_csv,1185,340,settle,0,-45,10,0,0,0,0,0,448,317,317,0,0,1
lqr_sysid_csv,1195,340,settle,0,-45,10,0,0,0,0,0,448,317,317,0,0,1
lqr_sysid_csv,1205,340,settle,0,-45,10,0,0,0,0,0,448,317,317,0,0,1
lqr_sysid_csv,1215,340,settle,0,-45,10,0,0,0,0,0,448,317,317,0,0,1
lqr_sysid_csv,1225,340,settle,0,-45,10,0,0,0,0,0,448,317,317,0,0,1
lqr_sysid_csv,1235,340,settle,0,-45,10,0,0,0,0,0,448,317,317,0,0,1
lqr_sysid_csv,1245,340,settle,0,-45,10,0,0,0,0,0,448,317,317,0,0,1
lqr_sysid_csv,1255,340,settle,0,-45,10,0,0,0,0,0,448,317,317,0,0,1
lqr_sysid_csv,1265,340,settle,0,-45,10,0,0,0,0,0,448,317,317,0,0,1
lqr_sysid_csv,1275,340,settle,0,-45,10,0,0,0,0,0,448,317,317,0,0,1
lqr_sysid_csv,1285,340,settle,0,-45,10,0,0,0,0,0,448,317,317,0,0,1
lqr_sysid_csv,1295,340,settle,0,-45,10,0,0,0,0,0,448,317,317,0,0,1
lqr_sysid_csv,1305,340,settle,0,-45,10,0,0,0,0,0,448,317,317,0,0,1
lqr_sysid_csv,1315,340,settle,0,-45,10,0,0,0,0,0,448,317,317,0,0,1
lqr_sysid_csv,1325,340,settle,0,-45,10,0,0,0,0,0,448,317,317,0,0,1
lqr_sysid_csv,1335,340,settle,0,-45,10,0,0,0,0,0,448,317,317,0,0,1
lqr_sysid_csv,1345,340,settle,0,-45,10,0,0,0,0,0,448,317,317,0,0,1
lqr_sysid_csv,1355,340,settle,0,-45,10,0,0,0,0,0,448,317,317,0,0,1
lqr_sysid_csv,1365,340,settle,0,-45,10,0,0,0,0,0,448,317,317,0,0,1
lqr_sysid_csv,1375,340,settle,0,-45,10,0,0,0,0,0,448,317,317,0,0,1
lqr_sysid_csv,1385,340,settle,0,-45,10,0,0,0,0,0,448,317,317,0,0,1
lqr_sysid_csv,1395,340,settle,0,-45,10,0,0,0,0,0,448,317,317,0,0,1
lqr_sysid_csv,1405,340,settle,0,-45,10,0,0,0,0,0,448,317,317,0,0,1
lqr_sysid_csv,1415,340,settle,0,-45,10,0,0,0,0,0,448,317,317,0,0,1
lqr_sysid_csv,1425,340,settle,0,-45,10,0,0,0,0,0,448,317,317,0,0,1
lqr_sysid_csv,1435,340,settle,0,-45,10,0,0,0,0,0,448,317,317,0,0,1
lqr_sysid_csv,1445,340,settle,0,-45,10,0,0,0,0,0,448,317,317,0,0,1
lqr_sysid_csv,1455,340,settle,0,-45,10,0,0,0,0,0,448,317,317,0,0,1
lqr_sysid_csv,1465,340,settle,0,-45,10,0,0,0,0,0,448,317,317,0,0,1
lqr_sysid_csv,1475,340,settle,0,-45,10,0,0,0,0,0,448,317,317,0,0,1
lqr_sysid_csv,1485,340,settle,0,-45,10,0,0,0,0,0,448,317,317,0,0,1
lqr_sysid_csv,1495,340,settle,0,-45,10,0,0,0,0,0,448,317,317,0,0,1
lqr_sysid_csv,1505,340,settle,0,-45,10,0,0,0,0,0,448,317,317,0,0,1
lqr_sysid_csv,1515,340,settle,0,-45,10,0,0,0,0,0,448,317,317,0,0,1
lqr_sysid_csv,1525,340,settle,0,-45,10,0,0,0,0,0,448,317,317,0,0,1
lqr_sysid_csv,1535,340,settle,0,-45,10,0,0,0,0,0,448,317,317,0,0,1
lqr_sysid_csv,1545,340,settle,0,-45,10,0,0,0,0,0,448,317,317,0,0,1
lqr_sysid_csv,1555,340,settle,0,-45,10,0,0,0,0,0,448,317,317,0,0,1
lqr_sysid_csv,1565,340,settle,0,-45,10,0,0,0,0,0,448,317,317,0,0,1
lqr_sysid_csv,1575,340,settle,0,-45,10,0,0,0,0,0,448,317,317,0,0,1
lqr_sysid_csv,1585,340,settle,0,-45,10,0,0,0,0,0,448,317,317,0,0,1
lqr_sysid_csv,1595,340,settle,0,-45,10,0,0,0,0,0,448,317,317,0,0,1
lqr_sysid_csv,1605,340,settle,0,-45,10,0,0,0,0,0,448,317,317,0,0,1
lqr_sysid_csv,1615,340,settle,0,-45,10,0,0,0,0,0,448,317,317,0,0,1
lqr_sysid_csv,1625,340,settle,0,-45,10,0,0,0,0,0,448,317,317,0,0,1
lqr_sysid_csv,1635,340,settle,0,-45,10,0,0,0,0,0,448,317,317,0,0,1
lqr_sysid_csv,1645,340,settle,0,-45,10,0,0,0,0,0,448,317,317,0,0,1
lqr_sysid_csv,1655,340,settle,0,-45,10,0,0,0,0,0,448,317,317,0,0,1
lqr_sysid_csv,1665,340,settle,0,-45,10,0,0,0,0,0,448,317,317,0,0,1
lqr_sysid_csv,1675,340,settle,0,-45,10,0,0,0,0,0,448,317,317,0,0,1
lqr_sysid_csv,1685,340,settle,0,-45,10,0,0,0,0,0,448,317,317,0,0,1
lqr_sysid_csv,1695,340,settle,0,-45,10,0,0,0,0,0,448,317,317,0,0,1
lqr_sysid_csv,1705,340,settle,0,-45,10,0,0,0,0,0,448,317,317,0,0,1
lqr_sysid_csv,1715,340,settle,0,-45,10,0,0,0,0,0,448,317,317,0,0,1
lqr_sysid_csv,1725,340,settle,0,-45,10,0,0,0,0,0,448,317,317,0,0,1
lqr_sysid_csv,1735,340,settle,0,-45,10,0,0,0,0,0,448,317,317,0,0,1
lqr_sysid_csv,1745,340,settle,0,-45,10,0,0,0,0,0,448,317,317,0,0,1
lqr_sysid_csv,1755,340,settle,0,-45,10,0,0,0,0,0,448,317,317,0,0,1
lqr_sysid_csv,1765,340,settle,0,-45,10,0,0,0,0,0,448,317,317,0,0,1
lqr_sysid_csv,1775,340,settle,0,-45,10,0,0,0,0,0,448,317,317,0,0,1
lqr_sysid_csv,1785,340,settle,0,-45,10,0,0,0,0,0,448,317,317,0,0,1
lqr_sysid_csv,1795,340,settle,0,-45,10,0,0,0,0,0,448,317,317,0,0,1
lqr_sysid_csv,1805,340,settle,0,-45,10,0,0,0,0,0,448,317,317,0,0,1
lqr_sysid_csv,1815,340,settle,0,-45,10,0,0,0,0,0,448,317,317,0,0,1
lqr_sysid_csv,1825,340,settle,0,-45,10,0,0,0,0,0,448,317,317,0,0,1
lqr_sysid_csv,1835,340,settle,0,-45,10,0,0,0,0,0,448,317,317,0,0,1
lqr_sysid_csv,1845,340,settle,0,-45,10,0,0,0,0,0,448,317,317,0,0,1
lqr_sysid_csv,1855,340,settle,0,-45,10,0,0,0,0,0,448,317,317,0,0,1
lqr_sysid_csv,1865,340,settle,0,-45,10,0,0,0,0,0,448,317,317,0,0,1
lqr_sysid_csv,1875,340,settle,0,-45,10,0,0,0,0,0,448,317,317,0,0,1
lqr_sysid_csv,1885,340,settle,0,-45,10,0,0,0,0,0,448,317,317,0,0,1
lqr_sysid_csv,1895,340,settle,0,-45,10,0,0,0,0,0,448,317,317,0,0,1
lqr_sysid_csv,1905,340,settle,0,-45,10,0,0,0,0,0,448,317,317,0,0,1
lqr_sysid_csv,1915,340,settle,0,-45,10,0,0,0,0,0,448,317,317,0,0,1
lqr_sysid_csv,1925,340,settle,0,-45,10,0,0,0,0,0,448,317,317,0,0,1
lqr_sysid_csv,1935,340,settle,0,-45,10,0,0,0,0,0,448,317,317,0,0,1
lqr_sysid_csv,1945,340,settle,0,-45,10,0,0,0,0,0,448,317,317,0,0,1
lqr_sysid_csv,1955,340,settle,0,-45,10,0,0,0,0,0,448,317,317,0,0,1
lqr_sysid_csv,1965,340,settle,0,-45,10,0,0,0,0,0,448,317,317,0,0,1
lqr_sysid_csv,1975,340,settle,0,-45,10,0,0,0,0,0,448,317,317,0,0,1
lqr_sysid_csv,1985,340,settle,0,-45,10,0,0,0,0,0,448,317,317,0,0,1
lqr_sysid_csv,1995,340,settle,0,-45,10,0,0,0,0,0,448,317,317,0,0,1
lqr_sysid_csv,2005,340,settle,0,-45,10,0,0,0,0,0,448,317,317,0,0,1
lqr_sysid_csv,2015,340,settle,0,-45,10,0,0,0,0,0,448,317,317,0,0,1
lqr_sysid_csv,2025,340,settle,0,-45,10,0,0,0,0,0,448,317,317,0,0,1
lqr_sysid_csv,2035,340,settle,0,-45,10,0,0,0,0,0,448,317,317,0,0,1
lqr_sysid_csv,2046,340,settle,0,-56,12,0,0,-10,1,0,448,317,317,13,-2,1
lqr_sysid_csv,2056,340,settle,0,-45,10,0,0,0,0,0,448,317,317,0,0,1
lqr_sysid_csv,2067,340,settle,0,-56,13,0,0,-10,2,0,448,317,317,13,3,1
lqr_sysid_csv,2077,340,settle,0,-45,10,0,0,0,0,0,448,317,317,0,0,1
lqr_sysid_csv,2087,340,settle,0,-45,10,0,0,0,0,0,448,317,317,0,0,1
lqr_sysid_csv,2097,340,settle,0,-45,10,0,0,0,0,0,448,317,317,0,0,1
lqr_sysid_csv,2107,340,settle,0,-45,10,0,0,0,0,0,448,317,317,0,0,1
lqr_sysid_csv,2117,340,settle,0,-45,10,0,0,0,0,0,448,317,317,0,0,1
lqr_sysid_csv,2127,340,settle,0,-45,10,0,0,0,0,0,448,317,317,0,0,1
lqr_sysid_csv,2137,340,settle,0,-45,10,0,0,0,0,0,448,317,317,0,0,1
lqr_sysid_csv,2147,340,settle,0,-45,10,0,0,0,0,0,448,317,317,0,0,1
lqr_sysid_csv,2157,340,settle,0,-45,10,0,0,0,0,0,448,317,317,0,0,1
lqr_sysid_csv,2167,340,settle,0,-45,10,0,0,0,0,0,448,317,317,0,0,1
lqr_sysid_csv,2178,340,settle,0,-56,8,0,0,-10,-2,0,448,317,317,13,-2,1
lqr_sysid_csv,2188,340,settle,0,-45,10,0,0,0,0,0,448,317,317,0,0,1
lqr_sysid_csv,2198,340,settle,0,-45,10,0,0,0,0,0,448,317,317,0,0,1
lqr_sysid_csv,2208,340,settle,0,-45,10,0,0,0,0,0,448,317,317,0,0,1
lqr_sysid_csv,2218,340,settle,0,-45,10,0,0,0,0,0,448,317,317,0,0,1
lqr_sysid_csv,2228,340,settle,0,-45,10,0,0,0,0,0,448,317,317,0,0,1
lqr_sysid_csv,2238,340,settle,0,-45,10,0,0,0,0,0,448,317,317,0,0,1
lqr_sysid_csv,2249,340,settle,0,-56,10,0,0,-10,0,0,448,317,317,13,-3,1
lqr_sysid_csv,2259,340,settle,0,-45,10,0,0,0,0,0,448,317,317,0,0,1
lqr_sysid_csv,2269,340,settle,0,-45,10,0,0,0,0,0,448,317,317,0,0,1
lqr_sysid_csv,2279,340,settle,0,-45,10,0,0,0,0,0,448,317,317,0,0,1
lqr_sysid_csv,2289,340,settle,0,-45,10,0,0,0,0,0,448,317,317,0,0,1
lqr_sysid_csv,2299,340,settle,0,-45,10,0,0,0,0,0,448,317,317,0,0,1
lqr_sysid_csv,2309,340,settle,0,-45,10,0,0,0,0,0,448,317,317,0,0,1
lqr_sysid_csv,2319,340,settle,0,-45,10,0,0,0,0,0,448,317,317,0,0,1
lqr_sysid_csv,2329,340,settle,0,-45,10,0,0,0,0,0,448,317,317,0,0,1
lqr_sysid_csv,2340,340,settle,0,-56,13,0,0,-10,2,0,448,317,317,13,-3,1
lqr_sysid_csv,2350,340,settle,0,-45,10,0,0,0,0,0,448,317,317,0,0,1
lqr_sysid_csv,2360,340,settle,0,-45,10,0,0,0,0,0,448,317,317,0,0,1
lqr_sysid_csv,2370,340,settle,0,-45,10,0,0,0,0,0,448,317,317,0,0,1
lqr_sysid_csv,2380,340,settle,0,-45,10,0,0,0,0,0,448,317,317,0,0,1
lqr_sysid_csv,2391,340,settle,0,-56,11,0,-1,-10,0,0,448,317,317,13,1,1
lqr_sysid_csv,2401,340,settle,0,-45,10,0,0,0,0,0,448,317,317,0,0,1
lqr_sysid_csv,2411,340,settle,0,-45,10,0,0,0,0,0,448,317,317,0,0,1
lqr_sysid_csv,2421,340,settle,0,-45,10,0,0,0,0,0,448,317,317,0,0,1
lqr_sysid_csv,2431,340,settle,0,-45,10,0,0,0,0,0,448,317,317,0,0,1
lqr_sysid_csv,2441,340,settle,0,-45,10,0,0,0,0,0,448,317,317,0,0,1
lqr_sysid_csv,2452,340,settle,0,-56,14,0,-1,-10,3,0,448,317,317,13,0,1
lqr_sysid_csv,2462,340,settle,0,-45,10,0,0,0,0,0,448,317,317,0,0,1
lqr_sysid_csv,2472,340,settle,0,-45,10,0,0,0,0,0,448,317,317,0,0,1
lqr_sysid_csv,2483,340,settle,0,-56,11,0,-1,-10,0,0,448,317,317,13,0,1
lqr_sysid_csv,2493,340,settle,0,-45,10,0,0,0,0,0,448,317,317,0,0,1
lqr_sysid_csv,2503,340,settle,0,-45,10,0,0,0,0,0,448,317,317,0,0,1
lqr_sysid_csv,2514,340,settle,0,-56,11,0,-1,-10,0,0,448,317,317,13,0,1
lqr_sysid_csv,2524,340,settle,0,-45,10,0,0,0,0,0,448,317,317,0,0,1
lqr_sysid_csv,2534,340,settle,0,-45,10,0,0,0,0,0,448,317,317,0,0,1
lqr_sysid_csv,2544,340,settle,0,-45,10,0,0,0,0,0,448,317,317,0,0,1
lqr_sysid_csv,2555,340,settle,0,-56,10,0,-2,-10,0,0,448,317,317,13,0,1
lqr_sysid_csv,2565,340,settle,0,-45,10,0,0,0,0,0,448,317,317,0,0,1
lqr_sysid_csv,2575,340,settle,0,-45,10,0,0,0,0,0,448,317,317,0,0,1
lqr_sysid_csv,2585,340,settle,0,-45,10,0,0,0,0,0,448,317,317,0,0,1
lqr_sysid_csv,2595,340,settle,0,-45,10,0,0,0,0,0,448,317,317,0,0,1
lqr_sysid_csv,2605,340,settle,0,-45,10,0,0,0,0,0,448,317,317,0,0,1
lqr_sysid_csv,2615,340,settle,0,-45,10,0,0,0,0,0,448,317,317,0,0,1
lqr_sysid_csv,2625,340,settle,0,-45,10,0,0,0,0,0,448,317,317,0,0,1
lqr_sysid_csv,2635,340,settle,0,-45,10,0,0,0,0,0,448,317,317,0,0,1
lqr_sysid_csv,2645,340,settle,0,-45,10,0,0,0,0,0,448,317,317,0,0,1
lqr_sysid_csv,2656,340,settle,0,-56,10,0,-2,-10,0,0,448,317,317,13,-1,1
lqr_sysid_csv,2666,340,settle,0,-45,10,0,0,0,0,0,448,317,317,0,0,1
lqr_sysid_csv,2676,340,settle,0,-45,10,0,0,0,0,0,448,317,317,0,0,1
lqr_sysid_csv,2687,340,settle,0,-56,10,0,-2,-10,0,0,448,317,317,13,0,1
lqr_sysid_csv,2697,340,settle,0,-45,10,0,0,0,0,0,448,317,317,0,0,1
lqr_sysid_csv,2707,340,settle,0,-45,10,0,0,0,0,0,448,317,317,0,0,1
lqr_sysid_csv,2718,340,settle,0,-56,9,0,-2,-10,-1,0,448,317,317,13,-1,1
lqr_sysid_csv,2728,340,settle,0,-45,10,0,0,0,0,0,448,317,317,0,0,1
lqr_sysid_csv,2738,340,settle,0,-45,10,0,0,0,0,0,448,317,317,0,0,1
lqr_sysid_csv,2748,340,settle,0,-45,10,0,0,0,0,0,448,317,317,0,0,1
lqr_sysid_csv,2758,340,settle,0,-45,10,0,0,0,0,0,448,317,317,0,0,1
lqr_sysid_csv,2768,340,settle,0,-45,10,0,0,0,0,0,448,317,317,0,0,1
lqr_sysid_csv,2778,340,settle,0,-45,10,0,0,0,0,0,448,317,317,0,0,1
lqr_sysid_csv,2788,340,settle,0,-45,10,0,0,0,0,0,448,317,317,0,0,1
lqr_sysid_csv,2799,340,settle,0,-56,12,0,-3,-10,1,0,448,317,317,13,-1,1
lqr_sysid_csv,2809,340,settle,0,-45,10,0,0,0,0,0,448,317,317,0,0,1
lqr_sysid_csv,2820,340,settle,0,-56,13,0,-3,-10,2,0,448,317,317,13,-1,1
lqr_sysid_csv,2830,340,settle,0,-45,10,0,0,0,0,0,448,317,317,0,0,1
lqr_sysid_csv,2840,340,settle,0,-45,10,0,0,0,0,0,448,317,317,0,0,1
lqr_sysid_csv,2850,340,settle,0,-45,10,0,0,0,0,0,448,317,317,0,0,1
lqr_sysid_csv,2861,340,settle,0,-56,8,0,-3,-10,-2,0,448,317,317,13,-1,1
lqr_sysid_csv,2871,340,settle,0,-45,10,0,0,0,0,0,448,317,317,0,0,1
lqr_sysid_csv,2881,340,settle,0,-45,10,0,0,0,0,0,448,317,317,0,0,1
lqr_sysid_csv,2891,340,settle,0,-45,10,0,0,0,0,0,448,317,317,0,0,1
lqr_sysid_csv,2901,340,settle,0,-45,10,0,0,0,0,0,448,317,317,0,0,1
lqr_sysid_csv,2911,340,settle,0,-45,10,0,0,0,0,0,448,317,317,0,0,1
lqr_sysid_csv,2921,340,settle,0,-45,10,0,0,0,0,0,448,317,317,0,0,1
lqr_sysid_csv,2931,340,settle,0,-45,10,0,0,0,0,0,448,317,317,0,0,1
lqr_sysid_csv,2941,340,settle,0,-45,10,0,0,0,0,0,448,317,317,0,0,1
lqr_sysid_csv,2951,340,settle,0,-45,10,0,0,0,0,0,448,317,317,0,0,1
lqr_sysid_csv,2962,340,settle,0,-56,8,0,-3,-10,-2,0,448,317,317,13,3,1
lqr_sysid_csv,2972,340,settle,0,-45,10,0,0,0,0,0,448,317,317,0,0,1
lqr_sysid_csv,2983,340,settle,0,-56,8,0,-4,-10,-2,0,448,317,317,13,0,1
lqr_sysid_csv,2993,340,settle,0,-45,10,0,0,0,0,0,448,317,317,0,0,1
lqr_sysid_csv,3003,340,settle,0,-45,10,0,0,0,0,0,448,317,317,0,0,1
lqr_sysid_csv,3014,340,settle,0,-56,24,0,-3,-10,13,0,448,317,317,13,-10,1
lqr_sysid_csv,3026,340,settle,0,-56,11,0,-3,-10,0,0,448,317,317,13,0,1
lqr_sysid_csv,3036,340,settle,0,-45,10,0,0,0,0,0,448,317,317,0,0,1
lqr_sysid_csv,3046,340,settle,0,-45,10,0,0,0,0,0,448,317,317,0,0,1
lqr_sysid_csv,3056,340,settle,0,-45,10,0,0,0,0,0,448,317,317,0,0,1
lqr_sysid_csv,3067,340,settle,0,-56,11,0,-3,-10,0,0,448,317,317,13,0,1
lqr_sysid_csv,3077,340,settle,0,-45,10,0,0,0,0,0,448,317,317,0,0,1
lqr_sysid_csv,3087,340,settle,0,-45,10,0,0,0,0,0,448,317,317,0,0,1
lqr_sysid_csv,3097,340,settle,0,-45,10,0,0,0,0,0,448,317,317,0,0,1
lqr_sysid_csv,3107,340,settle,0,-45,10,0,0,0,0,0,448,317,317,0,0,1
lqr_sysid_csv,3117,340,settle,0,-45,10,0,0,0,0,0,448,317,317,0,0,1
lqr_sysid_csv,3127,340,settle,0,-45,10,0,0,0,0,0,448,317,317,0,0,1
lqr_sysid_csv,3137,340,settle,0,-45,10,0,0,0,0,0,448,317,317,0,0,1
lqr_sysid_csv,3147,340,settle,0,-45,21,0,0,0,0,0,442,317,317,0,0,1
lqr_sysid_csv,3157,340,settle,0,-45,37,0,0,0,0,0,427,317,317,0,0,1
lqr_sysid_csv,3167,340,settle,0,-45,64,0,0,0,0,0,393,317,317,0,0,1
lqr_sysid_csv,3177,340,settle,0,-44,123,0,0,0,0,0,349,317,318,0,0,1
lqr_sysid_csv,3187,340,settle,0,-42,271,0,0,0,0,0,211,317,319,0,0,1
lqr_sysid_csv,3197,340,settle,0,-41,185,0,0,0,0,0,224,318,320,0,0,1
lqr_sysid_csv,3207,340,settle,0,-36,343,0,0,0,0,0,76,319,322,0,0,1
lqr_sysid_csv,3217,340,settle,0,-37,252,0,0,0,0,0,112,321,324,0,0,1
lqr_sysid_csv,3227,340,settle,0,-29,373,0,0,0,0,0,-29,323,326,0,0,1
lqr_sysid_csv,3237,340,settle,0,-31,281,0,0,0,0,0,24,327,329,0,0,1
lqr_sysid_csv,3247,340,settle,0,-22,357,0,0,0,0,0,-102,329,332,0,0,1
lqr_sysid_csv,3257,340,settle,0,-16,422,0,0,0,0,0,-222,329,336,0,0,1
lqr_sysid_csv,3267,340,settle,0,-10,438,0,0,0,0,0,-325,329,339,0,0,1
lqr_sysid_csv,3277,340,settle,0,-5,143,0,0,0,0,0,-218,329,341,0,0,1
lqr_sysid_csv,3287,340,settle,0,-30,-164,0,0,0,0,0,313,343,342,0,0,1
lqr_sysid_csv,3297,340,settle,0,-28,-154,0,0,0,0,0,400,343,343,0,0,1
lqr_sysid_csv,3307,340,settle,0,-24,-453,0,0,0,0,0,587,344,344,0,0,1
lqr_sysid_csv,3317,340,settle,0,-22,-393,0,0,0,0,0,609,344,345,0,0,1
lqr_sysid_csv,3327,340,settle,0,-20,-372,0,0,0,0,0,578,344,346,0,0,1
lqr_sysid_csv,3337,340,settle,0,-18,-339,0,0,0,0,0,537,344,347,0,0,1
lqr_sysid_csv,3347,340,settle,0,-4,110,0,0,0,0,0,83,347,340,0,0,1
lqr_sysid_csv,3357,340,settle,0,-12,65,0,0,0,0,0,73,341,342,0,0,1
lqr_sysid_csv,3367,340,settle,0,-9,83,0,0,0,0,0,72,344,339,0,0,1
lqr_sysid_csv,3377,340,settle,0,-7,83,0,0,0,0,0,14,344,340,0,0,1
lqr_sysid_csv,3387,340,settle,0,-6,224,0,0,0,0,0,-49,342,338,0,0,1
lqr_sysid_csv,3397,340,settle,0,-6,257,0,0,0,0,0,-145,342,339,0,0,1
lqr_sysid_csv,3407,340,settle,0,-3,80,0,0,0,0,0,-88,342,339,0,0,1
lqr_sysid_csv,3417,340,settle,0,-3,170,0,0,0,0,0,-70,341,340,0,0,1
lqr_sysid_csv,3427,340,settle,0,-2,165,0,0,0,0,0,-119,341,340,0,0,1
lqr_sysid_csv,3437,340,settle,0,-1,149,0,0,0,0,0,-137,341,341,0,0,1
lqr_sysid_csv,3447,340,settle,0,0,73,0,0,0,0,0,-100,341,341,0,0,1
lqr_sysid_csv,3458,340,settle,0,0,14,0,0,0,0,0,-40,341,341,0,0,1
lqr_sysid_csv,3467,340,settle,0,0,30,0,0,0,0,0,-23,341,341,0,0,1
lqr_sysid_csv,3477,340,settle,0,0,-33,0,0,0,0,0,-13,342,340,0,0,1
lqr_sysid_csv,3487,340,settle,0,0,-33,0,0,0,0,0,23,342,340,0,0,1
lqr_sysid_csv,3497,340,settle,0,0,28,0,0,0,0,0,-12,343,340,0,0,1
lqr_sysid_csv,3507,340,settle,0,0,-11,0,0,0,0,0,2,343,340,0,0,1
lqr_sysid_csv,3517,340,settle,0,0,5,0,0,0,0,0,2,343,340,0,0,1
lqr_sysid_csv,3527,340,settle,0,0,5,0,0,0,0,0,-3,343,340,0,0,1
lqr_sysid_csv,3537,340,settle,0,0,-1,0,0,0,0,0,-10,343,340,0,0,1
lqr_sysid_csv,3547,340,settle,0,0,-6,0,0,0,0,0,2,343,340,0,0,1
lqr_sysid_csv,3557,340,settle,0,0,0,0,0,0,0,0,-1,343,340,0,0,1
lqr_sysid_csv,3568,340,settle,0,-10,13,0,-2,-10,13,0,2,343,340,13,-10,1
lqr_sysid_csv,3579,340,settle,0,0,0,0,0,0,0,0,3,343,340,0,0,1
lqr_sysid_csv,3588,340,settle,0,0,0,0,0,0,0,0,4,343,340,0,0,1
lqr_sysid_csv,3598,340,settle,0,0,10,0,0,0,0,0,-1,342,340,0,0,1
lqr_sysid_csv,3608,340,settle,0,0,10,0,0,0,0,0,-3,342,340,0,0,1
lqr_sysid_csv,3618,340,settle,0,0,10,0,0,0,0,0,-4,342,340,0,0,1
lqr_sysid_csv,3628,340,settle,0,0,12,0,0,0,0,0,8,343,340,0,0,1
lqr_sysid_csv,3638,340,settle,0,0,50,0,0,0,0,0,-7,343,340,0,0,1
lqr_sysid_csv,3648,340,settle,0,0,27,0,0,0,0,0,-31,343,340,0,0,1
lqr_sysid_csv,3658,340,settle,0,0,27,0,0,0,0,0,-26,343,340,0,0,1
lqr_sysid_csv,3668,340,settle,0,0,22,0,0,0,0,0,-22,343,340,0,0,1
lqr_sysid_csv,3679,340,settle,0,0,22,0,0,0,0,0,-21,343,340,0,0,1
lqr_sysid_csv,3688,340,settle,0,0,0,0,0,0,0,0,-2,343,340,0,0,1
lqr_sysid_csv,3698,340,settle,0,0,5,0,0,0,0,0,2,343,340,0,0,1
lqr_sysid_csv,3708,340,settle,0,0,5,0,0,0,0,0,1,343,340,0,0,1
lqr_sysid_csv,3718,340,settle,0,0,10,0,0,0,0,0,-2,343,340,0,0,1
lqr_sysid_csv,3728,340,settle,0,0,10,0,0,0,0,0,-3,343,340,0,0,1
lqr_sysid_csv,3738,340,settle,0,0,10,0,0,0,0,0,-3,343,340,0,0,1
lqr_sysid_csv,3749,340,settle,0,0,10,0,0,0,0,0,-4,343,340,0,0,1
lqr_sysid_csv,3758,340,settle,0,0,10,0,0,0,0,0,-4,343,340,0,0,1
lqr_sysid_csv,3768,340,settle,0,0,10,0,0,0,0,0,-4,343,340,0,0,1
lqr_sysid_csv,3778,340,settle,0,0,10,0,0,0,0,0,-5,343,340,0,0,1
lqr_sysid_csv,3788,340,settle,0,0,10,0,0,0,0,0,-5,343,340,0,0,1
lqr_sysid_csv,3799,340,settle,0,-11,12,0,-2,-10,1,0,-5,343,340,13,1,1
lqr_sysid_csv,3810,340,settle,0,0,10,0,0,0,0,0,-5,343,340,0,0,1
lqr_sysid_csv,3820,340,settle,0,0,10,0,0,0,0,0,-5,343,340,0,0,1
lqr_sysid_csv,3829,340,settle,0,0,10,0,0,0,0,0,-5,343,340,0,0,1
lqr_sysid_csv,3839,340,settle,0,0,10,0,0,0,0,0,-5,343,340,0,0,1
lqr_sysid_csv,3849,340,settle,0,0,10,0,0,0,0,0,-5,343,340,0,0,1
lqr_sysid_csv,3859,340,settle,0,0,10,0,0,0,0,0,-5,343,340,0,0,1
lqr_sysid_csv,3869,340,settle,0,0,10,0,0,0,0,0,-5,343,340,0,0,1
lqr_sysid_csv,3879,340,settle,0,0,10,0,0,0,0,0,-5,343,340,0,0,1
lqr_sysid_csv,3890,340,settle,0,0,10,0,0,0,0,0,-5,343,340,0,0,1
lqr_sysid_csv,3899,340,settle,0,0,10,0,0,0,0,0,-5,343,340,0,0,1
lqr_sysid_csv,3909,340,settle,0,0,10,0,0,0,0,0,-5,343,340,0,0,1
lqr_sysid_csv,3919,340,settle,0,0,10,0,0,0,0,0,-5,343,340,0,0,1
lqr_sysid_csv,3929,340,settle,0,0,10,0,0,0,0,0,-5,343,340,0,0,1
lqr_sysid_csv,3939,340,settle,0,0,10,0,0,0,0,0,-5,343,340,0,0,1
lqr_sysid_csv,3949,340,settle,0,0,10,0,0,0,0,0,-5,343,340,0,0,1
lqr_sysid_csv,3959,340,settle,0,0,10,0,0,0,0,0,-5,343,340,0,0,1
lqr_sysid_csv,3970,340,settle,0,0,10,0,0,0,0,0,-5,343,340,0,0,1
lqr_sysid_csv,3979,340,settle,0,0,10,0,0,0,0,0,-5,343,340,0,0,1
lqr_sysid_csv,3989,340,settle,0,0,10,0,0,0,0,0,-5,343,340,0,0,1
lqr_sysid_csv,3999,340,settle,0,0,10,0,0,0,0,0,-5,343,340,0,0,1
lqr_sysid_csv,4009,340,settle,0,0,10,0,0,0,0,0,-5,343,340,0,0,1
lqr_sysid_csv,4019,340,settle,0,0,10,0,0,0,0,0,-5,343,340,0,0,1
lqr_sysid_csv,4029,340,settle,0,0,10,0,0,0,0,0,-5,343,340,0,0,1
lqr_sysid_csv,4039,340,settle,0,0,10,0,0,0,0,0,-5,343,340,0,0,1
lqr_sysid_csv,4049,340,settle,0,0,10,0,0,0,0,0,-5,343,340,0,0,1
lqr_sysid_csv,4059,340,settle,0,0,10,0,0,0,0,0,-5,343,340,0,0,1
lqr_sysid_csv,4069,340,settle,0,0,10,0,0,0,0,0,-5,343,340,0,0,1
lqr_sysid_csv,4079,340,settle,0,0,10,0,0,0,0,0,-5,343,340,0,0,1
lqr_sysid_csv,4089,340,settle,0,0,10,0,0,0,0,0,-5,343,340,0,0,1
lqr_sysid_csv,4099,340,settle,0,0,10,0,0,0,0,0,-5,343,340,0,0,1
lqr_sysid_csv,4109,340,settle,0,0,10,0,0,0,0,0,-5,343,340,0,0,1
lqr_sysid_csv,4119,340,settle,0,0,10,0,0,0,0,0,-5,343,340,0,0,1
lqr_sysid_csv,4129,340,settle,0,0,10,0,0,0,0,0,-5,343,340,0,0,1
lqr_sysid_csv,4139,340,settle,0,0,10,0,0,0,0,0,-5,343,340,0,0,1
lqr_sysid_csv,4149,340,settle,0,0,10,0,0,0,0,0,-5,343,340,0,0,1
lqr_sysid_csv,4159,340,settle,0,0,10,0,0,0,0,0,-5,343,340,0,0,1
lqr_sysid_csv,4169,340,settle,0,0,10,0,0,0,0,0,-5,343,340,0,0,1
lqr_sysid_csv,4179,340,settle,0,0,10,0,0,0,0,0,-5,343,340,0,0,1
lqr_sysid_csv,4189,340,settle,0,0,10,0,0,0,0,0,-5,343,340,0,0,1
lqr_sysid_csv,4199,340,settle,0,0,10,0,0,0,0,0,-5,343,340,0,0,1
lqr_sysid_csv,4209,340,settle,0,0,10,0,0,0,0,0,-5,343,340,0,0,1
lqr_sysid_csv,4219,340,settle,0,0,10,0,0,0,0,0,-4,343,340,0,0,1
lqr_sysid_csv,4229,340,settle,0,0,10,0,0,0,0,0,-4,343,340,0,0,1
lqr_sysid_csv,4239,340,settle,0,0,10,0,0,0,0,0,-4,343,340,0,0,1
lqr_sysid_csv,4249,340,settle,0,0,10,0,0,0,0,0,-4,343,340,0,0,1
lqr_sysid_csv,4259,340,settle,0,0,10,0,0,0,0,0,-4,343,340,0,0,1
lqr_sysid_csv,4269,340,settle,0,0,10,0,0,0,0,0,-4,343,340,0,0,1
lqr_sysid_csv,4279,340,settle,0,0,10,0,0,0,0,0,-4,343,340,0,0,1
lqr_sysid_csv,4289,340,settle,0,0,10,0,0,0,0,0,-4,343,340,0,0,1
lqr_sysid_csv,4299,340,settle,0,0,10,0,0,0,0,0,-4,343,340,0,0,1
lqr_sysid_csv,4309,340,settle,0,0,10,0,0,0,0,0,-4,343,340,0,0,1
lqr_sysid_csv,4319,340,settle,0,0,10,0,0,0,0,0,-4,343,340,0,0,1
lqr_sysid_csv,4329,340,settle,0,0,10,0,0,0,0,0,-4,343,340,0,0,1
lqr_sysid_csv,4339,340,settle,0,0,10,0,0,0,0,0,-4,343,340,0,0,1
lqr_sysid_csv,4349,340,settle,0,0,10,0,0,0,0,0,-4,343,340,0,0,1
lqr_sysid_csv,4359,340,settle,0,0,10,0,0,0,0,0,-4,343,340,0,0,1
lqr_sysid_csv,4369,340,settle,0,0,10,0,0,0,0,0,-4,343,340,0,0,1
lqr_sysid_csv,4386,340,settle,0,0,10,0,0,0,0,0,-4,343,340,0,0,1
lqr_sysid_csv,4396,340,settle,0,0,10,0,0,0,0,0,-4,343,340,0,0,1
lqr_sysid_csv,4406,340,settle,0,0,10,0,0,0,0,0,-4,343,340,0,0,1
lqr_sysid_csv,4416,340,settle,0,0,10,0,0,0,0,0,-4,343,340,0,0,1
lqr_sysid_csv,4426,340,settle,0,0,10,0,0,0,0,0,-4,343,340,0,0,1
lqr_sysid_csv,4436,340,settle,0,0,10,0,0,0,0,0,-4,343,340,0,0,1
lqr_sysid_csv,4446,340,settle,0,0,10,0,0,0,0,0,-4,343,340,0,0,1
lqr_sysid_csv,4456,340,settle,0,0,10,0,0,0,0,0,-4,343,340,0,0,1
lqr_sysid_csv,4466,340,settle,0,0,10,0,0,0,0,0,-4,343,340,0,0,1
lqr_sysid_csv,4476,340,settle,0,0,10,0,0,0,0,0,-4,343,340,0,0,1
lqr_sysid_csv,4486,340,settle,0,0,10,0,0,0,0,0,-4,343,340,0,0,1
lqr_sysid_csv,4496,340,settle,0,0,10,0,0,0,0,0,-4,343,340,0,0,1
lqr_sysid_csv,4506,340,settle,0,0,10,0,0,0,0,0,-4,343,340,0,0,1
lqr_sysid_csv,4516,340,settle,0,0,10,0,0,0,0,0,-4,343,340,0,0,1
lqr_sysid_csv,4526,340,settle,0,0,10,0,0,0,0,0,-4,343,340,0,0,1
lqr_sysid_csv,4536,340,settle,0,0,10,0,0,0,0,0,-4,343,340,0,0,1
lqr_sysid_csv,4546,340,settle,0,0,10,0,0,0,0,0,-4,343,340,0,0,1
lqr_sysid_csv,4556,340,settle,0,0,10,0,0,0,0,0,-4,343,340,0,0,1
lqr_sysid_csv,4566,340,settle,0,0,10,0,0,0,0,0,-4,343,340,0,0,1
lqr_sysid_csv,4576,340,settle,0,0,10,0,0,0,0,0,-4,343,340,0,0,1
lqr_sysid_csv,4586,340,settle,0,0,10,0,0,0,0,0,-4,343,340,0,0,1
lqr_sysid_csv,4596,340,settle,0,0,10,0,0,0,0,0,-4,343,340,0,0,1
lqr_sysid_csv,4606,340,settle,0,0,10,0,0,0,0,0,-4,343,340,0,0,1
lqr_sysid_csv,4616,340,settle,0,0,10,0,0,0,0,0,-4,343,340,0,0,1
lqr_sysid_csv,4626,340,settle,0,0,10,0,0,0,0,0,-4,343,340,0,0,1
lqr_sysid_csv,4636,340,settle,0,0,10,0,0,0,0,0,-4,343,340,0,0,1
lqr_sysid_csv,4646,340,settle,0,0,10,0,0,0,0,0,-5,343,340,0,0,1
lqr_sysid_csv,4656,340,settle,0,0,10,0,0,0,0,0,-5,343,340,0,0,1
lqr_sysid_csv,4666,340,settle,0,0,10,0,0,0,0,0,-5,343,340,0,0,1
lqr_sysid_csv,4676,340,settle,0,0,10,0,0,0,0,0,-5,343,340,0,0,1
lqr_sysid_csv,4686,340,settle,0,0,10,0,0,0,0,0,-5,343,340,0,0,1
lqr_sysid_csv,4696,340,settle,0,0,10,0,0,0,0,0,-5,343,340,0,0,1
lqr_sysid_csv,4706,340,settle,0,0,10,0,0,0,0,0,-5,343,340,0,0,1
lqr_sysid_csv,4716,340,settle,0,0,10,0,0,0,0,0,-5,343,340,0,0,1
lqr_sysid_csv,4726,340,settle,0,0,10,0,0,0,0,0,-5,343,340,0,0,1
lqr_sysid_csv,4736,340,settle,0,0,10,0,0,0,0,0,-5,343,340,0,0,1
lqr_sysid_csv,4746,340,settle,0,0,10,0,0,0,0,0,-5,343,340,0,0,1
lqr_sysid_csv,4756,340,settle,0,0,10,0,0,0,0,0,-5,343,340,0,0,1
lqr_sysid_csv,4766,340,settle,0,0,10,0,0,0,0,0,-5,343,340,0,0,1
lqr_sysid_csv,4776,340,settle,0,0,10,0,0,0,0,0,-5,343,340,0,0,1
lqr_sysid_csv,4786,340,settle,0,0,10,0,0,0,0,0,-5,343,340,0,0,1
lqr_sysid_csv,4796,340,settle,0,0,10,0,0,0,0,0,-5,343,340,0,0,1
lqr_sysid_csv,4806,340,settle,0,0,10,0,0,0,0,0,-5,343,340,0,0,1
lqr_sysid_csv,4816,340,settle,0,0,10,0,0,0,0,0,-5,343,340,0,0,1
lqr_sysid_csv,4826,340,settle,0,0,10,0,0,0,0,0,-5,343,340,0,0,1
lqr_sysid_csv,4836,340,settle,0,0,10,0,0,0,0,0,-5,343,340,0,0,1
lqr_sysid_csv,4846,340,settle,0,0,10,0,0,0,0,0,-5,343,340,0,0,1
lqr_sysid_csv,4856,340,settle,0,0,10,0,0,0,0,0,-5,343,340,0,0,1
lqr_sysid_csv,4866,340,settle,0,0,10,0,0,0,0,0,-5,343,340,0,0,1
lqr_sysid_csv,4876,340,settle,0,0,10,0,0,0,0,0,-5,343,340,0,0,1
lqr_sysid_csv,4886,340,settle,0,0,10,0,0,0,0,0,-5,343,340,0,0,1
lqr_sysid_csv,4896,340,settle,0,0,10,0,0,0,0,0,-5,343,340,0,0,1
lqr_sysid_csv,4906,340,settle,0,0,10,0,0,0,0,0,-5,343,340,0,0,1
lqr_sysid_csv,4916,340,settle,0,0,10,0,0,0,0,0,-5,343,340,0,0,1
lqr_sysid_csv,4926,340,settle,0,0,10,0,0,0,0,0,-5,343,340,0,0,1
lqr_sysid_csv,4936,340,settle,0,0,10,0,0,0,0,0,-5,343,340,0,0,1
lqr_sysid_csv,4946,340,settle,0,0,10,0,0,0,0,0,-5,343,340,0,0,1
lqr_sysid_csv,4956,340,settle,0,0,10,0,0,0,0,0,-5,343,340,0,0,1
lqr_sysid_csv,4966,340,settle,0,0,10,0,0,0,0,0,-5,343,340,0,0,1
lqr_sysid_csv,4976,340,settle,0,0,10,0,0,0,0,0,-5,343,340,0,0,1
lqr_sysid_csv,4986,340,settle,0,0,10,0,0,0,0,0,-5,343,340,0,0,1
lqr_sysid_csv,4996,340,settle,0,0,10,0,0,0,0,0,-5,343,340,0,0,1
lqr_sysid_csv,5006,340,settle,0,0,10,0,0,0,0,0,-5,343,340,0,0,1
lqr_sysid_csv,5016,340,settle,0,0,10,0,0,0,0,0,-5,343,340,0,0,1
lqr_sysid_csv,5026,340,settle,0,0,10,0,0,0,0,0,-5,343,340,0,0,1
lqr_sysid_csv,5036,340,settle,0,0,10,0,0,0,0,0,-5,343,340,0,0,1
lqr_sysid_csv,5046,340,settle,0,0,10,0,0,0,0,0,-5,343,340,0,0,1
lqr_sysid_csv,5056,340,settle,0,0,10,0,0,0,0,0,-5,343,340,0,0,1
lqr_sysid_csv,5066,340,settle,0,0,10,0,0,0,0,0,-5,343,340,0,0,1
lqr_sysid_csv,5076,340,settle,0,0,10,0,0,0,0,0,-5,343,340,0,0,1
lqr_sysid_csv,5086,340,settle,0,0,10,0,0,0,0,0,-5,343,340,0,0,1
lqr_sysid_csv,5096,340,settle,0,0,10,0,0,0,0,0,-5,343,340,0,0,1
lqr_sysid_csv,5106,340,settle,0,0,10,0,0,0,0,0,-5,343,340,0,0,1
lqr_sysid_csv,5116,340,settle,0,0,10,0,0,0,0,0,-5,343,340,0,0,1
lqr_sysid_csv,5126,340,settle,0,0,10,0,0,0,0,0,-5,343,340,0,0,1
lqr_sysid_csv,5136,340,settle,0,0,10,0,0,0,0,0,-5,343,340,0,0,1
lqr_sysid_csv,5146,340,settle,0,0,10,0,0,0,0,0,-5,343,340,0,0,1
lqr_sysid_csv,5156,340,settle,0,0,10,0,0,0,0,0,-5,343,340,0,0,1
lqr_sysid_csv,5166,340,settle,0,0,10,0,0,0,0,0,-5,343,340,0,0,1
lqr_sysid_csv,5176,340,settle,0,0,10,0,0,0,0,0,-5,343,340,0,0,1
lqr_sysid_csv,5186,340,settle,0,0,10,0,0,0,0,0,-5,343,340,0,0,1
lqr_sysid_csv,5196,340,settle,0,0,10,0,0,0,0,0,-5,343,340,0,0,1
lqr_sysid_csv,5206,340,settle,0,0,10,0,0,0,0,0,-5,343,340,0,0,1
lqr_sysid_csv,5216,340,settle,0,0,10,0,0,0,0,0,-5,343,340,0,0,1
lqr_sysid_csv,5226,340,settle,0,0,10,0,0,0,0,0,-5,343,340,0,0,1
lqr_sysid_csv,5236,340,settle,0,0,10,0,0,0,0,0,-5,343,340,0,0,1
lqr_sysid_csv,5246,340,settle,0,0,10,0,0,0,0,0,-5,343,340,0,0,1
lqr_sysid_csv,5256,340,settle,0,0,10,0,0,0,0,0,-5,343,340,0,0,1
lqr_sysid_csv,5266,340,settle,0,0,10,0,0,0,0,0,-5,343,340,0,0,1
lqr_sysid_csv,5276,340,settle,0,0,10,0,0,0,0,0,-5,343,340,0,0,1
lqr_sysid_csv,5286,340,settle,0,0,10,0,0,0,0,0,-5,343,340,0,0,1
lqr_sysid_csv,5296,340,settle,0,0,10,0,0,0,0,0,-5,343,340,0,0,1
lqr_sysid_csv,5306,340,settle,0,0,16,0,0,0,0,0,-7,342,340,0,0,1
lqr_sysid_csv,5316,340,settle,0,0,16,0,0,0,0,0,-9,342,340,0,0,1
lqr_sysid_csv,5326,340,settle,0,0,37,0,0,0,0,0,-27,342,340,0,0,1
lqr_sysid_csv,5336,340,settle,0,0,37,0,0,0,0,0,-32,342,340,0,0,1
lqr_sysid_csv,5347,340,settle,0,0,5,0,0,0,0,0,-14,342,340,0,0,1
lqr_sysid_csv,5356,340,settle,0,0,5,0,0,0,0,0,-7,342,340,0,0,1
lqr_sysid_csv,5366,340,settle,0,0,11,0,0,0,0,0,-9,342,340,0,0,1
lqr_sysid_csv,5376,340,settle,0,0,11,0,0,0,0,0,-9,342,340,0,0,1
lqr_sysid_csv,5386,340,settle,0,0,28,0,0,0,0,0,-22,343,340,0,0,1
lqr_sysid_csv,5396,340,settle,0,0,11,0,0,0,0,0,-10,343,340,0,0,1
lqr_sysid_csv,5406,340,settle,0,0,-10,0,0,0,0,0,-4,343,340,0,0,1
lqr_sysid_csv,5416,340,settle,0,0,-10,0,0,0,0,0,8,343,340,0,0,1
lqr_sysid_csv,5426,340,settle,0,0,10,0,0,0,0,0,-2,343,340,0,0,1
lqr_sysid_csv,5436,340,settle,0,0,4,0,0,0,0,0,3,343,340,0,0,1
lqr_sysid_csv,5446,340,settle,0,0,37,0,0,0,0,0,-11,342,340,0,0,1
lqr_sysid_csv,5456,340,settle,0,0,37,0,0,0,0,0,-28,342,340,0,0,1
lqr_sysid_csv,5466,340,settle,0,0,37,0,0,0,0,0,-33,342,340,0,0,1
lqr_sysid_csv,5476,340,settle,0,0,54,0,0,0,0,0,-37,342,340,0,0,1
lqr_sysid_csv,5486,340,settle,0,0,16,0,0,0,0,0,-24,342,340,0,0,1
lqr_sysid_csv,5496,340,settle,0,0,39,0,0,0,0,0,-35,342,340,0,0,1
lqr_sysid_csv,5506,340,settle,0,0,39,0,0,0,0,0,-36,342,340,0,0,1
lqr_sysid_csv,5516,340,settle,0,0,39,0,0,0,0,0,-37,342,340,0,0,1
lqr_sysid_csv,5526,340,settle,0,0,22,0,0,0,0,0,-30,343,340,0,0,1
lqr_sysid_csv,5536,340,settle,0,0,22,0,0,0,0,0,-26,343,340,0,0,1
lqr_sysid_csv,5546,340,settle,0,0,22,0,0,0,0,0,-25,343,340,0,0,1
lqr_sysid_csv,5556,340,settle,0,0,16,0,0,0,0,0,-26,343,340,0,0,1
lqr_sysid_csv,5566,340,settle,0,0,16,0,0,0,0,0,-23,343,340,0,0,1
lqr_sysid_csv,5576,340,settle,0,0,16,0,0,0,0,0,-24,343,340,0,0,1
lqr_sysid_csv,5586,340,settle,0,0,-11,0,0,0,0,0,-3,343,340,0,0,1
lqr_sysid_csv,5596,340,settle,0,0,-6,0,0,0,0,0,3,342,340,0,0,1
lqr_sysid_csv,5606,340,settle,0,0,-16,0,0,0,0,0,9,342,340,0,0,1
lqr_sysid_csv,5616,340,settle,0,0,-16,0,0,0,0,0,14,342,340,0,0,1
lqr_sysid_csv,5626,340,settle,0,0,-11,0,0,0,0,0,12,342,340,0,0,1
lqr_sysid_csv,5636,340,settle,0,0,16,0,0,0,0,0,-5,342,340,0,0,1
lqr_sysid_csv,5646,340,settle,0,0,11,0,0,0,0,0,-6,342,340,0,0,1
lqr_sysid_csv,5656,340,settle,0,0,39,0,0,0,0,0,-27,342,340,0,0,1
lqr_sysid_csv,5666,340,settle,0,0,39,0,0,0,0,0,-35,342,340,0,0,1
lqr_sysid_csv,5676,340,settle,0,0,33,0,0,0,0,0,-38,343,340,0,0,1
lqr_sysid_csv,5686,340,settle,0,0,33,0,0,0,0,0,-38,343,340,0,0,1
lqr_sysid_csv,5696,340,settle,0,0,10,0,0,0,0,0,-26,343,340,0,0,1
lqr_sysid_csv,5706,340,settle,0,0,0,0,0,0,0,0,-19,343,340,0,0,1
lqr_sysid_csv,5716,340,settle,0,0,4,0,0,0,0,0,-20,343,340,0,0,1
lqr_sysid_csv,5726,340,settle,0,0,-11,0,0,0,0,0,0,343,340,0,0,1
lqr_sysid_csv,5736,340,settle,0,0,-17,0,0,0,0,0,6,342,340,0,0,1
lqr_sysid_csv,5746,340,settle,0,0,-17,0,0,0,0,0,10,342,340,0,0,1
lqr_sysid_csv,5756,340,settle,0,0,-17,0,0,0,0,0,11,342,340,0,0,1
lqr_sysid_csv,5766,340,settle,0,0,-11,0,0,0,0,0,13,342,340,0,0,1
lqr_sysid_csv,5776,340,settle,0,0,-11,0,0,0,0,0,12,342,340,0,0,1
lqr_sysid_csv,5786,340,settle,0,0,44,0,0,0,0,0,-26,342,340,0,0,1
lqr_sysid_csv,5796,340,settle,0,0,39,0,0,0,0,0,-34,342,340,0,0,1
lqr_sysid_csv,5806,340,settle,0,0,39,0,0,0,0,0,-45,343,340,0,0,1
lqr_sysid_csv,5816,340,settle,0,0,44,0,0,0,0,0,-47,343,340,0,0,1
lqr_sysid_csv,5826,340,settle,0,0,16,0,0,0,0,0,-33,343,340,0,0,1
lqr_sysid_csv,5836,340,settle,0,0,16,0,0,0,0,0,-28,343,340,0,0,1
lqr_sysid_csv,5846,340,settle,0,0,0,0,0,0,0,0,-11,343,340,0,0,1
lqr_sysid_csv,5856,340,settle,0,0,-11,0,0,0,0,0,-2,343,340,0,0,1
lqr_sysid_csv,5866,340,settle,0,0,-22,0,0,0,0,0,11,342,340,0,0,1
lqr_sysid_csv,5876,340,settle,0,0,-22,0,0,0,0,0,18,342,340,0,0,1
lqr_sysid_csv,5886,340,settle,0,0,-5,0,0,0,0,0,20,342,340,0,0,1
lqr_sysid_csv,5896,340,settle,0,0,-5,0,0,0,0,0,12,342,340,0,0,1
lqr_sysid_csv,5906,340,settle,0,0,33,0,0,0,0,0,0,342,340,0,0,1
lqr_sysid_csv,5916,340,settle,0,0,39,0,0,0,0,0,-21,342,340,0,0,1
lqr_sysid_csv,5926,340,settle,0,0,39,0,0,0,0,0,-33,342,340,0,0,1
lqr_sysid_csv,5936,340,settle,0,0,44,0,0,0,0,0,-40,342,340,0,0,1
lqr_sysid_csv,5946,340,settle,0,0,33,0,0,0,0,0,-39,343,340,0,0,1
lqr_sysid_csv,5956,340,settle,0,0,16,0,0,0,0,0,-38,343,340,0,0,1
lqr_sysid_csv,5966,340,settle,0,0,16,0,0,0,0,0,-28,343,340,0,0,1
lqr_sysid_csv,5976,340,settle,0,0,-11,0,0,0,0,0,-20,343,340,0,0,1
lqr_sysid_csv,5986,340,settle,0,0,0,0,0,0,0,0,-12,343,340,0,0,1
lqr_sysid_csv,6002,340,settle,0,0,-17,0,0,0,0,0,9,342,340,0,0,1
lqr_sysid_csv,6012,340,settle,0,0,-11,0,0,0,0,0,15,342,340,0,0,1
lqr_sysid_csv,6022,340,settle,0,0,-11,0,0,0,0,0,13,342,340,0,0,1
lqr_sysid_csv,6032,340,settle,0,0,-17,0,0,0,0,0,16,342,340,0,0,1
lqr_sysid_csv,6042,340,settle,0,0,33,0,0,0,0,0,-16,342,340,0,0,1
lqr_sysid_csv,6052,340,settle,0,0,33,0,0,0,0,0,-25,342,340,0,0,1
lqr_sysid_csv,6062,340,settle,0,0,33,0,0,0,0,0,-28,342,340,0,0,1
lqr_sysid_csv,6072,340,settle,0,0,50,0,0,0,0,0,-49,343,340,0,0,1
lqr_sysid_csv,6082,340,settle,0,0,38,0,0,0,0,0,-41,343,340,0,0,1
lqr_sysid_csv,6092,340,settle,0,0,21,0,0,0,0,0,-33,343,340,0,0,1
lqr_sysid_csv,6102,340,settle,0,0,-6,0,0,0,0,0,-15,343,340,0,0,1
lqr_sysid_csv,6118,340,settle,0,0,-17,0,0,0,0,0,8,343,340,0,0,1
lqr_sysid_csv,6128,340,settle,0,0,-17,0,0,0,0,0,11,343,340,0,0,1
lqr_sysid_csv,6138,340,settle,0,0,-11,0,0,0,0,0,13,342,340,0,0,1
lqr_sysid_csv,6148,340,settle,0,0,-11,0,0,0,0,0,12,342,340,0,0,1
lqr_sysid_csv,6158,340,settle,0,0,-17,0,0,0,0,0,15,342,340,0,0,1
lqr_sysid_csv,6168,340,settle,0,0,16,0,0,0,0,0,14,342,340,0,0,1
lqr_sysid_csv,6178,340,settle,0,0,16,0,0,0,0,0,-2,342,340,0,0,1
lqr_sysid_csv,6188,340,settle,0,0,16,0,0,0,0,0,-7,342,340,0,0,1
lqr_sysid_csv,6198,340,settle,0,0,44,0,0,0,0,0,-21,342,340,0,0,1
lqr_sysid_csv,6208,340,settle,0,0,44,0,0,0,0,0,-37,342,340,0,0,1
lqr_sysid_csv,6218,340,settle,0,0,38,0,0,0,0,0,-39,343,340,0,0,1
lqr_sysid_csv,6228,340,settle,0,0,38,0,0,0,0,0,-41,343,340,0,0,1
lqr_sysid_csv,6238,340,settle,0,0,33,0,0,0,0,0,-44,343,340,0,0,1
lqr_sysid_csv,6248,340,settle,0,0,4,0,0,0,0,0,-36,343,340,0,0,1
lqr_sysid_csv,6258,340,settle,0,0,4,0,0,0,0,0,-19,343,340,0,0,1
lqr_sysid_csv,6268,340,settle,0,0,-22,0,0,0,0,0,0,342,340,0,0,1
lqr_sysid_csv,6278,340,settle,0,0,-22,0,0,0,0,0,13,342,340,0,0,1
lqr_sysid_csv,6288,340,settle,0,0,-17,0,0,0,0,0,17,342,340,0,0,1
lqr_sysid_csv,6298,340,settle,0,0,0,0,0,0,0,0,8,342,340,0,0,1
lqr_sysid_csv,6308,340,settle,0,0,-5,0,0,0,0,0,9,342,340,0,0,1
lqr_sysid_csv,6318,340,settle,0,0,33,0,0,0,0,0,-6,342,340,0,0,1
lqr_sysid_csv,6328,340,settle,0,0,39,0,0,0,0,0,-27,342,340,0,0,1
lqr_sysid_csv,6338,340,settle,0,0,39,0,0,0,0,0,-33,342,340,0,0,1
lqr_sysid_csv,6348,340,settle,0,0,33,0,0,0,0,0,-37,343,340,0,0,1
lqr_sysid_csv,6358,340,settle,0,0,16,0,0,0,0,0,-37,343,340,0,0,1
lqr_sysid_csv,6368,340,settle,0,0,16,0,0,0,0,0,-28,343,340,0,0,1
lqr_sysid_csv,6378,340,settle,0,0,15,0,0,0,0,0,-18,343,340,0,0,1
lqr_sysid_csv,6388,340,settle,0,0,0,0,0,0,0,0,-10,343,340,0,0,1
lqr_sysid_csv,6399,340,settle,0,0,-17,0,0,0,0,0,8,342,340,0,0,1
lqr_sysid_csv,6408,340,settle,0,0,-17,0,0,0,0,0,13,342,340,0,0,1
lqr_sysid_csv,6418,340,settle,0,0,-17,0,0,0,0,0,14,342,340,0,0,1
lqr_sysid_csv,6428,340,settle,0,0,-17,0,0,0,0,0,15,342,340,0,0,1
lqr_sysid_csv,6438,340,settle,0,0,10,0,0,0,0,0,3,342,340,0,0,1
lqr_sysid_csv,6448,340,settle,0,0,22,0,0,0,0,0,0,342,340,0,0,1
lqr_sysid_csv,6458,340,settle,0,0,22,0,0,0,0,0,-9,342,340,0,0,1
lqr_sysid_csv,6468,340,settle,0,0,39,0,0,0,0,0,-17,343,340,0,0,1
lqr_sysid_csv,6478,340,settle,0,0,39,0,0,0,0,0,-28,343,340,0,0,1
lqr_sysid_csv,6488,340,settle,0,0,39,0,0,0,0,0,-31,343,340,0,0,1
lqr_sysid_csv,6498,340,settle,0,0,10,0,0,0,0,0,-15,343,340,0,0,1
lqr_sysid_csv,6508,340,settle,0,0,10,0,0,0,0,0,-9,343,340,0,0,1
lqr_sysid_csv,6518,340,settle,0,0,27,0,0,0,0,0,-21,343,340,0,0,1
lqr_sysid_csv,6528,340,settle,0,0,10,0,0,0,0,0,-8,342,340,0,0,1
lqr_sysid_csv,6538,340,settle,0,0,-11,0,0,0,0,0,3,342,340,0,0,1
lqr_sysid_csv,6548,340,settle,0,0,0,0,0,0,0,0,4,342,340,0,0,1
lqr_sysid_csv,6558,340,settle,0,0,27,0,0,0,0,0,-1,342,340,0,0,1
lqr_sysid_csv,6568,340,settle,0,0,17,0,0,0,0,0,-12,342,340,0,0,1
lqr_sysid_csv,6578,340,settle,0,0,33,0,0,0,0,0,-26,342,340,0,0,1
lqr_sysid_csv,6588,340,settle,0,0,39,0,0,0,0,0,-33,342,340,0,0,1
lqr_sysid_csv,6598,340,settle,0,0,22,0,0,0,0,0,-29,343,340,0,0,1
lqr_sysid_csv,6608,340,settle,0,0,27,0,0,0,0,0,-30,343,340,0,0,1
lqr_sysid_csv,6618,340,settle,0,0,27,0,0,0,0,0,-35,343,340,0,0,1
lqr_sysid_csv,6628,340,settle,0,0,0,0,0,0,0,0,-32,343,340,0,0,1
lqr_sysid_csv,6638,340,settle,0,0,-11,0,0,0,0,0,-13,343,340,0,0,1
lqr_sysid_csv,6648,340,settle,0,0,-22,0,0,0,0,0,7,343,340,0,0,1
lqr_sysid_csv,6658,340,settle,0,0,-17,0,0,0,0,0,18,342,340,0,0,1
lqr_sysid_csv,6668,340,settle,0,0,-17,0,0,0,0,0,17,342,340,0,0,1
lqr_sysid_csv,6678,340,settle,0,0,-22,0,0,0,0,0,21,342,340,0,0,1
lqr_sysid_csv,6688,340,settle,0,0,0,0,0,0,0,0,12,342,340,0,0,1
lqr_sysid_csv,6698,340,settle,0,0,5,0,0,0,0,0,3,342,340,0,0,1
lqr_sysid_csv,6708,340,settle,0,0,50,0,0,0,0,0,-27,342,340,0,0,1
lqr_sysid_csv,6718,340,settle,0,0,50,0,0,0,0,0,-42,342,340,0,0,1
lqr_sysid_csv,6728,340,settle,0,0,50,0,0,0,0,0,-47,342,340,0,0,1
lqr_sysid_csv,6738,340,settle,0,0,55,0,0,0,0,0,-53,342,340,0,0,1
lqr_sysid_csv,6748,340,settle,0,0,55,0,0,0,0,0,-54,342,340,0,0,1
lqr_sysid_csv,6758,340,settle,0,0,16,0,0,0,0,0,-37,343,340,0,0,1
lqr_sysid_csv,6768,340,settle,0,0,16,0,0,0,0,0,-29,343,340,0,0,1
lqr_sysid_csv,6778,340,settle,0,0,10,0,0,0,0,0,-24,343,340,0,0,1
lqr_sysid_csv,6788,340,settle,0,0,-17,0,0,0,0,0,-13,343,340,0,0,1
lqr_sysid_csv,6798,340,settle,0,0,15,0,0,0,0,0,-16,343,340,0,0,1
lqr_sysid_csv,6808,340,settle,0,0,-17,0,0,0,0,0,-6,342,340,0,0,1
lqr_sysid_csv,6818,340,settle,0,0,-17,0,0,0,0,0,6,342,340,0,0,1
lqr_sysid_csv,6828,340,settle,0,0,-17,0,0,0,0,0,11,342,340,0,0,1
lqr_sysid_csv,6839,340,settle,0,0,-22,0,0,0,0,0,22,342,340,0,0,1
lqr_sysid_csv,6848,340,settle,0,0,-22,0,0,0,0,0,24,342,340,0,0,1
lqr_sysid_csv,6858,340,settle,0,0,-22,0,0,0,0,0,24,342,340,0,0,1
lqr_sysid_csv,6868,340,settle,0,0,-22,0,0,0,0,0,24,342,340,0,0,1
lqr_sysid_csv,6878,340,settle,0,0,22,0,0,0,0,0,-5,342,340,0,0,1
lqr_sysid_csv,6888,340,settle,0,0,28,0,0,0,0,0,-15,342,340,0,0,1
lqr_sysid_csv,6898,340,settle,0,0,33,0,0,0,0,0,-27,342,340,0,0,1
lqr_sysid_csv,6908,340,settle,0,0,22,0,0,0,0,0,-32,343,340,0,0,1
lqr_sysid_csv,6918,340,settle,0,0,22,0,0,0,0,0,-28,343,340,0,0,1
lqr_sysid_csv,6928,340,settle,0,0,22,0,0,0,0,0,-26,343,340,0,0,1
lqr_sysid_csv,6938,340,settle,0,0,22,0,0,0,0,0,-26,343,340,0,0,1
lqr_sysid_csv,6948,340,settle,0,0,22,0,0,0,0,0,-25,343,340,0,0,1
lqr_sysid_csv,6958,340,settle,0,0,22,0,0,0,0,0,-25,343,340,0,0,1
lqr_sysid_csv,6968,340,settle,0,0,10,0,0,0,0,0,-22,343,340,0,0,1
lqr_sysid_csv,6978,340,settle,0,0,-5,0,0,0,0,0,-7,343,340,0,0,1
lqr_sysid_csv,6988,340,settle,0,0,-22,0,0,0,0,0,10,342,340,0,0,1
lqr_sysid_csv,6998,340,settle,0,0,-22,0,0,0,0,0,15,342,340,0,0,1
lqr_sysid_csv,7008,340,settle,0,0,-22,0,0,0,0,0,25,342,340,0,0,1
lqr_sysid_csv,7018,340,settle,0,0,-22,0,0,0,0,0,25,342,340,0,0,1
lqr_sysid_csv,7028,340,settle,0,0,-28,0,0,0,0,0,31,342,340,0,0,1
lqr_sysid_csv,7038,340,settle,0,0,39,0,0,0,0,0,15,342,340,0,0,1
lqr_sysid_csv,7048,340,settle,0,0,44,0,0,0,0,0,-24,342,340,0,0,1
lqr_sysid_csv,7058,340,settle,0,0,44,0,0,0,0,0,-37,342,340,0,0,1
lqr_sysid_csv,7068,340,settle,0,0,44,0,0,0,0,0,-49,343,340,0,0,1
lqr_sysid_csv,7078,340,settle,0,0,44,0,0,0,0,0,-50,343,340,0,0,1
lqr_sysid_csv,7088,340,settle,0,0,10,0,0,0,0,0,-30,343,340,0,0,1
lqr_sysid_csv,7098,340,settle,0,0,21,0,0,0,0,0,-20,343,340,0,0,1
lqr_sysid_csv,7108,340,settle,0,0,-17,0,0,0,0,0,-7,343,340,0,0,1
lqr_sysid_csv,7118,340,settle,0,0,-22,0,0,0,0,0,10,343,340,0,0,1
lqr_sysid_csv,7128,340,settle,0,0,-28,0,0,0,0,0,19,343,340,0,0,1
lqr_sysid_csv,7138,340,settle,0,0,-28,0,0,0,0,0,22,343,340,0,0,1
lqr_sysid_csv,7148,340,settle,0,0,10,0,0,0,0,0,25,342,340,0,0,1
lqr_sysid_csv,7158,340,settle,0,0,10,0,0,0,0,0,4,342,340,0,0,1
lqr_sysid_csv,7168,340,settle,0,0,10,0,0,0,0,0,-1,342,340,0,0,1
lqr_sysid_csv,7178,340,settle,0,0,22,0,0,0,0,0,-8,342,340,0,0,1
lqr_sysid_csv,7188,340,settle,0,0,17,0,0,0,0,0,-8,342,340,0,0,1
lqr_sysid_csv,7198,340,settle,0,0,17,0,0,0,0,0,-12,342,340,0,0,1
lqr_sysid_csv,7208,340,settle,0,0,33,0,0,0,0,0,-16,342,340,0,0,1
lqr_sysid_csv,7218,340,settle,0,0,27,0,0,0,0,0,-29,342,340,0,0,1
lqr_sysid_csv,7228,340,settle,0,0,27,0,0,0,0,0,-29,342,340,0,0,1
lqr_sysid_csv,7238,340,settle,0,0,22,0,0,0,0,0,-27,343,340,0,0,1
lqr_sysid_csv,7248,340,settle,0,0,22,0,0,0,0,0,-26,343,340,0,0,1
lqr_sysid_csv,7258,340,settle,0,0,22,0,0,0,0,0,-26,343,340,0,0,1
lqr_sysid_csv,7268,340,settle,0,0,10,0,0,0,0,0,-20,343,340,0,0,1
lqr_sysid_csv,7278,340,settle,0,0,10,0,0,0,0,0,-17,343,340,0,0,1
lqr_sysid_csv,7288,340,settle,0,0,-11,0,0,0,0,0,-6,342,340,0,0,1
lqr_sysid_csv,7298,340,settle,0,0,-11,0,0,0,0,0,4,342,340,0,0,1
lqr_sysid_csv,7308,340,settle,0,0,-11,0,0,0,0,0,8,342,340,0,0,1
lqr_sysid_csv,7318,340,settle,0,0,-11,0,0,0,0,0,15,342,340,0,0,1
lqr_sysid_csv,7329,340,settle,0,0,-11,0,0,0,0,0,16,342,340,0,0,1
lqr_sysid_csv,7338,340,settle,0,0,33,0,0,0,0,0,-14,342,340,0,0,1
lqr_sysid_csv,7348,340,settle,0,0,33,0,0,0,0,0,-24,342,340,0,0,1
lqr_sysid_csv,7358,340,settle,0,0,33,0,0,0,0,0,-27,342,340,0,0,1
lqr_sysid_csv,7368,340,settle,0,0,33,0,0,0,0,0,-27,342,340,0,0,1
lqr_sysid_csv,7378,340,settle,0,0,33,0,0,0,0,0,-37,343,340,0,0,1
lqr_sysid_csv,7388,340,settle,0,0,22,0,0,0,0,0,-32,343,340,0,0,1
lqr_sysid_csv,7398,340,settle,0,0,21,0,0,0,0,0,-34,343,340,0,0,1
lqr_sysid_csv,7408,340,settle,0,0,10,0,0,0,0,0,-27,343,340,0,0,1
lqr_sysid_csv,7418,340,settle,0,0,-22,0,0,0,0,0,3,343,340,0,0,1
lqr_sysid_csv,7428,340,settle,0,0,-17,0,0,0,0,0,8,343,340,0,0,1
lqr_sysid_csv,7438,340,settle,0,0,-6,0,0,0,0,0,8,342,340,0,0,1
lqr_sysid_csv,7448,340,settle,0,0,-11,0,0,0,0,0,15,342,340,0,0,1
lqr_sysid_csv,7458,340,settle,0,0,-16,0,0,0,0,0,18,342,340,0,0,1
lqr_sysid_csv,7468,340,settle,0,0,22,0,0,0,0,0,-4,342,340,0,0,1
lqr_sysid_csv,7478,340,settle,0,0,17,0,0,0,0,0,-8,342,340,0,0,1
lqr_sysid_csv,7488,340,settle,0,0,28,0,0,0,0,0,-21,342,340,0,0,1
lqr_sysid_csv,7498,340,settle,0,0,28,0,0,0,0,0,-24,342,340,0,0,1
lqr_sysid_csv,7508,340,settle,0,0,28,0,0,0,0,0,-25,342,340,0,0,1
lqr_sysid_csv,7518,340,settle,0,0,44,0,0,0,0,0,-36,342,340,0,0,1
lqr_sysid_csv,7528,340,settle,0,0,22,0,0,0,0,0,-36,343,340,0,0,1
lqr_sysid_csv,7538,340,settle,0,0,16,0,0,0,0,0,-28,343,340,0,0,1
lqr_sysid_csv,7548,340,settle,0,0,16,0,0,0,0,0,-25,343,340,0,0,1
lqr_sysid_csv,7558,340,settle,0,0,0,0,0,0,0,0,-19,343,340,0,0,1
lqr_sysid_csv,7568,340,settle,0,0,21,0,0,0,0,0,-25,343,340,0,0,1
lqr_sysid_csv,7578,340,settle,0,0,-1,0,0,0,0,0,-9,343,340,0,0,1
lqr_sysid_csv,7588,340,settle,0,0,-22,0,0,0,0,0,-2,342,340,0,0,1
lqr_sysid_csv,7598,340,settle,0,0,-11,0,0,0,0,0,15,342,340,0,0,1
lqr_sysid_csv,7608,340,settle,0,0,-11,0,0,0,0,0,13,342,340,0,0,1
lqr_sysid_csv,7618,340,settle,0,0,-16,0,0,0,0,0,17,342,340,0,0,1
lqr_sysid_csv,7628,340,settle,0,0,11,0,0,0,0,0,1,342,340,0,0,1
lqr_sysid_csv,7638,340,settle,0,0,33,0,0,0,0,0,-13,342,340,0,0,1
lqr_sysid_csv,7648,340,settle,0,0,33,0,0,0,0,0,-25,342,340,0,0,1
lqr_sysid_csv,7658,340,settle,0,0,33,0,0,0,0,0,-29,342,340,0,0,1
lqr_sysid_csv,7668,340,settle,0,0,33,0,0,0,0,0,-30,342,340,0,0,1
lqr_sysid_csv,7678,340,settle,0,0,27,0,0,0,0,0,-34,343,340,0,0,1
lqr_sysid_csv,7688,340,settle,0,0,10,0,0,0,0,0,-30,343,340,0,0,1
lqr_sysid_csv,7698,340,settle,0,0,-11,0,0,0,0,0,-16,343,340,0,0,1
lqr_sysid_csv,7708,340,settle,0,0,-11,0,0,0,0,0,-1,343,340,0,0,1
lqr_sysid_csv,7718,340,settle,0,0,0,0,0,0,0,0,-4,343,340,0,0,1
lqr_sysid_csv,7728,340,settle,0,0,0,0,0,0,0,0,0,342,340,0,0,1
lqr_sysid_csv,7738,340,settle,0,0,-28,0,0,0,0,0,15,342,340,0,0,1
lqr_sysid_csv,7748,340,settle,0,0,-33,0,0,0,0,0,28,342,340,0,0,1
lqr_sysid_csv,7758,340,settle,0,0,16,0,0,0,0,0,24,342,340,0,0,1
lqr_sysid_csv,7768,340,settle,0,0,6,0,0,0,0,0,8,342,340,0,0,1
lqr_sysid_csv,7778,340,settle,0,0,33,0,0,0,0,0,-22,342,340,0,0,1
lqr_sysid_csv,7788,340,settle,0,0,33,0,0,0,0,0,-28,342,340,0,0,1
lqr_sysid_csv,7798,340,settle,0,0,33,0,0,0,0,0,-30,342,340,0,0,1
lqr_sysid_csv,7808,340,settle,0,0,27,0,0,0,0,0,-31,343,340,0,0,1
lqr_sysid_csv,7818,340,settle,0,0,33,0,0,0,0,0,-34,343,340,0,0,1
lqr_sysid_csv,7828,340,settle,0,0,21,0,0,0,0,0,-30,343,340,0,0,1
lqr_sysid_csv,7838,340,settle,0,0,-28,0,0,0,0,0,-14,343,340,0,0,1
lqr_sysid_csv,7848,340,settle,0,0,-28,0,0,0,0,0,11,343,340,0,0,1
lqr_sysid_csv,7858,340,settle,0,0,-22,0,0,0,0,0,14,342,340,0,0,1
lqr_sysid_csv,7869,340,settle,0,0,-22,0,0,0,0,0,16,342,340,0,0,1
lqr_sysid_csv,7878,340,settle,0,0,-11,0,0,0,0,0,19,342,340,0,0,1
lqr_sysid_csv,7888,340,settle,0,0,-11,0,0,0,0,0,17,342,340,0,0,1
lqr_sysid_csv,7898,340,settle,0,0,-6,0,0,0,0,0,16,342,340,0,0,1
lqr_sysid_csv,7908,340,settle,0,0,49,0,0,0,0,0,-28,342,340,0,0,1
lqr_sysid_csv,7918,340,settle,0,0,6,0,0,0,0,0,-13,342,340,0,0,1
lqr_sysid_csv,7928,340,settle,0,0,27,0,0,0,0,0,-8,343,340,0,0,1
lqr_sysid_csv,7938,340,settle,0,0,27,0,0,0,0,0,-25,343,340,0,0,1
lqr_sysid_csv,7948,340,settle,0,0,22,0,0,0,0,0,-29,343,340,0,0,1
lqr_sysid_csv,7958,340,settle,0,0,26,0,0,0,0,0,-19,343,340,0,0,1
lqr_sysid_csv,7969,340,settle,0,0,-17,0,0,0,0,0,-8,343,340,0,0,1
lqr_sysid_csv,7978,340,settle,0,0,-22,0,0,0,0,0,11,342,340,0,0,1
lqr_sysid_csv,7988,340,settle,0,0,-22,0,0,0,0,0,17,342,340,0,0,1
lqr_sysid_csv,7998,340,settle,0,0,-11,0,0,0,0,0,30,342,340,0,0,1
lqr_sysid_csv,8008,340,settle,0,0,-11,0,0,0,0,0,21,342,340,0,0,1
lqr_sysid_csv,8018,340,settle,0,0,-16,0,0,0,0,0,24,342,340,0,0,1
lqr_sysid_csv,8028,340,settle,0,0,-16,0,0,0,0,0,24,342,340,0,0,1
lqr_sysid_csv,8038,340,settle,0,0,28,0,0,0,0,0,-10,342,340,0,0,1
lqr_sysid_csv,8048,340,settle,0,0,28,0,0,0,0,0,-20,342,340,0,0,1
lqr_sysid_csv,8058,340,settle,0,0,39,0,0,0,0,0,-30,342,340,0,0,1
lqr_sysid_csv,8068,340,settle,0,0,39,0,0,0,0,0,-34,342,340,0,0,1
lqr_sysid_csv,8078,340,settle,0,0,22,0,0,0,0,0,-32,343,340,0,0,1
lqr_sysid_csv,8088,340,settle,0,0,27,0,0,0,0,0,-34,343,340,0,0,1
lqr_sysid_csv,8098,340,settle,0,0,16,0,0,0,0,0,-31,343,340,0,0,1
lqr_sysid_csv,8108,340,settle,0,0,10,0,0,0,0,0,-22,343,340,0,0,1
lqr_sysid_csv,8118,340,settle,0,0,-17,0,0,0,0,0,1,343,340,0,0,1
lqr_sysid_csv,8128,340,settle,0,0,-17,0,0,0,0,0,10,342,340,0,0,1
lqr_sysid_csv,8138,340,settle,0,0,-22,0,0,0,0,0,15,342,340,0,0,1
lqr_sysid_csv,8148,340,settle,0,0,-28,0,0,0,0,0,28,342,340,0,0,1
lqr_sysid_csv,8158,340,settle,0,0,22,0,0,0,0,0,-2,342,340,0,0,1
lqr_sysid_csv,8169,340,settle,0,0,22,0,0,0,0,0,-10,342,340,0,0,1
lqr_sysid_csv,8178,340,settle,0,0,39,0,0,0,0,0,-27,342,340,0,0,1
lqr_sysid_csv,8188,340,settle,0,0,39,0,0,0,0,0,-32,342,340,0,0,1
lqr_sysid_csv,8198,340,settle,0,0,39,0,0,0,0,0,-34,342,340,0,0,1
lqr_sysid_csv,8208,340,settle,0,0,27,0,0,0,0,0,-33,343,340,0,0,1
lqr_sysid_csv,8218,340,settle,0,0,27,0,0,0,0,0,-32,343,340,0,0,1
lqr_sysid_csv,8228,340,settle,0,0,27,0,0,0,0,0,-31,343,340,0,0,1
lqr_sysid_csv,8238,340,settle,0,0,10,0,0,0,0,0,-22,343,340,0,0,1
lqr_sysid_csv,8248,340,settle,0,0,10,0,0,0,0,0,-18,343,340,0,0,1
lqr_sysid_csv,8258,340,settle,0,0,-22,0,0,0,0,0,9,342,340,0,0,1
lqr_sysid_csv,8268,340,settle,0,0,-22,0,0,0,0,0,16,342,340,0,0,1
lqr_sysid_csv,8278,340,settle,0,0,-22,0,0,0,0,0,23,342,340,0,0,1
lqr_sysid_csv,8288,340,settle,0,0,-22,0,0,0,0,0,25,342,340,0,0,1
lqr_sysid_csv,8298,340,settle,0,0,-22,0,0,0,0,0,25,342,340,0,0,1
lqr_sysid_csv,8308,340,settle,0,0,33,0,0,0,0,0,-11,342,340,0,0,1
lqr_sysid_csv,8318,340,settle,0,0,33,0,0,0,0,0,-24,342,340,0,0,1
lqr_sysid_csv,8328,340,settle,0,0,33,0,0,0,0,0,-32,342,340,0,0,1
lqr_sysid_csv,8338,340,settle,0,0,33,0,0,0,0,0,-33,342,340,0,0,1
lqr_sysid_csv,8348,340,settle,0,0,33,0,0,0,0,0,-33,342,340,0,0,1
lqr_sysid_csv,8358,340,settle,0,0,10,0,0,0,0,0,-21,343,340,0,0,1
lqr_sysid_csv,8368,340,settle,0,0,10,0,0,0,0,0,-17,343,340,0,0,1
lqr_sysid_csv,8379,340,settle,0,0,5,0,0,0,0,0,-11,343,340,0,0,1
lqr_sysid_csv,8388,340,settle,0,0,5,0,0,0,0,0,-9,343,340,0,0,1
lqr_sysid_csv,8398,340,settle,0,0,5,0,0,0,0,0,-9,343,340,0,0,1
lqr_sysid_csv,8408,340,settle,0,0,5,0,0,0,0,0,-9,343,340,0,0,1
lqr_sysid_csv,8419,340,settle,0,0,21,0,0,0,0,0,-14,342,340,0,0,1
lqr_sysid_csv,8428,340,settle,0,0,4,0,0,0,0,0,-9,342,340,0,0,1
lqr_sysid_csv,8444,340,settle,0,0,-10,0,0,0,0,0,-6,342,340,0,0,1
lqr_sysid_csv,8454,340,settle,0,0,-10,0,0,0,0,0,3,342,340,0,0,1
lqr_sysid_csv,8464,340,settle,0,0,0,0,0,0,0,0,-1,342,340,0,0,1
lqr_sysid_csv,8474,340,settle,0,0,16,0,0,0,0,0,-16,343,340,0,0,1
lqr_sysid_csv,8484,340,settle,0,0,16,0,0,0,0,0,-18,343,340,0,0,1
lqr_sysid_csv,8494,340,settle,0,0,16,0,0,0,0,0,-18,343,340,0,0,1
lqr_sysid_csv,8504,340,settle,0,0,10,0,0,0,0,0,-18,343,340,0,0,1
lqr_sysid_csv,8514,340,settle,0,0,-22,0,0,0,0,0,-7,342,340,0,0,1
lqr_sysid_csv,8524,340,settle,0,0,15,0,0,0,0,0,-14,342,340,0,0,1
lqr_sysid_csv,8534,340,settle,0,0,31,0,0,0,0,0,-26,342,340,0,0,1
lqr_sysid_csv,8544,340,settle,0,0,-5,0,0,0,0,0,-24,342,340,0,0,1
lqr_sysid_csv,8554,340,settle,0,0,10,0,0,0,0,0,-7,342,340,0,0,1
lqr_sysid_csv,8564,340,settle,0,0,-21,0,0,0,0,0,12,342,340,0,0,1
lqr_sysid_csv,8575,340,settle,0,0,6,0,0,0,0,0,-2,342,340,0,0,1
lqr_sysid_csv,8584,340,settle,0,0,39,0,0,0,0,0,-27,342,340,0,0,1
lqr_sysid_csv,8594,340,settle,0,0,16,0,0,0,0,0,-22,343,340,0,0,1
lqr_sysid_csv,8604,340,settle,0,0,16,0,0,0,0,0,-20,343,340,0,0,1
lqr_sysid_csv,8614,340,settle,0,0,16,0,0,0,0,0,-19,343,340,0,0,1
lqr_sysid_csv,8624,340,settle,0,0,10,0,0,0,0,0,-15,343,340,0,0,1
lqr_sysid_csv,8635,340,settle,0,0,10,0,0,0,0,0,-14,343,340,0,0,1
lqr_sysid_csv,8644,340,settle,0,0,10,0,0,0,0,0,-13,343,340,0,0,1
lqr_sysid_csv,8654,340,settle,0,0,10,0,0,0,0,0,-13,343,340,0,0,1
lqr_sysid_csv,8664,340,settle,0,0,-11,0,0,0,0,0,6,342,340,0,0,1
lqr_sysid_csv,8674,340,settle,0,0,5,0,0,0,0,0,9,342,340,0,0,1
lqr_sysid_csv,8684,340,settle,0,0,5,0,0,0,0,0,3,342,340,0,0,1
lqr_sysid_csv,8694,340,settle,0,0,17,0,0,0,0,0,-11,342,340,0,0,1
lqr_sysid_csv,8704,340,settle,0,0,17,0,0,0,0,0,-13,342,340,0,0,1
lqr_sysid_csv,8714,340,settle,0,0,33,0,0,0,0,0,-23,342,340,0,0,1
lqr_sysid_csv,8724,340,settle,0,0,39,0,0,0,0,0,-36,342,340,0,0,1
lqr_sysid_csv,8734,340,settle,0,0,39,0,0,0,0,0,-38,342,340,0,0,1
lqr_sysid_csv,8744,340,settle,0,0,16,0,0,0,0,0,-27,343,340,0,0,1
lqr_sysid_csv,8754,340,settle,0,0,16,0,0,0,0,0,-22,343,340,0,0,1
lqr_sysid_csv,8764,340,settle,0,0,10,0,0,0,0,0,-17,343,340,0,0,1
lqr_sysid_csv,8774,340,settle,0,0,10,0,0,0,0,0,-15,343,340,0,0,1
lqr_sysid_csv,8784,340,settle,0,0,-11,0,0,0,0,0,3,342,340,0,0,1
lqr_sysid_csv,8794,340,settle,0,0,-11,0,0,0,0,0,6,342,340,0,0,1
lqr_sysid_csv,8804,340,settle,0,0,-11,0,0,0,0,0,8,342,340,0,0,1
lqr_sysid_csv,8814,340,settle,0,0,-5,0,0,0,0,0,10,342,340,0,0,1
lqr_sysid_csv,8824,340,settle,0,0,-5,0,0,0,0,0,11,342,340,0,0,1
lqr_sysid_csv,8834,340,settle,0,0,33,0,0,0,0,0,-16,342,340,0,0,1
lqr_sysid_csv,8844,340,settle,0,0,28,0,0,0,0,0,-21,342,340,0,0,1
lqr_sysid_csv,8854,340,settle,0,0,33,0,0,0,0,0,-31,342,340,0,0,1
lqr_sysid_csv,8864,340,settle,0,0,39,0,0,0,0,0,-37,342,340,0,0,1
lqr_sysid_csv,8874,340,settle,0,0,22,0,0,0,0,0,-30,343,340,0,0,1
lqr_sysid_csv,8884,340,settle,0,0,22,0,0,0,0,0,-27,343,340,0,0,1
lqr_sysid_csv,8894,340,settle,0,0,5,0,0,0,0,0,-23,343,340,0,0,1
lqr_sysid_csv,8904,340,settle,0,0,5,0,0,0,0,0,-14,343,340,0,0,1
lqr_sysid_csv,8914,340,settle,0,0,-17,0,0,0,0,0,0,342,340,0,0,1
lqr_sysid_csv,8924,340,settle,0,0,4,0,0,0,0,0,-4,342,340,0,0,1
lqr_sysid_csv,8941,340,settle,0,0,-17,0,0,0,0,0,13,342,340,0,0,1
lqr_sysid_csv,8950,340,settle,0,0,-17,0,0,0,0,0,17,342,340,0,0,1
lqr_sysid_csv,8960,340,settle,0,0,10,0,0,0,0,0,14,342,340,0,0,1
lqr_sysid_csv,8970,340,settle,0,0,10,0,0,0,0,0,2,342,340,0,0,1
lqr_sysid_csv,8980,340,settle,0,0,33,0,0,0,0,0,-18,342,340,0,0,1
lqr_sysid_csv,8990,340,settle,0,0,33,0,0,0,0,0,-25,342,340,0,0,1
lqr_sysid_csv,9000,340,settle,0,0,33,0,0,0,0,0,-27,342,340,0,0,1
lqr_sysid_csv,9010,340,settle,0,0,33,0,0,0,0,0,-27,342,340,0,0,1
lqr_sysid_csv,9020,340,settle,0,0,22,0,0,0,0,0,-27,343,340,0,0,1
lqr_sysid_csv,9030,340,settle,0,0,22,0,0,0,0,0,-25,343,340,0,0,1
lqr_sysid_csv,9040,340,settle,0,0,22,0,0,0,0,0,-25,343,340,0,0,1
lqr_sysid_csv,9050,340,settle,0,0,22,0,0,0,0,0,-25,343,340,0,0,1
lqr_sysid_csv,9060,340,settle,0,0,10,0,0,0,0,0,-22,343,340,0,0,1
lqr_sysid_csv,9070,340,settle,0,0,10,0,0,0,0,0,-16,343,340,0,0,1
lqr_sysid_csv,9081,340,settle,0,0,-5,0,0,0,0,0,-10,342,340,0,0,1
lqr_sysid_csv,9090,340,settle,0,0,-5,0,0,0,0,0,0,342,340,0,0,1
lqr_sysid_csv,9100,340,settle,0,0,0,0,0,0,0,0,3,342,340,0,0,1
lqr_sysid_csv,9110,340,settle,0,0,-5,0,0,0,0,0,3,342,340,0,0,1
lqr_sysid_csv,9120,340,settle,0,0,28,0,0,0,0,0,-8,342,340,0,0,1
lqr_sysid_csv,9130,340,settle,0,0,6,0,0,0,0,0,-10,342,340,0,0,1
lqr_sysid_csv,9140,340,settle,0,0,27,0,0,0,0,0,-12,342,340,0,0,1
lqr_sysid_csv,9150,340,settle,0,0,16,0,0,0,0,0,-17,343,340,0,0,1
lqr_sysid_csv,9160,340,settle,0,0,16,0,0,0,0,0,-18,343,340,0,0,1
lqr_sysid_csv,9170,340,settle,0,0,16,0,0,0,0,0,-19,343,340,0,0,1
lqr_sysid_csv,9180,340,settle,0,0,16,0,0,0,0,0,-19,343,340,0,0,1
lqr_sysid_csv,9190,340,settle,0,0,10,0,0,0,0,0,-15,343,340,0,0,1
lqr_sysid_csv,9200,340,settle,0,0,10,0,0,0,0,0,-16,342,340,0,0,1
lqr_sysid_csv,9210,340,settle,0,0,10,0,0,0,0,0,-15,342,340,0,0,1
lqr_sysid_csv,9220,340,settle,0,0,-5,0,0,0,0,0,0,342,340,0,0,1
lqr_sysid_csv,9230,340,settle,0,0,16,0,0,0,0,0,0,342,340,0,0,1
lqr_sysid_csv,9240,340,settle,0,0,12,0,0,0,0,0,1,342,340,0,0,1
lqr_sysid_csv,9250,340,settle,0,0,39,0,0,0,0,0,-12,342,340,0,0,1
lqr_sysid_csv,9260,340,settle,0,0,39,0,0,0,0,0,-30,342,340,0,0,1
lqr_sysid_csv,9270,340,settle,0,0,22,0,0,0,0,0,-27,343,340,0,0,1
lqr_sysid_csv,9280,340,settle,0,0,22,0,0,0,0,0,-25,343,340,0,0,1
lqr_sysid_csv,9290,340,settle,0,0,10,0,0,0,0,0,-17,343,340,0,0,1
lqr_sysid_csv,9300,340,settle,0,0,10,0,0,0,0,0,-14,343,340,0,0,1
lqr_sysid_csv,9310,340,settle,0,0,5,0,0,0,0,0,-11,342,340,0,0,1
lqr_sysid_csv,9320,340,settle,0,0,5,0,0,0,0,0,-8,342,340,0,0,1
lqr_sysid_csv,9330,340,settle,0,0,5,0,0,0,0,0,-10,342,340,0,0,1
lqr_sysid_csv,9340,340,settle,0,0,5,0,0,0,0,0,-7,342,340,0,0,1
lqr_sysid_csv,9350,340,settle,0,0,11,0,0,0,0,0,-3,342,340,0,0,1
lqr_sysid_csv,9360,340,settle,0,0,11,0,0,0,0,0,-7,342,340,0,0,1
lqr_sysid_csv,9370,340,settle,0,0,11,0,0,0,0,0,-9,342,340,0,0,1
lqr_sysid_csv,9380,340,settle,0,0,16,0,0,0,0,0,-16,342,340,0,0,1
lqr_sysid_csv,9390,340,settle,0,0,22,0,0,0,0,0,-21,342,340,0,0,1
lqr_sysid_csv,9400,340,settle,0,0,10,0,0,0,0,0,-21,343,340,0,0,1
lqr_sysid_csv,9410,340,settle,0,0,10,0,0,0,0,0,-16,343,340,0,0,1
lqr_sysid_csv,9420,340,settle,0,0,10,0,0,0,0,0,-14,343,340,0,0,1
lqr_sysid_csv,9430,340,settle,0,0,10,0,0,0,0,0,-13,343,340,0,0,1
lqr_sysid_csv,9440,340,settle,0,0,10,0,0,0,0,0,-13,343,340,0,0,1
lqr_sysid_csv,9450,340,settle,0,0,-6,0,0,0,0,0,-12,342,340,0,0,1
lqr_sysid_csv,9460,340,settle,0,0,-6,0,0,0,0,0,-1,342,340,0,0,1
lqr_sysid_csv,9470,340,settle,0,0,5,0,0,0,0,0,3,342,340,0,0,1
lqr_sysid_csv,9480,340,settle,0,0,0,0,0,0,0,0,0,342,340,0,0,1
lqr_sysid_csv,9490,340,settle,0,0,16,0,0,0,0,0,-10,342,340,0,0,1
lqr_sysid_csv,9500,340,settle,0,0,33,0,0,0,0,0,-22,342,340,0,0,1
lqr_sysid_csv,9510,340,settle,0,0,33,0,0,0,0,0,-30,342,340,0,0,1
lqr_sysid_csv,9520,340,settle,0,0,22,0,0,0,0,0,-26,342,340,0,0,1
lqr_sysid_csv,9530,340,settle,0,0,22,0,0,0,0,0,-24,342,340,0,0,1
lqr_sysid_csv,9540,340,settle,0,0,10,0,0,0,0,0,-17,343,340,0,0,1
lqr_sysid_csv,9550,340,settle,0,0,10,0,0,0,0,0,-14,343,340,0,0,1
lqr_sysid_csv,9560,340,settle,0,0,10,0,0,0,0,0,-14,343,340,0,0,1
lqr_sysid_csv,9570,340,settle,0,0,10,0,0,0,0,0,-13,343,340,0,0,1
lqr_sysid_csv,9580,340,settle,0,0,10,0,0,0,0,0,-13,343,340,0,0,1
lqr_sysid_csv,9590,340,settle,0,0,-5,0,0,0,0,0,-9,342,340,0,0,1
lqr_sysid_csv,9600,340,settle,0,0,0,0,0,0,0,0,-3,342,340,0,0,1
lqr_sysid_csv,9610,340,settle,0,0,5,0,0,0,0,0,-2,342,340,0,0,1
lqr_sysid_csv,9620,340,settle,0,0,0,0,0,0,0,0,10,342,340,0,0,1
lqr_sysid_csv,9631,340,settle,0,0,0,0,0,0,0,0,3,342,340,0,0,1
lqr_sysid_csv,9640,340,settle,0,0,22,0,0,0,0,0,-11,342,340,0,0,1
lqr_sysid_csv,9650,340,settle,0,0,27,0,0,0,0,0,-24,342,340,0,0,1
lqr_sysid_csv,9660,340,settle,0,0,27,0,0,0,0,0,-27,342,340,0,0,1
lqr_sysid_csv,9670,340,settle,0,0,16,0,0,0,0,0,-22,343,340,0,0,1
lqr_sysid_csv,9680,340,settle,0,0,10,0,0,0,0,0,-16,343,340,0,0,1
lqr_sysid_csv,9690,340,settle,0,0,16,0,0,0,0,0,-18,343,340,0,0,1
lqr_sysid_csv,9700,340,settle,0,0,10,0,0,0,0,0,-14,342,340,0,0,1
lqr_sysid_csv,9710,340,settle,0,0,10,0,0,0,0,0,-12,342,340,0,0,1
lqr_sysid_csv,9720,340,settle,0,0,5,0,0,0,0,0,-9,342,340,0,0,1
lqr_sysid_csv,9730,340,settle,0,0,-11,0,0,0,0,0,8,342,340,0,0,1
lqr_sysid_csv,9740,340,settle,0,0,-16,0,0,0,0,0,16,342,340,0,0,1
lqr_sysid_csv,9750,340,settle,0,0,16,0,0,0,0,0,12,342,340,0,0,1
lqr_sysid_csv,9760,340,settle,0,0,16,0,0,0,0,0,-5,342,340,0,0,1
lqr_sysid_csv,9770,340,settle,0,0,22,0,0,0,0,0,-14,342,340,0,0,1
lqr_sysid_csv,9780,340,settle,0,0,33,0,0,0,0,0,-27,342,340,0,0,1
lqr_sysid_csv,9790,340,settle,0,0,33,0,0,0,0,0,-31,342,340,0,0,1
lqr_sysid_csv,9800,340,settle,0,0,33,0,0,0,0,0,-32,342,340,0,0,1
lqr_sysid_csv,9810,340,settle,0,0,10,0,0,0,0,0,-20,343,340,0,0,1
lqr_sysid_csv,9820,340,settle,0,0,10,0,0,0,0,0,-16,343,340,0,0,1
lqr_sysid_csv,9830,340,settle,0,0,5,0,0,0,0,0,-10,343,340,0,0,1
lqr_sysid_csv,9840,340,settle,0,0,0,0,0,0,0,0,-5,342,340,0,0,1
lqr_sysid_csv,9850,340,settle,0,0,10,0,0,0,0,0,-7,342,340,0,0,1
lqr_sysid_csv,9860,340,settle,0,0,0,0,0,0,0,0,-6,342,340,0,0,1
lqr_sysid_csv,9870,340,settle,0,0,5,0,0,0,0,0,1,342,340,0,0,1
lqr_sysid_csv,9880,340,settle,0,0,0,0,0,0,0,0,1,342,340,0,0,1
lqr_sysid_csv,9890,340,settle,0,0,22,0,0,0,0,0,-8,342,340,0,0,1
lqr_sysid_csv,9900,340,settle,0,0,27,0,0,0,0,0,-17,342,340,0,0,1
lqr_sysid_csv,9910,340,settle,0,0,27,0,0,0,0,0,-23,342,340,0,0,1
lqr_sysid_csv,9920,340,settle,0,0,27,0,0,0,0,0,-24,342,340,0,0,1
lqr_sysid_csv,9931,340,settle,0,0,27,0,0,0,0,0,-25,342,340,0,0,1
lqr_sysid_csv,9940,340,settle,0,0,27,0,0,0,0,0,-25,342,340,0,0,1
lqr_sysid_csv,9950,340,settle,0,0,27,0,0,0,0,0,-25,342,340,0,0,1
lqr_sysid_csv,9960,340,settle,0,0,10,0,0,0,0,0,-19,343,340,0,0,1
lqr_sysid_csv,9970,340,settle,0,0,10,0,0,0,0,0,-15,343,340,0,0,1
lqr_sysid_csv,9980,340,settle,0,0,10,0,0,0,0,0,-14,343,340,0,0,1
lqr_sysid_csv,9990,340,settle,0,0,10,0,0,0,0,0,-13,343,340,0,0,1
lqr_sysid_csv,10000,340,settle,0,0,0,0,0,0,0,0,-4,342,340,0,0,1
lqr_sysid_csv,10010,340,settle,0,0,0,0,0,0,0,0,-1,342,340,0,0,1
lqr_sysid_csv,10020,340,settle,0,0,0,0,0,0,0,0,-2,342,340,0,0,1
lqr_sysid_csv,10030,340,settle,0,0,-5,0,0,0,0,0,7,342,340,0,0,1
lqr_sysid_csv,10040,340,settle,0,0,16,0,0,0,0,0,6,342,340,0,0,1
lqr_sysid_csv,10050,340,settle,0,0,22,0,0,0,0,0,-7,342,340,0,0,1
lqr_sysid_csv,10060,340,settle,0,0,27,0,0,0,0,0,-19,342,340,0,0,1
lqr_sysid_csv,10070,340,settle,0,0,27,0,0,0,0,0,-22,342,340,0,0,1
lqr_sysid_csv,10080,340,settle,0,0,27,0,0,0,0,0,-24,342,340,0,0,1
lqr_sysid_csv,10090,340,settle,0,0,22,0,0,0,0,0,-25,342,340,0,0,1
lqr_sysid_csv,10100,340,settle,0,0,22,0,0,0,0,0,-24,342,340,0,0,1
lqr_sysid_csv,10110,340,settle,0,0,22,0,0,0,0,0,-24,342,340,0,0,1
lqr_sysid_csv,10121,340,settle,0,0,22,0,0,0,0,0,-23,342,340,0,0,1
lqr_sysid_csv,10130,340,settle,0,0,5,0,0,0,0,0,-12,342,340,0,0,1
lqr_sysid_csv,10140,340,settle,0,0,5,0,0,0,0,0,-8,342,340,0,0,1
lqr_sysid_csv,10150,340,settle,0,0,5,0,0,0,0,0,-7,342,340,0,0,1
lqr_sysid_csv,10160,340,settle,0,0,10,0,0,0,0,0,-11,342,340,0,0,1
lqr_sysid_csv,10170,340,settle,0,0,10,0,0,0,0,0,-12,342,340,0,0,1
lqr_sysid_csv,10180,340,settle,0,0,10,0,0,0,0,0,-12,342,340,0,0,1
lqr_sysid_csv,10190,340,settle,0,0,10,0,0,0,0,0,-12,342,340,0,0,1
lqr_sysid_csv,10200,340,settle,0,0,10,0,0,0,0,0,-12,342,340,0,0,1
lqr_sysid_csv,10210,340,settle,0,0,10,0,0,0,0,0,-12,342,340,0,0,1
lqr_sysid_csv,10220,340,settle,0,0,10,0,0,0,0,0,-12,342,340,0,0,1
lqr_sysid_csv,10230,340,settle,0,0,10,0,0,0,0,0,-12,342,340,0,0,1
lqr_sysid_csv,10240,340,settle,0,0,10,0,0,0,0,0,-12,342,340,0,0,1
lqr_sysid_csv,10250,340,settle,0,0,10,0,0,0,0,0,-12,342,340,0,0,1
lqr_sysid_csv,10260,340,settle,0,0,10,0,0,0,0,0,-12,342,340,0,0,1
lqr_sysid_csv,10271,340,settle,0,0,10,0,0,0,0,0,-12,342,340,0,0,1
lqr_sysid_csv,10280,340,settle,0,0,10,0,0,0,0,0,-12,342,340,0,0,1
lqr_sysid_csv,10290,340,settle,0,0,10,0,0,0,0,0,-12,342,340,0,0,1
lqr_sysid_csv,10300,340,settle,0,0,10,0,0,0,0,0,-12,342,340,0,0,1
lqr_sysid_csv,10310,340,settle,0,0,10,0,0,0,0,0,-12,342,340,0,0,1
lqr_sysid_csv,10320,340,settle,0,0,10,0,0,0,0,0,-12,342,340,0,0,1
lqr_sysid_csv,10330,340,settle,0,0,10,0,0,0,0,0,-12,342,340,0,0,1
lqr_sysid_csv,10340,340,settle,0,0,10,0,0,0,0,0,-12,342,340,0,0,1
lqr_sysid_csv,10350,340,settle,0,0,10,0,0,0,0,0,-12,342,340,0,0,1
lqr_sysid_csv,10360,340,settle,0,0,10,0,0,0,0,0,-12,342,340,0,0,1
lqr_sysid_csv,10370,340,settle,0,0,10,0,0,0,0,0,-12,342,340,0,0,1
lqr_sysid_csv,10380,340,settle,0,0,10,0,0,0,0,0,-12,342,340,0,0,1
lqr_sysid_csv,10390,340,settle,0,0,10,0,0,0,0,0,-12,342,340,0,0,1
lqr_sysid_csv,10400,340,settle,0,0,10,0,0,0,0,0,-12,342,340,0,0,1
lqr_sysid_csv,10410,340,settle,0,0,10,0,0,0,0,0,-12,342,340,0,0,1
lqr_sysid_csv,10420,340,settle,0,0,10,0,0,0,0,0,-12,342,340,0,0,1
lqr_sysid_csv,10430,340,settle,0,0,10,0,0,0,0,0,-12,342,340,0,0,1
lqr_sysid_csv,10440,340,settle,0,0,10,0,0,0,0,0,-12,342,340,0,0,1
lqr_sysid_csv,10451,340,settle,0,0,10,0,0,0,0,0,-12,342,340,0,0,1
lqr_sysid_csv,10461,340,settle,0,0,10,0,0,0,0,0,-12,342,340,0,0,1
lqr_sysid_csv,10471,340,settle,0,0,10,0,0,0,0,0,-12,342,340,0,0,1
lqr_sysid_csv,10480,340,settle,0,0,10,0,0,0,0,0,-12,342,340,0,0,1
lqr_sysid_csv,10490,340,settle,0,0,10,0,0,0,0,0,-12,342,340,0,0,1
lqr_sysid_csv,10500,340,settle,0,0,10,0,0,0,0,0,-12,342,340,0,0,1
lqr_sysid_csv,10510,340,settle,0,0,10,0,0,0,0,0,-12,342,340,0,0,1
lqr_sysid_csv,10521,340,settle,0,0,10,0,0,0,0,0,-12,342,340,0,0,1
lqr_sysid_csv,10530,340,settle,0,0,10,0,0,0,0,0,-12,342,340,0,0,1
lqr_sysid_csv,10540,340,settle,0,0,10,0,0,0,0,0,-12,342,340,0,0,1
lqr_sysid_csv,10550,340,settle,0,0,10,0,0,0,0,0,-12,342,340,0,0,1
lqr_sysid_csv,10560,340,settle,0,0,10,0,0,0,0,0,-12,342,340,0,0,1
lqr_sysid_csv,10570,340,settle,0,0,10,0,0,0,0,0,-12,342,340,0,0,1
lqr_sysid_csv,10580,340,settle,0,0,10,0,0,0,0,0,-12,342,340,0,0,1
lqr_sysid_csv,10590,340,settle,0,0,10,0,0,0,0,0,-12,342,340,0,0,1
lqr_sysid_csv,10600,340,settle,0,0,10,0,0,0,0,0,-12,342,340,0,0,1
lqr_sysid_csv,10610,340,settle,0,0,10,0,0,0,0,0,-12,342,340,0,0,1
lqr_sysid_csv,10620,340,settle,0,0,10,0,0,0,0,0,-12,342,340,0,0,1
lqr_sysid_csv,10630,340,settle,0,0,10,0,0,0,0,0,-12,342,340,0,0,1
lqr_sysid_csv,10640,340,settle,0,0,10,0,0,0,0,0,-12,342,340,0,0,1
lqr_sysid_csv,10650,340,settle,0,0,10,0,0,0,0,0,-12,342,340,0,0,1
lqr_sysid_csv,10660,340,settle,0,0,10,0,0,0,0,0,-12,342,340,0,0,1
lqr_sysid_csv,10670,340,settle,0,0,10,0,0,0,0,0,-12,342,340,0,0,1
lqr_sysid_csv,10680,340,settle,0,0,10,0,0,0,0,0,-12,342,340,0,0,1
lqr_sysid_csv,10690,340,settle,0,0,10,0,0,0,0,0,-12,342,340,0,0,1
lqr_sysid_csv,10700,340,settle,0,0,10,0,0,0,0,0,-12,342,340,0,0,1
lqr_sysid_csv,10710,340,settle,0,0,10,0,0,0,0,0,-12,342,340,0,0,1
lqr_sysid_csv,10720,340,settle,0,0,10,0,0,0,0,0,-12,342,340,0,0,1
lqr_sysid_csv,10730,340,settle,0,0,10,0,0,0,0,0,-12,342,340,0,0,1
lqr_sysid_csv,10740,340,settle,0,0,10,0,0,0,0,0,-12,342,340,0,0,1
lqr_sysid_csv,10750,340,settle,0,0,10,0,0,0,0,0,-12,342,340,0,0,1
lqr_sysid_csv,10760,340,settle,0,0,10,0,0,0,0,0,-12,342,340,0,0,1
lqr_sysid_csv,10770,340,settle,0,0,10,0,0,0,0,0,-12,342,340,0,0,1
lqr_sysid_csv,10780,340,settle,0,0,10,0,0,0,0,0,-12,342,340,0,0,1
lqr_sysid_csv,10790,340,settle,0,0,10,0,0,0,0,0,-12,342,340,0,0,1
lqr_sysid_csv,10800,340,settle,0,0,10,0,0,0,0,0,-12,342,340,0,0,1
lqr_sysid_csv,10810,340,settle,0,0,10,0,0,0,0,0,-12,342,340,0,0,1
lqr_sysid_csv,10820,340,settle,0,0,10,0,0,0,0,0,-12,342,340,0,0,1
lqr_sysid_csv,10830,340,settle,0,0,10,0,0,0,0,0,-12,342,340,0,0,1
lqr_sysid_csv,10840,340,settle,0,0,10,0,0,0,0,0,-12,342,340,0,0,1
lqr_sysid_csv,10850,340,settle,0,0,10,0,0,0,0,0,-12,342,340,0,0,1
lqr_sysid_csv,10860,340,settle,0,0,10,0,0,0,0,0,-12,342,340,0,0,1
lqr_sysid_csv,10870,340,settle,0,0,10,0,0,0,0,0,-12,342,340,0,0,1
lqr_sysid_csv,10880,340,settle,0,0,10,0,0,0,0,0,-12,342,340,0,0,1
lqr_sysid_csv,10890,340,settle,0,0,10,0,0,0,0,0,-12,342,340,0,0,1
lqr_sysid_csv,10900,340,settle,0,0,10,0,0,0,0,0,-12,342,340,0,0,1
lqr_sysid_csv,10911,340,settle,0,0,10,0,0,0,0,0,-12,342,340,0,0,1
lqr_sysid_csv,10921,340,settle,0,0,10,0,0,0,0,0,-12,342,340,0,0,1
lqr_sysid_csv,10931,340,settle,0,0,10,0,0,0,0,0,-12,342,340,0,0,1
lqr_sysid_csv,10941,340,settle,0,0,10,0,0,0,0,0,-12,342,340,0,0,1
lqr_sysid_csv,10950,340,settle,0,0,10,0,0,0,0,0,-12,342,340,0,0,1
lqr_sysid_csv,10960,340,settle,0,0,10,0,0,0,0,0,-12,342,340,0,0,1
lqr_sysid_csv,10970,340,settle,0,0,10,0,0,0,0,0,-12,342,340,0,0,1
lqr_sysid_csv,10980,340,settle,0,0,10,0,0,0,0,0,-12,342,340,0,0,1
lqr_sysid_csv,10990,340,settle,0,0,10,0,0,0,0,0,-12,342,340,0,0,1
lqr_sysid_csv,11000,340,settle,0,0,10,0,0,0,0,0,-12,342,340,0,0,1
lqr_sysid_csv,11011,340,settle,0,0,10,0,0,0,0,0,-12,342,340,0,0,1
lqr_sysid_csv,11020,340,settle,0,0,10,0,0,0,0,0,-12,342,340,0,0,1
lqr_sysid_csv,11030,340,settle,0,0,10,0,0,0,0,0,-12,342,340,0,0,1
lqr_sysid_csv,11040,340,settle,0,0,10,0,0,0,0,0,-12,342,340,0,0,1
lqr_sysid_csv,11050,340,settle,0,0,10,0,0,0,0,0,-12,342,340,0,0,1
lqr_sysid_csv,11060,340,settle,0,0,10,0,0,0,0,0,-12,342,340,0,0,1
lqr_sysid_csv,11070,340,settle,0,0,10,0,0,0,0,0,-12,342,340,0,0,1
lqr_sysid_csv,11080,340,settle,0,0,10,0,0,0,0,0,-12,342,340,0,0,1
lqr_sysid_csv,11090,340,settle,0,0,10,0,0,0,0,0,-12,342,340,0,0,1
lqr_sysid_csv,11100,340,settle,0,0,10,0,0,0,0,0,-12,342,340,0,0,1
lqr_sysid_csv,11111,340,sample,0,0,10,0,0,0,0,0,-212,342,340,0,0,1
lqr_sysid_csv,11120,340,sample,1,0,10,0,0,0,0,0,-212,342,340,0,0,1
lqr_sysid_csv,11130,340,sample,2,0,10,0,0,0,0,0,-212,342,340,0,0,1
lqr_sysid_csv,11140,340,sample,3,0,10,0,0,0,0,0,-212,342,340,0,0,1
lqr_sysid_csv,11151,340,sample,4,0,10,0,0,0,0,0,-212,342,340,0,0,1
lqr_sysid_csv,11161,340,sample,5,0,10,0,0,0,0,0,-212,342,340,0,0,1
lqr_sysid_csv,11171,340,sample,6,0,10,0,0,0,0,0,-212,342,340,0,0,1
lqr_sysid_csv,11182,340,sample,7,0,10,0,0,0,0,0,-212,342,340,0,0,1
lqr_sysid_csv,11198,340,sample,8,0,10,0,0,0,0,0,-212,342,340,0,0,1
lqr_sysid_csv,11208,340,sample,9,0,10,0,0,0,0,0,-212,342,340,0,0,1
lqr_sysid_csv,11218,340,sample,10,0,10,0,0,0,0,0,-212,342,340,0,0,1
lqr_sysid_csv,11228,340,sample,11,0,10,0,0,0,0,0,-212,342,340,0,0,1
lqr_sysid_csv,11238,340,sample,12,0,10,0,0,0,0,0,-212,342,340,0,0,1
lqr_sysid_csv,11248,340,sample,13,0,10,0,0,0,0,0,-212,342,340,0,0,1
lqr_sysid_csv,11258,340,sample,14,0,10,0,0,0,0,0,-212,342,340,0,0,1
lqr_sysid_csv,11268,340,sample,15,0,10,0,0,0,0,0,-212,342,340,0,0,1
lqr_sysid_csv,11279,340,sample,16,0,10,0,0,0,0,0,-212,342,340,0,0,1
lqr_sysid_csv,11295,340,sample,17,0,10,0,0,0,0,0,-212,342,340,0,0,1
lqr_sysid_csv,11305,340,sample,18,0,10,0,0,0,0,0,-212,342,340,0,0,1
lqr_sysid_csv,11315,340,sample,19,0,10,0,0,0,0,0,-212,342,340,0,0,1
lqr_sysid_csv,11325,340,sample,20,0,10,0,0,0,0,0,-212,342,340,0,0,1
lqr_sysid_csv,11336,340,sample,21,0,10,0,0,0,0,0,-212,342,340,0,0,1
lqr_sysid_csv,11345,340,sample,22,0,10,0,0,0,0,0,-212,342,340,0,0,1
lqr_sysid_csv,11355,340,sample,23,0,10,0,0,0,0,0,-212,342,340,0,0,1
lqr_sysid_csv,11365,340,sample,24,0,10,0,0,0,0,0,-212,342,340,0,0,1
lqr_sysid_csv,11375,340,sample,25,0,10,0,0,0,0,0,-212,342,340,0,0,1
lqr_sysid_csv,11385,340,sample,26,0,10,0,0,0,0,0,-212,342,340,0,0,1
lqr_sysid_csv,11395,340,sample,27,0,10,0,0,0,0,0,-212,342,340,0,0,1
lqr_sysid_csv,11406,340,sample,28,0,10,0,0,0,0,0,-212,342,340,0,0,1
lqr_sysid_csv,11416,340,sample,29,0,10,0,0,0,0,0,-212,342,340,0,0,1
lqr_sysid_csv,11426,340,sample,30,0,10,0,0,0,0,0,187,342,340,0,0,1
lqr_sysid_csv,11436,340,sample,31,0,10,0,0,0,0,0,187,342,340,0,0,1
lqr_sysid_csv,11446,340,sample,32,0,10,0,0,0,0,0,187,342,340,0,0,1
lqr_sysid_csv,11456,340,sample,33,0,10,0,0,0,0,0,187,342,340,0,0,1
lqr_sysid_csv,11466,340,sample,34,0,10,0,0,0,0,0,187,342,340,0,0,1
lqr_sysid_csv,11476,340,sample,35,0,10,0,0,0,0,0,187,342,340,0,0,1
lqr_sysid_csv,11486,340,sample,36,0,10,0,0,0,0,0,187,342,340,0,0,1
lqr_sysid_csv,11496,340,sample,37,0,10,0,0,0,0,0,187,342,340,0,0,1
lqr_sysid_csv,11506,340,sample,38,0,10,0,0,0,0,0,187,342,340,0,0,1
lqr_sysid_csv,11516,340,sample,39,0,10,0,0,0,0,0,187,342,340,0,0,1
lqr_sysid_csv,11526,340,sample,40,0,10,0,0,0,0,0,187,342,340,0,0,1
lqr_sysid_csv,11536,340,sample,41,0,10,0,0,0,0,0,187,342,340,0,0,1
lqr_sysid_csv,11546,340,sample,42,0,10,0,0,0,0,0,187,342,340,0,0,1
lqr_sysid_csv,11556,340,sample,43,0,10,0,0,0,0,0,187,342,340,0,0,1
lqr_sysid_csv,11567,340,sample,44,0,10,0,0,0,0,0,187,342,340,0,0,1
lqr_sysid_csv,11576,340,sample,45,0,10,0,0,0,0,0,187,342,340,0,0,1
lqr_sysid_csv,11587,340,sample,46,0,10,0,0,0,0,0,187,342,340,0,0,1
lqr_sysid_csv,11596,340,sample,47,0,10,0,0,0,0,0,187,342,340,0,0,1
lqr_sysid_csv,11606,340,sample,48,0,10,0,0,0,0,0,187,342,340,0,0,1
lqr_sysid_csv,11616,340,sample,49,0,10,0,0,0,0,0,187,342,340,0,0,1
lqr_sysid_csv,11627,340,sample,50,0,10,0,0,0,0,0,187,342,340,0,0,1
lqr_sysid_csv,11637,340,sample,51,0,10,0,0,0,0,0,187,342,340,0,0,1
lqr_sysid_csv,11647,340,sample,52,0,10,0,0,0,0,0,187,342,340,0,0,1
lqr_sysid_csv,11657,340,sample,53,0,10,0,0,0,0,0,187,342,340,0,0,1
lqr_sysid_csv,11667,340,sample,54,0,10,0,0,0,0,0,187,342,340,0,0,1
lqr_sysid_csv,11677,340,sample,55,0,10,0,0,0,0,0,187,342,340,0,0,1
lqr_sysid_csv,11687,340,sample,56,0,10,0,0,0,0,0,187,342,340,0,0,1
lqr_sysid_csv,11697,340,sample,57,0,10,0,0,0,0,0,187,342,340,0,0,1
lqr_sysid_csv,11707,340,sample,58,0,10,0,0,0,0,0,187,342,340,0,0,1
lqr_sysid_csv,11717,340,sample,59,0,10,0,0,0,0,0,187,342,340,0,0,1
lqr_sysid_csv,11727,340,sample,60,0,10,0,0,0,0,0,187,342,340,0,0,1
lqr_sysid_csv,11737,340,sample,61,0,10,0,0,0,0,0,187,342,340,0,0,1
lqr_sysid_csv,11747,340,sample,62,0,10,0,0,0,0,0,-212,342,340,0,0,1
lqr_sysid_csv,11757,340,sample,63,0,10,0,0,0,0,0,-212,342,340,0,0,1
lqr_sysid_csv,11767,340,sample,64,0,10,0,0,0,0,0,-212,342,340,0,0,1
lqr_sysid_csv,11778,340,sample,65,0,10,0,0,0,0,0,-212,342,340,0,0,1
lqr_sysid_csv,11794,340,sample,66,0,10,0,0,0,0,0,-212,342,340,0,0,1
lqr_sysid_csv,11805,340,sample,67,0,5,0,0,0,0,0,-208,342,340,0,0,1
lqr_sysid_csv,11815,340,sample,68,0,5,0,0,0,0,0,-207,342,340,0,0,1
lqr_sysid_csv,11830,340,sample,69,0,10,0,0,0,0,0,-211,342,340,0,0,1
lqr_sysid_csv,11840,340,sample,70,0,10,0,0,0,0,0,-212,342,340,0,0,1
lqr_sysid_csv,11851,340,sample,71,0,10,0,0,0,0,0,-212,342,340,0,0,1
lqr_sysid_csv,11861,340,sample,72,0,10,0,0,0,0,0,-212,342,340,0,0,1
lqr_sysid_csv,11871,340,sample,73,0,10,0,0,0,0,0,-212,342,340,0,0,1
lqr_sysid_csv,11881,340,sample,74,0,10,0,0,0,0,0,-212,342,340,0,0,1
lqr_sysid_csv,11892,340,sample,75,0,10,0,0,0,0,0,-212,342,340,0,0,1
lqr_sysid_csv,11902,340,sample,76,0,10,0,0,0,0,0,-212,342,340,0,0,1
lqr_sysid_csv,11918,340,sample,77,0,10,0,0,0,0,0,-212,342,340,0,0,1
lqr_sysid_csv,11928,340,sample,78,0,10,0,0,0,0,0,-212,342,340,0,0,1
lqr_sysid_csv,11938,340,sample,79,0,10,0,0,0,0,0,-212,342,340,0,0,1
lqr_sysid_csv,11948,340,sample,80,0,10,0,0,0,0,0,-212,342,340,0,0,1
lqr_sysid_csv,11958,340,sample,81,0,10,0,0,0,0,0,-212,342,340,0,0,1
lqr_sysid_csv,11968,340,sample,82,0,10,0,0,0,0,0,-212,342,340,0,0,1
lqr_sysid_csv,11978,340,sample,83,0,10,0,0,0,0,0,-212,342,340,0,0,1
lqr_sysid_csv,11989,340,sample,84,0,10,0,0,0,0,0,-212,342,340,0,0,1
lqr_sysid_csv,11999,340,sample,85,0,10,0,0,0,0,0,-212,342,340,0,0,1
lqr_sysid_csv,12010,340,sample,86,0,10,0,0,0,0,0,-212,342,340,0,0,1
lqr_sysid_csv,12020,340,sample,87,0,10,0,0,0,0,0,-212,342,340,0,0,1
lqr_sysid_csv,12030,340,sample,88,0,10,0,0,0,0,0,-212,342,340,0,0,1
lqr_sysid_csv,12041,340,sample,89,0,10,0,0,0,0,0,-212,342,340,0,0,1
lqr_sysid_csv,12051,340,sample,90,0,10,0,0,0,0,0,-212,342,340,0,0,1
lqr_sysid_csv,12061,340,sample,91,0,10,0,0,0,0,0,-212,342,340,0,0,1
lqr_sysid_csv,12071,340,sample,92,0,10,0,0,0,0,0,-212,342,340,0,0,1
lqr_sysid_csv,12081,340,sample,93,0,10,0,0,0,0,0,-212,342,340,0,0,1
lqr_sysid_csv,12091,340,sample,94,0,10,0,0,0,0,0,-212,342,340,0,0,1
lqr_sysid_csv,12101,340,sample,95,0,10,0,0,0,0,0,-212,342,340,0,0,1
lqr_sysid_csv,12111,340,sample,96,0,10,0,0,0,0,0,-212,342,340,0,0,1
lqr_sysid_csv,12121,340,sample,97,0,10,0,0,0,0,0,-212,342,340,0,0,1
lqr_sysid_csv,12131,340,sample,98,0,10,0,0,0,0,0,-212,342,340,0,0,1
lqr_sysid_csv,12141,340,sample,99,0,10,0,0,0,0,0,-212,342,340,0,0,1
lqr_sysid_csv,12151,340,sample,100,0,10,0,0,0,0,0,-212,342,340,0,0,1
lqr_sysid_csv,12161,340,sample,101,0,10,0,0,0,0,0,-212,342,340,0,0,1
lqr_sysid_csv,12171,340,sample,102,0,10,0,0,0,0,0,-212,342,340,0,0,1
lqr_sysid_csv,12188,340,sample,103,0,10,0,0,0,0,0,-212,342,340,0,0,1
lqr_sysid_csv,12198,340,sample,104,0,10,0,0,0,0,0,-212,342,340,0,0,1
lqr_sysid_csv,12208,340,sample,105,0,10,0,0,0,0,0,-212,342,340,0,0,1
lqr_sysid_csv,12219,340,sample,106,0,10,0,0,0,0,0,-212,342,340,0,0,1
lqr_sysid_csv,12229,340,sample,107,0,10,0,0,0,0,0,-212,342,340,0,0,1
lqr_sysid_csv,12240,340,sample,108,0,10,0,0,0,0,0,-212,342,340,0,0,1
lqr_sysid_csv,12256,340,sample,109,0,10,0,0,0,0,0,-212,342,340,0,0,1
lqr_sysid_csv,12267,340,sample,110,0,10,0,0,0,0,0,-212,342,340,0,0,1
lqr_sysid_csv,12277,340,sample,111,0,10,0,0,0,0,0,-212,342,340,0,0,1
lqr_sysid_csv,12288,340,sample,112,0,10,0,0,0,0,0,-212,342,340,0,0,1
lqr_sysid_csv,12298,340,sample,113,0,10,0,0,0,0,0,-212,342,340,0,0,1
lqr_sysid_csv,12308,340,sample,114,0,10,0,0,0,0,0,-212,342,340,0,0,1
lqr_sysid_csv,12318,340,sample,115,0,10,0,0,0,0,0,-212,342,340,0,0,1
lqr_sysid_csv,12329,340,sample,116,0,10,0,0,0,0,0,-212,342,340,0,0,1
lqr_sysid_csv,12339,340,sample,117,0,10,0,0,0,0,0,-212,342,340,0,0,1
lqr_sysid_csv,12349,340,sample,118,0,10,0,0,0,0,0,-212,342,340,0,0,1
lqr_sysid_csv,12359,340,sample,119,0,10,0,0,0,0,0,-212,342,340,0,0,1
lqr_sysid_csv,12370,340,sample,120,0,10,0,0,0,0,0,-212,342,340,0,0,1
lqr_sysid_csv,12380,340,sample,121,0,10,0,0,0,0,0,187,342,340,0,0,1
lqr_sysid_csv,12390,340,sample,122,0,10,0,0,0,0,0,187,342,340,0,0,1
lqr_sysid_csv,12400,340,sample,123,0,10,0,0,0,0,0,187,342,340,0,0,1
lqr_sysid_csv,12410,340,sample,124,0,10,0,0,0,0,0,187,342,340,0,0,1
lqr_sysid_csv,12420,340,sample,125,0,10,0,0,0,0,0,187,342,340,0,0,1
lqr_sysid_csv,12431,340,sample,126,0,10,0,0,0,0,0,187,342,340,0,0,1
lqr_sysid_csv,12440,340,sample,127,0,10,0,0,0,0,0,187,342,340,0,0,1
lqr_sysid_csv,12450,340,sample,128,0,10,0,0,0,0,0,187,342,340,0,0,1
lqr_sysid_csv,12460,340,sample,129,0,10,0,0,0,0,0,187,342,340,0,0,1
lqr_sysid_csv,12470,340,sample,130,0,10,0,0,0,0,0,187,342,340,0,0,1
lqr_sysid_csv,12480,340,sample,131,0,10,0,0,0,0,0,187,342,340,0,0,1
lqr_sysid_csv,12490,340,sample,132,0,10,0,0,0,0,0,187,342,340,0,0,1
lqr_sysid_csv,12500,340,sample,133,0,10,0,0,0,0,0,187,342,340,0,0,1
lqr_sysid_csv,12510,340,sample,134,0,10,0,0,0,0,0,187,342,340,0,0,1
lqr_sysid_csv,12520,340,sample,135,0,10,0,0,0,0,0,187,342,340,0,0,1
lqr_sysid_csv,12530,340,sample,136,0,10,0,0,0,0,0,187,342,340,0,0,1
lqr_sysid_csv,12541,340,sample,137,0,10,0,0,0,0,0,187,342,340,0,0,1
lqr_sysid_csv,12551,340,sample,138,0,10,0,0,0,0,0,187,342,340,0,0,1
lqr_sysid_csv,12567,340,sample,139,0,10,0,0,0,0,0,187,342,340,0,0,1
lqr_sysid_csv,12577,340,sample,140,0,10,0,0,0,0,0,187,342,340,0,0,1
lqr_sysid_csv,12587,340,sample,141,0,10,0,0,0,0,0,187,342,340,0,0,1
lqr_sysid_csv,12597,340,sample,142,0,10,0,0,0,0,0,187,342,340,0,0,1
lqr_sysid_csv,12607,340,sample,143,0,10,0,0,0,0,0,187,342,340,0,0,1
lqr_sysid_csv,12617,340,sample,144,0,10,0,0,0,0,0,187,342,340,0,0,1
lqr_sysid_csv,12627,340,sample,145,0,10,0,0,0,0,0,187,342,340,0,0,1
lqr_sysid_csv,12637,340,sample,146,0,10,0,0,0,0,0,187,342,340,0,0,1
lqr_sysid_csv,12647,340,sample,147,0,10,0,0,0,0,0,187,342,340,0,0,1
lqr_sysid_csv,12657,340,sample,148,0,10,0,0,0,0,0,187,342,340,0,0,1
lqr_sysid_csv,12667,340,sample,149,0,10,0,0,0,0,0,187,342,340,0,0,1
lqr_sysid_csv,12677,340,sample,150,0,10,0,0,0,0,0,187,342,340,0,0,1
lqr_sysid_csv,12687,340,sample,151,0,10,0,0,0,0,0,187,342,340,0,0,1
lqr_sysid_csv,12697,340,sample,152,0,10,0,0,0,0,0,-212,342,340,0,0,1
lqr_sysid_csv,12707,340,sample,153,0,10,0,0,0,0,0,-212,342,340,0,0,1
lqr_sysid_csv,12717,340,sample,154,0,10,0,0,0,0,0,-212,342,340,0,0,1
lqr_sysid_csv,12727,340,sample,155,0,10,0,0,0,0,0,-212,342,340,0,0,1
lqr_sysid_csv,12737,340,sample,156,0,10,0,0,0,0,0,-212,342,340,0,0,1
lqr_sysid_csv,12748,340,sample,157,0,10,0,0,0,0,0,-212,342,340,0,0,1
lqr_sysid_csv,12764,340,sample,158,0,10,0,0,0,0,0,-212,342,340,0,0,1
lqr_sysid_csv,12775,340,sample,159,0,10,0,0,0,0,0,-212,342,340,0,0,1
lqr_sysid_csv,12785,340,sample,160,0,10,0,0,0,0,0,-212,342,340,0,0,1
lqr_sysid_csv,12795,340,sample,161,0,10,0,0,0,0,0,-212,342,340,0,0,1
lqr_sysid_csv,12806,340,sample,162,0,10,0,0,0,0,0,-212,342,340,0,0,1
lqr_sysid_csv,12816,340,sample,163,0,10,0,0,0,0,0,-212,342,340,0,0,1
lqr_sysid_csv,12826,340,sample,164,0,10,0,0,0,0,0,-212,342,340,0,0,1
lqr_sysid_csv,12837,340,sample,165,0,10,0,0,0,0,0,-212,342,340,0,0,1
lqr_sysid_csv,12847,340,sample,166,0,10,0,0,0,0,0,-212,342,340,0,0,1
lqr_sysid_csv,12858,340,sample,167,0,10,0,0,0,0,0,-212,342,340,0,0,1
lqr_sysid_csv,12868,340,sample,168,0,10,0,0,0,0,0,-212,342,340,0,0,1
lqr_sysid_csv,12879,340,sample,169,0,10,0,0,0,0,0,-212,342,340,0,0,1
lqr_sysid_csv,12896,340,sample,170,0,10,0,0,0,0,0,-212,342,340,0,0,1
lqr_sysid_csv,12906,340,sample,171,0,10,0,0,0,0,0,-212,342,340,0,0,1
lqr_sysid_csv,12917,340,sample,172,0,10,0,0,0,0,0,-212,342,340,0,0,1
lqr_sysid_csv,12927,340,sample,173,0,10,0,0,0,0,0,-212,342,340,0,0,1
lqr_sysid_csv,12937,340,sample,174,0,10,0,0,0,0,0,-212,342,340,0,0,1
lqr_sysid_csv,12948,340,sample,175,0,10,0,0,0,0,0,-212,342,340,0,0,1
lqr_sysid_csv,12958,340,sample,176,0,10,0,0,0,0,0,-212,342,340,0,0,1
lqr_sysid_csv,12969,340,sample,177,0,10,0,0,0,0,0,-212,342,340,0,0,1
lqr_sysid_csv,12979,340,sample,178,0,10,0,0,0,0,0,-212,342,340,0,0,1
lqr_sysid_csv,12989,340,sample,179,0,10,0,0,0,0,0,-212,342,340,0,0,1
lqr_sysid_csv,13000,340,sample,180,0,10,0,0,0,0,0,-212,342,340,0,0,1
lqr_sysid_csv,13010,340,sample,181,0,10,0,0,0,0,0,-212,342,340,0,0,1
lqr_sysid_csv,13021,340,sample,182,0,10,0,0,0,0,0,-212,342,340,0,0,1
lqr_sysid_csv,13031,340,sample,183,0,10,0,0,0,0,0,-212,342,340,0,0,1
lqr_sysid_csv,13042,340,sample,184,0,10,0,0,0,0,0,-212,342,340,0,0,1
lqr_sysid_csv,13052,340,sample,185,0,10,0,0,0,0,0,-212,342,340,0,0,1
lqr_sysid_csv,13062,340,sample,186,0,10,0,0,0,0,0,-212,342,340,0,0,1
lqr_sysid_csv,13073,340,sample,187,0,10,0,0,0,0,0,-212,342,340,0,0,1
lqr_sysid_csv,13083,340,sample,188,0,10,0,0,0,0,0,-212,342,340,0,0,1
lqr_sysid_csv,13093,340,sample,189,0,10,0,0,0,0,0,-212,342,340,0,0,1
lqr_sysid_csv,13103,340,sample,190,0,10,0,0,0,0,0,-212,342,340,0,0,1
lqr_sysid_csv,13113,340,sample,191,0,10,0,0,0,0,0,-212,342,340,0,0,1
lqr_sysid_csv,13123,340,sample,192,0,10,0,0,0,0,0,-212,342,340,0,0,1
lqr_sysid_csv,13133,340,sample,193,0,10,0,0,0,0,0,-212,342,340,0,0,1
lqr_sysid_csv,13144,340,sample,194,0,10,0,0,0,0,0,-212,342,340,0,0,1
lqr_sysid_csv,13154,340,sample,195,0,10,0,0,0,0,0,-212,342,340,0,0,1
lqr_sysid_csv,13165,340,sample,196,0,10,0,0,0,0,0,-212,342,340,0,0,1
lqr_sysid_csv,13175,340,sample,197,0,10,0,0,0,0,0,-212,342,340,0,0,1
lqr_sysid_csv,13185,340,sample,198,0,10,0,0,0,0,0,-212,342,340,0,0,1
lqr_sysid_csv,13195,340,sample,199,0,10,0,0,0,0,0,-212,342,340,0,0,1
lqr_sysid_csv,13205,340,sample,200,0,10,0,0,0,0,0,-212,342,340,0,0,1
lqr_sysid_csv,13215,340,sample,201,0,10,0,0,0,0,0,-212,342,340,0,0,1
lqr_sysid_csv,13225,340,sample,202,0,10,0,0,0,0,0,-212,342,340,0,0,1
lqr_sysid_csv,13235,340,sample,203,0,10,0,0,0,0,0,-212,342,340,0,0,1
lqr_sysid_csv,13246,340,sample,204,0,10,0,0,0,0,0,-212,342,340,0,0,1
lqr_sysid_csv,13256,340,sample,205,0,10,0,0,0,0,0,-212,342,340,0,0,1
lqr_sysid_csv,13266,340,sample,206,0,10,0,0,0,0,0,-212,342,340,0,0,1
lqr_sysid_csv,13276,340,sample,207,0,10,0,0,0,0,0,-212,342,340,0,0,1
lqr_sysid_csv,13286,340,sample,208,0,10,0,0,0,0,0,-212,342,340,0,0,1
lqr_sysid_csv,13296,340,sample,209,0,10,0,0,0,0,0,-212,342,340,0,0,1
lqr_sysid_csv,13306,340,sample,210,0,10,0,0,0,0,0,-212,342,340,0,0,1
lqr_sysid_csv,13323,340,sample,211,0,10,0,0,0,0,0,-212,342,340,0,0,1
lqr_sysid_csv,13333,340,sample,212,0,10,0,0,0,0,0,-212,342,340,0,0,1
lqr_sysid_csv,13344,340,sample,213,0,10,0,0,0,0,0,187,342,340,0,0,1
lqr_sysid_csv,13354,340,sample,214,0,10,0,0,0,0,0,187,342,340,0,0,1
lqr_sysid_csv,13364,340,sample,215,0,10,0,0,0,0,0,187,342,340,0,0,1
lqr_sysid_csv,13374,340,sample,216,0,10,0,0,0,0,0,187,342,340,0,0,1
lqr_sysid_csv,13384,340,sample,217,0,10,0,0,0,0,0,187,342,340,0,0,1
lqr_sysid_csv,13394,340,sample,218,0,10,0,0,0,0,0,187,342,340,0,0,1
lqr_sysid_csv,13404,340,sample,219,0,10,0,0,0,0,0,187,342,340,0,0,1
lqr_sysid_csv,13414,340,sample,220,0,10,0,0,0,0,0,187,342,340,0,0,1
lqr_sysid_csv,13424,340,sample,221,0,10,0,0,0,0,0,187,342,340,0,0,1
lqr_sysid_csv,13435,340,sample,222,0,10,0,0,0,0,0,187,342,340,0,0,1
lqr_sysid_csv,13445,340,sample,223,0,10,0,0,0,0,0,187,342,340,0,0,1
lqr_sysid_csv,13456,340,sample,224,0,10,0,0,0,0,0,187,342,340,0,0,1
lqr_sysid_csv,13465,340,sample,225,0,10,0,0,0,0,0,187,342,340,0,0,1
lqr_sysid_csv,13475,340,sample,226,0,10,0,0,0,0,0,187,342,340,0,0,1
lqr_sysid_csv,13485,340,sample,227,0,10,0,0,0,0,0,187,342,340,0,0,1
lqr_sysid_csv,13495,340,sample,228,0,10,0,0,0,0,0,187,342,340,0,0,1
lqr_sysid_csv,13506,340,sample,229,0,10,0,0,0,0,0,187,342,340,0,0,1
lqr_sysid_csv,13516,340,sample,230,0,10,0,0,0,0,0,187,342,340,0,0,1
lqr_sysid_csv,13526,340,sample,231,0,10,0,0,0,0,0,187,342,340,0,0,1
lqr_sysid_csv,13536,340,sample,232,0,10,0,0,0,0,0,187,342,340,0,0,1
lqr_sysid_csv,13547,340,sample,233,0,10,0,0,0,0,0,187,342,340,0,0,1
lqr_sysid_csv,13557,340,sample,234,0,10,0,0,0,0,0,187,342,340,0,0,1
lqr_sysid_csv,13568,340,sample,235,0,10,0,0,0,0,0,187,342,340,0,0,1
lqr_sysid_csv,13578,340,sample,236,0,10,0,0,0,0,0,187,342,340,0,0,1
lqr_sysid_csv,13588,340,sample,237,0,10,0,0,0,0,0,187,342,340,0,0,1
lqr_sysid_csv,13598,340,sample,238,0,10,0,0,0,0,0,187,342,340,0,0,1
lqr_sysid_csv,13608,340,sample,239,0,10,0,0,0,0,0,187,342,340,0,0,1
lqr_sysid_csv,13618,340,sample,240,0,10,0,0,0,0,0,187,342,340,0,0,1
lqr_sysid_csv,13628,340,sample,241,0,10,0,0,0,0,0,187,342,340,0,0,1
lqr_sysid_csv,13638,340,sample,242,0,10,0,0,0,0,0,187,342,340,0,0,1
lqr_sysid_csv,13648,340,sample,243,0,10,0,0,0,0,0,187,342,340,0,0,1
lqr_sysid_csv,13658,340,sample,244,0,10,0,0,0,0,0,187,342,340,0,0,1
lqr_sysid_csv,13668,340,sample,245,0,10,0,0,0,0,0,-212,342,340,0,0,1
lqr_sysid_csv,13678,340,sample,246,0,10,0,0,0,0,0,-212,342,340,0,0,1
lqr_sysid_csv,13688,340,sample,247,0,10,0,0,0,0,0,-212,342,340,0,0,1
lqr_sysid_csv,13698,340,sample,248,0,10,0,0,0,0,0,-212,342,340,0,0,1
lqr_sysid_csv,13709,340,sample,249,0,10,0,0,0,0,0,-212,342,340,0,0,1
lqr_sysid_csv,13719,340,sample,250,0,10,0,0,0,0,0,-212,342,340,0,0,1
lqr_sysid_csv,13730,340,sample,251,0,10,0,0,0,0,0,-212,342,340,0,0,1
lqr_sysid_csv,13740,340,sample,252,0,10,0,0,0,0,0,-212,342,340,0,0,1
lqr_sysid_csv,13750,340,sample,253,0,10,0,0,0,0,0,-212,342,340,0,0,1
lqr_sysid_csv,13760,340,sample,254,0,10,0,0,0,0,0,-212,342,340,0,0,1
lqr_sysid_csv,13770,340,sample,255,0,10,0,0,0,0,0,-212,342,340,0,0,1
lqr_sysid_csv,13781,340,sample,256,0,10,0,0,0,0,0,-212,342,340,0,0,1
lqr_sysid_csv,13791,340,sample,257,0,10,0,0,0,0,0,-212,342,340,0,0,1
lqr_sysid_csv,13801,340,sample,258,0,10,0,0,0,0,0,-212,342,340,0,0,1
lqr_sysid_csv,13812,340,sample,259,0,10,0,0,0,0,0,-212,342,340,0,0,1
lqr_sysid_csv,13822,340,sample,260,0,10,0,0,0,0,0,-212,342,340,0,0,1
lqr_sysid_csv,13833,340,sample,261,0,10,0,0,0,0,0,-212,342,340,0,0,1
lqr_sysid_csv,13849,340,sample,262,0,10,0,0,0,0,0,-212,342,340,0,0,1
lqr_sysid_csv,13860,340,sample,263,0,10,0,0,0,0,0,-212,342,340,0,0,1
lqr_sysid_csv,13870,340,sample,264,0,10,0,0,0,0,0,-212,342,340,0,0,1
lqr_sysid_csv,13881,340,sample,265,0,10,0,0,0,0,0,-212,342,340,0,0,1
lqr_sysid_csv,13891,340,sample,266,0,10,0,0,0,0,0,-212,342,340,0,0,1
lqr_sysid_csv,13902,340,sample,267,0,10,0,0,0,0,0,-212,342,340,0,0,1
lqr_sysid_csv,13912,340,sample,268,0,10,0,0,0,0,0,-212,342,340,0,0,1
lqr_sysid_csv,13923,340,sample,269,0,10,0,0,0,0,0,-212,342,340,0,0,1
lqr_sysid_csv,13933,340,sample,270,0,10,0,0,0,0,0,-212,342,340,0,0,1
lqr_sysid_csv,13943,340,sample,271,0,10,0,0,0,0,0,-212,342,340,0,0,1
lqr_sysid_csv,13953,340,sample,272,0,10,0,0,0,0,0,-212,342,340,0,0,1
lqr_sysid_csv,13964,340,sample,273,0,10,0,0,0,0,0,-212,342,340,0,0,1
lqr_sysid_csv,13974,340,sample,274,0,10,0,0,0,0,0,-212,342,340,0,0,1
lqr_sysid_csv,13985,340,sample,275,0,10,0,0,0,0,0,-212,342,340,0,0,1
lqr_sysid_csv,14001,340,sample,276,0,10,0,0,0,0,0,187,342,340,0,0,1
lqr_sysid_csv,14012,340,sample,277,0,10,0,0,0,0,0,187,342,340,0,0,1
lqr_sysid_csv,14022,340,sample,278,0,10,0,0,0,0,0,187,342,340,0,0,1
lqr_sysid_csv,14032,340,sample,279,0,10,0,0,0,0,0,187,342,340,0,0,1
lqr_sysid_csv,14042,340,sample,280,0,10,0,0,0,0,0,187,342,340,0,0,1
lqr_sysid_csv,14052,340,sample,281,0,10,0,0,0,0,0,187,342,340,0,0,1
lqr_sysid_csv,14062,340,sample,282,0,10,0,0,0,0,0,187,342,340,0,0,1
lqr_sysid_csv,14072,340,sample,283,0,10,0,0,0,0,0,187,342,340,0,0,1
lqr_sysid_csv,14082,340,sample,284,0,10,0,0,0,0,0,187,342,340,0,0,1
lqr_sysid_csv,14092,340,sample,285,0,10,0,0,0,0,0,187,342,340,0,0,1
lqr_sysid_csv,14102,340,sample,286,0,10,0,0,0,0,0,187,342,340,0,0,1
lqr_sysid_csv,14112,340,sample,287,0,10,0,0,0,0,0,187,342,340,0,0,1
lqr_sysid_csv,14122,340,sample,288,0,10,0,0,0,0,0,187,342,340,0,0,1
lqr_sysid_csv,14132,340,sample,289,0,10,0,0,0,0,0,187,342,340,0,0,1
lqr_sysid_csv,14143,340,sample,290,0,10,0,0,0,0,0,187,342,340,0,0,1
lqr_sysid_csv,14153,340,sample,291,0,10,0,0,0,0,0,187,342,340,0,0,1
lqr_sysid_csv,14163,340,sample,292,0,10,0,0,0,0,0,187,342,340,0,0,1
lqr_sysid_csv,14173,340,sample,293,0,10,0,0,0,0,0,187,342,340,0,0,1
lqr_sysid_csv,14183,340,sample,294,0,10,0,0,0,0,0,187,342,340,0,0,1
lqr_sysid_csv,14193,340,sample,295,0,10,0,0,0,0,0,187,342,340,0,0,1
lqr_sysid_csv,14203,340,sample,296,0,10,0,0,0,0,0,187,342,340,0,0,1
lqr_sysid_csv,14213,340,sample,297,0,10,0,0,0,0,0,187,342,340,0,0,1
lqr_sysid_csv,14223,340,sample,298,0,10,0,0,0,0,0,187,342,340,0,0,1
lqr_sysid_csv,14234,340,sample,299,0,10,0,0,0,0,0,187,342,340,0,0,1
lqr_sysid_csv,14244,340,sample,300,0,10,0,0,0,0,0,187,342,340,0,0,1
lqr_sysid_csv,14254,340,sample,301,0,10,0,0,0,0,0,187,342,340,0,0,1
lqr_sysid_csv,14264,340,sample,302,0,10,0,0,0,0,0,187,342,340,0,0,1
lqr_sysid_csv,14274,340,sample,303,0,10,0,0,0,0,0,187,342,340,0,0,1
lqr_sysid_csv,14284,340,sample,304,0,10,0,0,0,0,0,187,342,340,0,0,1
lqr_sysid_csv,14294,340,sample,305,0,10,0,0,0,0,0,187,342,340,0,0,1
lqr_sysid_csv,14304,340,sample,306,0,10,0,0,0,0,0,187,342,340,0,0,1
lqr_sysid_csv,14315,340,sample,307,0,10,0,0,0,0,0,187,342,340,0,0,1
lqr_sysid_csv,14325,340,sample,308,0,10,0,0,0,0,0,187,342,340,0,0,1
lqr_sysid_csv,14335,340,sample,309,0,10,0,0,0,0,0,187,342,340,0,0,1
lqr_sysid_csv,14345,340,sample,310,0,10,0,0,0,0,0,187,342,340,0,0,1
lqr_sysid_csv,14355,340,sample,311,0,10,0,0,0,0,0,187,342,340,0,0,1
lqr_sysid_csv,14365,340,sample,312,0,10,0,0,0,0,0,187,342,340,0,0,1
lqr_sysid_csv,14376,340,sample,313,0,10,0,0,0,0,0,187,342,340,0,0,1
lqr_sysid_csv,14386,340,sample,314,0,10,0,0,0,0,0,187,342,340,0,0,1
lqr_sysid_csv,14396,340,sample,315,0,10,0,0,0,0,0,187,342,340,0,0,1
lqr_sysid_csv,14406,340,sample,316,0,10,0,0,0,0,0,187,342,340,0,0,1
lqr_sysid_csv,14416,340,sample,317,0,10,0,0,0,0,0,187,342,340,0,0,1
lqr_sysid_csv,14427,340,sample,318,0,10,0,0,0,0,0,187,342,340,0,0,1
lqr_sysid_csv,14437,340,sample,319,0,10,0,0,0,0,0,187,342,340,0,0,1
lqr_sysid_csv,14447,340,sample,320,0,10,0,0,0,0,0,187,342,340,0,0,1
lqr_sysid_csv,14465,340,sample,321,0,10,0,0,0,0,0,187,342,340,0,0,1
lqr_sysid_csv,14475,340,sample,322,0,10,0,0,0,0,0,187,342,340,0,0,1
lqr_sysid_csv,14486,340,sample,323,0,10,0,0,0,0,0,187,342,340,0,0,1
lqr_sysid_csv,14496,340,sample,324,0,10,0,0,0,0,0,187,342,340,0,0,1
lqr_sysid_csv,14507,340,sample,325,0,10,0,0,0,0,0,186,342,340,0,0,1
lqr_sysid_csv,14517,340,sample,326,0,10,0,0,0,0,0,186,342,340,0,0,1
lqr_sysid_csv,14527,340,sample,327,0,10,0,0,0,0,0,186,342,340,0,0,1
lqr_sysid_csv,14537,340,sample,328,0,10,0,0,0,0,0,186,342,340,0,0,1
lqr_sysid_csv,14547,340,sample,329,0,10,0,0,0,0,0,186,342,340,0,0,1
lqr_sysid_csv,14558,340,sample,330,0,10,0,0,0,0,0,186,342,340,0,0,1
lqr_sysid_csv,14568,340,sample,331,0,10,0,0,0,0,0,186,342,340,0,0,1
lqr_sysid_csv,14578,340,sample,332,0,10,0,0,0,0,0,186,342,340,0,0,1
lqr_sysid_csv,14588,340,sample,333,0,10,0,0,0,0,0,186,342,340,0,0,1
lqr_sysid_csv,14598,340,sample,334,0,10,0,0,0,0,0,186,342,340,0,0,1
lqr_sysid_csv,14608,340,sample,335,0,10,0,0,0,0,0,186,342,340,0,0,1
lqr_sysid_csv,14618,340,sample,336,0,10,0,0,0,0,0,186,342,340,0,0,1
lqr_sysid_csv,14628,340,sample,337,0,10,0,0,0,0,0,186,342,340,0,0,1
lqr_sysid_csv,14638,340,sample,338,0,10,0,0,0,0,0,-213,342,340,0,0,1
lqr_sysid_csv,14649,340,sample,339,0,10,0,0,0,0,0,-213,342,340,0,0,1
lqr_sysid_csv,14659,340,sample,340,0,10,0,0,0,0,0,-213,342,340,0,0,1
lqr_sysid_csv,14670,340,sample,341,0,10,0,0,0,0,0,-213,342,340,0,0,1
lqr_sysid_csv,14680,340,sample,342,0,10,0,0,0,0,0,-213,342,340,0,0,1
lqr_sysid_csv,14690,340,sample,343,0,10,0,0,0,0,0,-213,342,340,0,0,1
lqr_sysid_csv,14701,340,sample,344,0,10,0,0,0,0,0,-213,342,340,0,0,1
lqr_sysid_csv,14711,340,sample,345,0,10,0,0,0,0,0,-213,342,340,0,0,1
lqr_sysid_csv,14722,340,sample,346,0,10,0,0,0,0,0,-213,342,340,0,0,1
lqr_sysid_csv,14732,340,sample,347,0,10,0,0,0,0,0,-213,342,340,0,0,1
lqr_sysid_csv,14742,340,sample,348,0,10,0,0,0,0,0,-213,342,340,0,0,1
lqr_sysid_csv,14753,340,sample,349,0,10,0,0,0,0,0,-213,342,340,0,0,1
lqr_sysid_csv,14764,340,sample,350,0,10,0,0,0,0,0,-213,342,340,0,0,1
lqr_sysid_csv,14774,340,sample,351,0,10,0,0,0,0,0,-213,342,340,0,0,1
lqr_sysid_csv,14785,340,sample,352,0,10,0,0,0,0,0,-213,342,340,0,0,1
lqr_sysid_csv,14795,340,sample,353,0,10,0,0,0,0,0,-213,342,340,0,0,1
lqr_sysid_csv,14806,340,sample,354,0,10,0,0,0,0,0,-213,342,340,0,0,1
lqr_sysid_csv,14816,340,sample,355,0,10,0,0,0,0,0,-213,342,340,0,0,1
lqr_sysid_csv,14826,340,sample,356,0,10,0,0,0,0,0,-213,342,340,0,0,1
lqr_sysid_csv,14837,340,sample,357,0,10,0,0,0,0,0,-213,342,340,0,0,1
lqr_sysid_csv,14847,340,sample,358,0,10,0,0,0,0,0,-213,342,340,0,0,1
lqr_sysid_csv,14858,340,sample,359,0,10,0,0,0,0,0,-213,342,340,0,0,1
lqr_sysid_csv,14868,340,sample,360,0,10,0,0,0,0,0,-213,342,340,0,0,1
lqr_sysid_csv,14878,340,sample,361,0,10,0,0,0,0,0,-213,342,340,0,0,1
lqr_sysid_csv,14889,340,sample,362,0,10,0,0,0,0,0,-213,342,340,0,0,1
lqr_sysid_csv,14899,340,sample,363,0,10,0,0,0,0,0,-213,342,340,0,0,1
lqr_sysid_csv,14910,340,sample,364,0,10,0,0,0,0,0,-213,342,340,0,0,1
lqr_sysid_csv,14920,340,sample,365,0,10,0,0,0,0,0,-213,342,340,0,0,1
lqr_sysid_csv,14931,340,sample,366,0,10,0,0,0,0,0,-213,342,340,0,0,1
lqr_sysid_csv,14941,340,sample,367,0,10,0,0,0,0,0,-213,342,340,0,0,1
lqr_sysid_csv,14952,340,sample,368,0,10,0,0,0,0,0,-213,342,340,0,0,1
lqr_sysid_csv,14962,340,sample,369,0,10,0,0,0,0,0,-213,342,340,0,0,1
lqr_sysid_csv,14973,340,sample,370,0,10,0,0,0,0,0,186,342,340,0,0,1
lqr_sysid_csv,14983,340,sample,371,0,10,0,0,0,0,0,186,342,340,0,0,1
lqr_sysid_csv,14993,340,sample,372,0,10,0,0,0,0,0,186,342,340,0,0,1
lqr_sysid_csv,15004,340,sample,373,0,10,0,0,0,0,0,186,342,340,0,0,1
lqr_sysid_csv,15014,340,sample,374,0,10,0,0,0,0,0,186,342,340,0,0,1
lqr_sysid_csv,15024,340,sample,375,0,10,0,0,0,0,0,186,342,340,0,0,1
lqr_sysid_csv,15035,340,sample,376,0,10,0,0,0,0,0,186,342,340,0,0,1
lqr_sysid_csv,15045,340,sample,377,0,10,0,0,0,0,0,186,342,340,0,0,1
lqr_sysid_csv,15055,340,sample,378,0,10,0,0,0,0,0,186,342,340,0,0,1
lqr_sysid_csv,15065,340,sample,379,0,10,0,0,0,0,0,186,342,340,0,0,1
lqr_sysid_csv,15076,340,sample,380,0,10,0,0,0,0,0,186,342,340,0,0,1
lqr_sysid_csv,15086,340,sample,381,0,10,0,0,0,0,0,186,342,340,0,0,1
lqr_sysid_csv,15097,340,sample,382,0,10,0,0,0,0,0,186,342,340,0,0,1
lqr_sysid_csv,15107,340,sample,383,0,10,0,0,0,0,0,186,342,340,0,0,1
lqr_sysid_csv,15117,340,sample,384,0,10,0,0,0,0,0,186,342,340,0,0,1
lqr_sysid_csv,15127,340,sample,385,0,10,0,0,0,0,0,186,342,340,0,0,1
lqr_sysid_csv,15138,340,sample,386,0,10,0,0,0,0,0,186,342,340,0,0,1
lqr_sysid_csv,15148,340,sample,387,0,10,0,0,0,0,0,186,342,340,0,0,1
lqr_sysid_csv,15158,340,sample,388,0,10,0,0,0,0,0,186,342,340,0,0,1
lqr_sysid_csv,15169,340,sample,389,0,10,0,0,0,0,0,186,342,340,0,0,1
lqr_sysid_csv,15185,340,sample,390,0,10,0,0,0,0,0,186,342,340,0,0,1
lqr_sysid_csv,15195,340,sample,391,0,10,0,0,0,0,0,186,342,340,0,0,1
lqr_sysid_csv,15206,340,sample,392,0,10,0,0,0,0,0,186,342,340,0,0,1
lqr_sysid_csv,15216,340,sample,393,0,10,0,0,0,0,0,186,342,340,0,0,1
lqr_sysid_csv,15226,340,sample,394,0,10,0,0,0,0,0,186,342,340,0,0,1
lqr_sysid_csv,15236,340,sample,395,0,10,0,0,0,0,0,186,342,340,0,0,1
lqr_sysid_csv,15246,340,sample,396,0,10,0,0,0,0,0,186,342,340,0,0,1
lqr_sysid_csv,15257,340,sample,397,0,10,0,0,0,0,0,186,342,340,0,0,1
lqr_sysid_csv,15273,340,sample,398,0,10,0,0,0,0,0,186,342,340,0,0,1
lqr_sysid_csv,15283,340,sample,399,0,10,0,0,0,0,0,186,342,340,0,0,1
lqr_sysid_csv,15293,340,sample,400,0,10,0,0,0,0,0,186,342,340,0,0,1
lqr_sysid_csv,15304,340,sample,401,0,10,0,0,0,0,0,186,342,340,0,0,1
lqr_sysid_csv,15314,340,sample,402,0,10,0,0,0,0,0,186,342,340,0,0,1
lqr_sysid_csv,15324,340,sample,403,0,10,0,0,0,0,0,186,342,340,0,0,1
lqr_sysid_csv,15334,340,sample,404,0,10,0,0,0,0,0,186,342,340,0,0,1
lqr_sysid_csv,15344,340,sample,405,0,10,0,0,0,0,0,186,342,340,0,0,1
lqr_sysid_csv,15354,340,sample,406,0,10,0,0,0,0,0,186,342,340,0,0,1
lqr_sysid_csv,15365,340,sample,407,0,10,0,0,0,0,0,186,342,340,0,0,1
lqr_sysid_csv,15382,340,sample,408,0,10,0,0,0,0,0,186,342,340,0,0,1
lqr_sysid_csv,15392,340,sample,409,0,10,0,0,0,0,0,186,342,340,0,0,1
lqr_sysid_csv,15402,340,sample,410,0,10,0,0,0,0,0,186,342,340,0,0,1
lqr_sysid_csv,15412,340,sample,411,0,10,0,0,0,0,0,186,342,340,0,0,1
lqr_sysid_csv,15422,340,sample,412,0,10,0,0,0,0,0,186,342,340,0,0,1
lqr_sysid_csv,15432,340,sample,413,0,10,0,0,0,0,0,186,342,340,0,0,1
lqr_sysid_csv,15442,340,sample,414,0,10,0,0,0,0,0,186,342,340,0,0,1
lqr_sysid_csv,15452,340,sample,415,0,10,0,0,0,0,0,186,342,340,0,0,1
lqr_sysid_csv,15462,340,sample,416,0,10,0,0,0,0,0,186,342,340,0,0,1
lqr_sysid_csv,15473,340,sample,417,0,10,0,0,0,0,0,186,342,340,0,0,1
lqr_sysid_csv,15483,340,sample,418,0,10,0,0,0,0,0,186,342,340,0,0,1
lqr_sysid_csv,15494,340,sample,419,0,10,0,0,0,0,0,186,342,340,0,0,1
lqr_sysid_csv,15504,340,sample,420,0,10,0,0,0,0,0,186,342,340,0,0,1
lqr_sysid_csv,15514,340,sample,421,0,10,0,0,0,0,0,186,342,340,0,0,1
lqr_sysid_csv,15524,340,sample,422,0,10,0,0,0,0,0,186,342,340,0,0,1
lqr_sysid_csv,15534,340,sample,423,0,10,0,0,0,0,0,186,342,340,0,0,1
lqr_sysid_csv,15544,340,sample,424,0,10,0,0,0,0,0,186,342,340,0,0,1
lqr_sysid_csv,15554,340,sample,425,0,10,0,0,0,0,0,186,342,340,0,0,1
lqr_sysid_csv,15564,340,sample,426,0,10,0,0,0,0,0,186,342,340,0,0,1
lqr_sysid_csv,15574,340,sample,427,0,10,0,0,0,0,0,186,342,340,0,0,1
lqr_sysid_csv,15585,340,sample,428,0,10,0,0,0,0,0,186,342,340,0,0,1
lqr_sysid_csv,15595,340,sample,429,0,10,0,0,0,0,0,186,342,340,0,0,1
lqr_sysid_csv,15605,340,sample,430,0,10,0,0,0,0,0,186,342,340,0,0,1
lqr_sysid_csv,15616,340,sample,431,0,10,0,0,0,0,0,-213,342,340,0,0,1
lqr_sysid_csv,15626,340,sample,432,0,10,0,0,0,0,0,-213,342,340,0,0,1
lqr_sysid_csv,15637,340,sample,433,0,10,0,0,0,0,0,-213,342,340,0,0,1
lqr_sysid_csv,15647,340,sample,434,0,10,0,0,0,0,0,-213,342,340,0,0,1
lqr_sysid_csv,15658,340,sample,435,0,10,0,0,0,0,0,-213,342,340,0,0,1
lqr_sysid_csv,15668,340,sample,436,0,10,0,0,0,0,0,-213,342,340,0,0,1
lqr_sysid_csv,15679,340,sample,437,0,10,0,0,0,0,0,-213,342,340,0,0,1
lqr_sysid_csv,15689,340,sample,438,0,10,0,0,0,0,0,-213,342,340,0,0,1
lqr_sysid_csv,15700,340,sample,439,0,10,0,0,0,0,0,-213,342,340,0,0,1
lqr_sysid_csv,15716,340,sample,440,0,10,0,0,0,0,0,-213,342,340,0,0,1
lqr_sysid_csv,15727,340,sample,441,0,10,0,0,0,0,0,-213,342,340,0,0,1
lqr_sysid_csv,15737,340,sample,442,0,10,0,0,0,0,0,-213,342,340,0,0,1
lqr_sysid_csv,15754,340,sample,443,0,10,0,0,0,0,0,-213,342,340,0,0,1
lqr_sysid_csv,15765,340,sample,444,0,10,0,0,0,0,0,-213,342,340,0,0,1
lqr_sysid_csv,15775,340,sample,445,0,10,0,0,0,0,0,-213,342,340,0,0,1
lqr_sysid_csv,15786,340,sample,446,0,10,0,0,0,0,0,-213,342,340,0,0,1
lqr_sysid_csv,15803,340,sample,447,0,10,0,0,0,0,0,-213,342,340,0,0,1
lqr_sysid_csv,15813,340,sample,448,0,10,0,0,0,0,0,-213,342,340,0,0,1
lqr_sysid_csv,15823,340,sample,449,0,10,0,0,0,0,0,-213,342,340,0,0,1
lqr_sysid_csv,15833,340,sample,450,0,10,0,0,0,0,0,-213,342,340,0,0,1
lqr_sysid_csv,15843,340,sample,451,0,10,0,0,0,0,0,-213,342,340,0,0,1
lqr_sysid_csv,15854,340,sample,452,0,10,0,0,0,0,0,-213,342,340,0,0,1
lqr_sysid_csv,15864,340,sample,453,0,10,0,0,0,0,0,-213,342,340,0,0,1
lqr_sysid_csv,15875,340,sample,454,0,10,0,0,0,0,0,-213,342,340,0,0,1
lqr_sysid_csv,15885,340,sample,455,0,10,0,0,0,0,0,-213,342,340,0,0,1
lqr_sysid_csv,15895,340,sample,456,0,10,0,0,0,0,0,-213,342,340,0,0,1
lqr_sysid_csv,15906,340,sample,457,0,10,0,0,0,0,0,-213,342,340,0,0,1
lqr_sysid_csv,15916,340,sample,458,0,10,0,0,0,0,0,-213,342,340,0,0,1
lqr_sysid_csv,15926,340,sample,459,0,10,0,0,0,0,0,-213,342,340,0,0,1
lqr_sysid_csv,15936,340,sample,460,0,10,0,0,0,0,0,186,342,340,0,0,1
lqr_sysid_csv,15946,340,sample,461,0,10,0,0,0,0,0,186,342,340,0,0,1
lqr_sysid_csv,15956,340,sample,462,0,10,0,0,0,0,0,186,342,340,0,0,1
lqr_sysid_csv,15966,340,sample,463,0,10,0,0,0,0,0,186,342,340,0,0,1
lqr_sysid_csv,15977,340,sample,464,0,10,0,0,0,0,0,186,342,340,0,0,1
lqr_sysid_csv,15986,340,sample,465,0,10,0,0,0,0,0,186,342,340,0,0,1
lqr_sysid_csv,15996,340,sample,466,0,10,0,0,0,0,0,186,342,340,0,0,1
lqr_sysid_csv,16006,340,sample,467,0,10,0,0,0,0,0,186,342,340,0,0,1
lqr_sysid_csv,16016,340,sample,468,0,10,0,0,0,0,0,186,342,340,0,0,1
lqr_sysid_csv,16026,340,sample,469,0,10,0,0,0,0,0,186,342,340,0,0,1
lqr_sysid_csv,16036,340,sample,470,0,10,0,0,0,0,0,186,342,340,0,0,1
lqr_sysid_csv,16046,340,sample,471,0,10,0,0,0,0,0,186,342,340,0,0,1
lqr_sysid_csv,16056,340,sample,472,0,10,0,0,0,0,0,186,342,340,0,0,1
lqr_sysid_csv,16066,340,sample,473,0,10,0,0,0,0,0,186,342,340,0,0,1
lqr_sysid_csv,16076,340,sample,474,0,10,0,0,0,0,0,186,342,340,0,0,1
lqr_sysid_csv,16086,340,sample,475,0,10,0,0,0,0,0,186,342,340,0,0,1
lqr_sysid_csv,16096,340,sample,476,0,10,0,0,0,0,0,186,342,340,0,0,1
lqr_sysid_csv,16106,340,sample,477,0,10,0,0,0,0,0,186,342,340,0,0,1
lqr_sysid_csv,16116,340,sample,478,0,10,0,0,0,0,0,186,342,340,0,0,1
lqr_sysid_csv,16126,340,sample,479,0,10,0,0,0,0,0,186,342,340,0,0,1
lqr_sysid_csv,16136,340,sample,480,0,10,0,0,0,0,0,186,342,340,0,0,1
lqr_sysid_csv,16146,340,sample,481,0,10,0,0,0,0,0,186,342,340,0,0,1
lqr_sysid_csv,16156,340,sample,482,0,10,0,0,0,0,0,186,342,340,0,0,1
lqr_sysid_csv,16167,340,sample,483,0,10,0,0,0,0,0,186,342,340,0,0,1
lqr_sysid_csv,16177,340,sample,484,0,10,0,0,0,0,0,186,342,340,0,0,1
lqr_sysid_csv,16188,340,sample,485,0,10,0,0,0,0,0,186,342,340,0,0,1
lqr_sysid_csv,16198,340,sample,486,0,10,0,0,0,0,0,186,342,340,0,0,1
lqr_sysid_csv,16209,340,sample,487,0,10,0,0,0,0,0,186,342,340,0,0,1
lqr_sysid_csv,16218,340,sample,488,0,10,0,0,0,0,0,186,342,340,0,0,1
lqr_sysid_csv,16228,340,sample,489,0,10,0,0,0,0,0,186,342,340,0,0,1
lqr_sysid_csv,16239,340,sample,490,0,10,0,0,0,0,0,186,342,340,0,0,1
lqr_sysid_csv,16249,340,sample,491,0,10,0,0,0,0,0,186,342,340,0,0,1
lqr_sysid_csv,16259,340,sample,492,0,10,0,0,0,0,0,186,342,340,0,0,1
lqr_sysid_csv,16269,340,sample,493,0,10,0,0,0,0,0,186,342,340,0,0,1
lqr_sysid_csv,16279,340,sample,494,0,10,0,0,0,0,0,186,342,340,0,0,1
lqr_sysid_csv,16289,340,sample,495,0,10,0,0,0,0,0,186,342,340,0,0,1
lqr_sysid_csv,16299,340,sample,496,0,10,0,0,0,0,0,186,342,340,0,0,1
lqr_sysid_csv,16310,340,sample,497,0,10,0,0,0,0,0,186,342,340,0,0,1
lqr_sysid_csv,16320,340,sample,498,0,10,0,0,0,0,0,186,342,340,0,0,1
lqr_sysid_csv,16331,340,sample,499,0,10,0,0,0,0,0,186,342,340,0,0,1
lqr_sysid_csv,16341,340,sample,500,0,10,0,0,0,0,0,186,342,340,0,0,1
lqr_sysid_csv,16352,340,sample,501,0,10,0,0,0,0,0,186,342,340,0,0,1
lqr_sysid_csv,16362,340,sample,502,0,10,0,0,0,0,0,186,342,340,0,0,1
lqr_sysid_csv,16372,340,sample,503,0,10,0,0,0,0,0,186,342,340,0,0,1
lqr_sysid_csv,16383,340,sample,504,0,10,0,0,0,0,0,186,342,340,0,0,1
lqr_sysid_csv,16399,340,sample,505,0,10,0,0,0,0,0,186,342,340,0,0,1
lqr_sysid_csv,16409,340,sample,506,0,10,0,0,0,0,0,186,342,340,0,0,1
lqr_sysid_csv,16419,340,sample,507,0,10,0,0,0,0,0,186,342,340,0,0,1
lqr_sysid_csv,16429,340,sample,508,0,10,0,0,0,0,0,186,342,340,0,0,1
lqr_sysid_csv,16439,340,sample,509,0,10,0,0,0,0,0,186,342,340,0,0,1
lqr_sysid_csv,16449,340,sample,510,0,10,0,0,0,0,0,186,342,340,0,0,1
lqr_sysid_csv,16459,340,sample,511,0,10,0,0,0,0,0,186,342,340,0,0,1
lqr_sysid_csv,16469,340,sample,512,0,10,0,0,0,0,0,186,342,340,0,0,1
lqr_sysid_csv,16479,340,sample,513,0,10,0,0,0,0,0,186,342,340,0,0,1
lqr_sysid_csv,16489,340,sample,514,0,10,0,0,0,0,0,186,342,340,0,0,1
lqr_sysid_csv,16499,340,sample,515,0,10,0,0,0,0,0,186,342,340,0,0,1
lqr_sysid_csv,16509,340,sample,516,0,10,0,0,0,0,0,186,342,340,0,0,1
lqr_sysid_csv,16519,340,sample,517,0,10,0,0,0,0,0,186,342,340,0,0,1
lqr_sysid_csv,16529,340,sample,518,0,10,0,0,0,0,0,186,342,340,0,0,1
lqr_sysid_csv,16540,340,sample,519,0,10,0,0,0,0,0,186,342,340,0,0,1
lqr_sysid_csv,16550,340,sample,520,0,10,0,0,0,0,0,186,342,340,0,0,1
lqr_sysid_csv,16560,340,sample,521,0,10,0,0,0,0,0,186,342,340,0,0,1
lqr_sysid_csv,16570,340,sample,522,0,10,0,0,0,0,0,186,342,340,0,0,1
lqr_sysid_csv,16580,340,sample,523,0,10,0,0,0,0,0,-213,342,340,0,0,1
lqr_sysid_csv,16590,340,sample,524,0,10,0,0,0,0,0,-213,342,340,0,0,1
lqr_sysid_csv,16600,340,sample,525,0,10,0,0,0,0,0,-213,342,340,0,0,1
lqr_sysid_csv,16611,340,sample,526,0,10,0,0,0,0,0,-213,342,340,0,0,1
lqr_sysid_csv,16621,340,sample,527,0,10,0,0,0,0,0,-213,342,340,0,0,1
lqr_sysid_csv,16631,340,sample,528,0,10,0,0,0,0,0,-213,342,340,0,0,1
lqr_sysid_csv,16641,340,sample,529,0,10,0,0,0,0,0,-213,342,340,0,0,1
lqr_sysid_csv,16651,340,sample,530,0,10,0,0,0,0,0,-213,342,340,0,0,1
lqr_sysid_csv,16662,340,sample,531,0,10,0,0,0,0,0,-213,342,340,0,0,1
lqr_sysid_csv,16672,340,sample,532,0,10,0,0,0,0,0,-213,342,340,0,0,1
lqr_sysid_csv,16683,340,sample,533,0,10,0,0,0,0,0,-213,342,340,0,0,1
lqr_sysid_csv,16693,340,sample,534,0,10,0,0,0,0,0,-213,342,340,0,0,1
lqr_sysid_csv,16703,340,sample,535,0,10,0,0,0,0,0,-213,342,340,0,0,1
lqr_sysid_csv,16713,340,sample,536,0,10,0,0,0,0,0,-213,342,340,0,0,1
lqr_sysid_csv,16724,340,sample,537,0,10,0,0,0,0,0,-213,342,340,0,0,1
lqr_sysid_csv,16740,340,sample,538,0,10,0,0,0,0,0,-213,342,340,0,0,1
lqr_sysid_csv,16750,340,sample,539,0,10,0,0,0,0,0,-213,342,340,0,0,1
lqr_sysid_csv,16760,340,sample,540,0,10,0,0,0,0,0,-213,342,340,0,0,1
lqr_sysid_csv,16771,340,sample,541,0,10,0,0,0,0,0,-213,342,340,0,0,1
lqr_sysid_csv,16782,340,sample,542,0,10,0,0,0,0,0,-213,342,340,0,0,1
lqr_sysid_csv,16792,340,sample,543,0,10,0,0,0,0,0,-213,342,340,0,0,1
lqr_sysid_csv,16803,340,sample,544,0,10,0,0,0,0,0,-213,342,340,0,0,1
lqr_sysid_csv,16813,340,sample,545,0,10,0,0,0,0,0,-213,342,340,0,0,1
lqr_sysid_csv,16824,340,sample,546,0,10,0,0,0,0,0,-213,342,340,0,0,1
lqr_sysid_csv,16834,340,sample,547,0,10,0,0,0,0,0,-213,342,340,0,0,1
lqr_sysid_csv,16845,340,sample,548,0,10,0,0,0,0,0,-213,342,340,0,0,1
lqr_sysid_csv,16855,340,sample,549,0,10,0,0,0,0,0,-213,342,340,0,0,1
lqr_sysid_csv,16866,340,sample,550,0,10,0,0,0,0,0,-213,342,340,0,0,1
lqr_sysid_csv,16876,340,sample,551,0,10,0,0,0,0,0,-213,342,340,0,0,1
lqr_sysid_csv,16887,340,sample,552,0,10,0,0,0,0,0,-213,342,340,0,0,1
lqr_sysid_csv,16897,340,sample,553,0,10,0,0,0,0,0,-213,342,340,0,0,1
lqr_sysid_csv,16907,340,sample,554,0,10,0,0,0,0,0,186,342,340,0,0,1
lqr_sysid_csv,16918,340,sample,555,0,10,0,0,0,0,0,186,342,340,0,0,1
lqr_sysid_csv,16928,340,sample,556,0,10,0,0,0,0,0,186,342,340,0,0,1
lqr_sysid_csv,16938,340,sample,557,0,10,0,0,0,0,0,186,342,340,0,0,1
lqr_sysid_csv,16949,340,sample,558,0,10,0,0,0,0,0,186,342,340,0,0,1
lqr_sysid_csv,16959,340,sample,559,0,10,0,0,0,0,0,186,342,340,0,0,1
lqr_sysid_csv,16970,340,sample,560,0,10,0,0,0,0,0,186,342,340,0,0,1
lqr_sysid_csv,16980,340,sample,561,0,10,0,0,0,0,0,186,342,340,0,0,1
lqr_sysid_csv,16991,340,sample,562,0,10,0,0,0,0,0,186,342,340,0,0,1
lqr_sysid_csv,17000,340,sample,563,0,10,0,0,0,0,0,186,342,340,0,0,1
lqr_sysid_csv,17010,340,sample,564,0,10,0,0,0,0,0,186,342,340,0,0,1
lqr_sysid_csv,17021,340,sample,565,0,10,0,0,0,0,0,186,342,340,0,0,1
lqr_sysid_csv,17036,340,sample,566,0,10,0,0,0,0,0,186,342,340,0,0,1
lqr_sysid_csv,17046,340,sample,567,0,10,0,0,0,0,0,186,342,340,0,0,1
lqr_sysid_csv,17057,340,sample,568,0,10,0,0,0,0,0,186,342,340,0,0,1
lqr_sysid_csv,17073,340,sample,569,0,10,0,0,0,0,0,186,342,340,0,0,1
lqr_sysid_csv,17083,340,sample,570,0,10,0,0,0,0,0,186,342,340,0,0,1
lqr_sysid_csv,17093,340,sample,571,0,10,0,0,0,0,0,186,342,340,0,0,1
lqr_sysid_csv,17103,340,sample,572,0,10,0,0,0,0,0,186,342,340,0,0,1
lqr_sysid_csv,17113,340,sample,573,0,10,0,0,0,0,0,186,342,340,0,0,1
lqr_sysid_csv,17124,340,sample,574,0,10,0,0,0,0,0,186,342,340,0,0,1
lqr_sysid_csv,17134,340,sample,575,0,10,0,0,0,0,0,186,342,340,0,0,1
lqr_sysid_csv,17144,340,sample,576,0,10,0,0,0,0,0,186,342,340,0,0,1
lqr_sysid_csv,17154,340,sample,577,0,10,0,0,0,0,0,186,342,340,0,0,1
lqr_sysid_csv,17164,340,sample,578,0,10,0,0,0,0,0,186,342,340,0,0,1
lqr_sysid_csv,17174,340,sample,579,0,10,0,0,0,0,0,186,342,340,0,0,1
lqr_sysid_csv,17184,340,sample,580,0,10,0,0,0,0,0,186,342,340,0,0,1
lqr_sysid_csv,17194,340,sample,581,0,10,0,0,0,0,0,186,342,340,0,0,1
lqr_sysid_csv,17204,340,sample,582,0,10,0,0,0,0,0,186,342,340,0,0,1
lqr_sysid_csv,17215,340,sample,583,0,10,0,0,0,0,0,186,342,340,0,0,1
lqr_sysid_csv,17225,340,sample,584,0,10,0,0,0,0,0,186,342,340,0,0,1
lqr_sysid_csv,17235,340,sample,585,0,10,0,0,0,0,0,186,342,340,0,0,1
lqr_sysid_csv,17245,340,sample,586,0,10,0,0,0,0,0,186,342,340,0,0,1
lqr_sysid_csv,17255,340,sample,587,0,10,0,0,0,0,0,186,342,340,0,0,1
lqr_sysid_csv,17265,340,sample,588,0,10,0,0,0,0,0,186,342,340,0,0,1
lqr_sysid_csv,17275,340,sample,589,0,10,0,0,0,0,0,186,342,340,0,0,1
lqr_sysid_csv,17285,340,sample,590,0,10,0,0,0,0,0,186,342,340,0,0,1
lqr_sysid_csv,17295,340,sample,591,0,10,0,0,0,0,0,186,342,340,0,0,1
lqr_sysid_csv,17305,340,sample,592,0,10,0,0,0,0,0,186,342,340,0,0,1
lqr_sysid_csv,17316,340,sample,593,0,10,0,0,0,0,0,186,342,340,0,0,1
lqr_sysid_csv,17326,340,sample,594,0,10,0,0,0,0,0,186,342,340,0,0,1
lqr_sysid_csv,17336,340,sample,595,0,10,0,0,0,0,0,186,342,340,0,0,1
lqr_sysid_csv,17346,340,sample,596,0,10,0,0,0,0,0,186,342,340,0,0,1
lqr_sysid_csv,17357,340,sample,597,0,10,0,0,0,0,0,186,342,340,0,0,1
lqr_sysid_csv,17374,340,sample,598,0,10,0,0,0,0,0,186,342,340,0,0,1
lqr_sysid_csv,17384,340,sample,599,0,10,0,0,0,0,0,186,342,340,0,0,1
lqr_sysid_csv,17394,340,sample,600,0,10,0,0,0,0,0,186,342,340,0,0,1
lqr_sysid_csv,17405,340,sample,601,0,10,0,0,0,0,0,186,342,340,0,0,1
lqr_sysid_csv,17415,340,sample,602,0,10,0,0,0,0,0,186,342,340,0,0,1
lqr_sysid_csv,17425,340,sample,603,0,10,0,0,0,0,0,186,342,340,0,0,1
lqr_sysid_csv,17435,340,sample,604,0,10,0,0,0,0,0,186,342,340,0,0,1
lqr_sysid_csv,17445,340,sample,605,0,10,0,0,0,0,0,186,342,340,0,0,1
lqr_sysid_csv,17456,340,sample,606,0,10,0,0,0,0,0,186,342,340,0,0,1
lqr_sysid_csv,17466,340,sample,607,0,10,0,0,0,0,0,186,342,340,0,0,1
lqr_sysid_csv,17477,340,sample,608,0,10,0,0,0,0,0,186,342,340,0,0,1
lqr_sysid_csv,17487,340,sample,609,0,10,0,0,0,0,0,186,342,340,0,0,1
lqr_sysid_csv,17497,340,sample,610,0,10,0,0,0,0,0,186,342,340,0,0,1
lqr_sysid_csv,17507,340,sample,611,0,10,0,0,0,0,0,186,342,340,0,0,1
lqr_sysid_csv,17517,340,sample,612,0,10,0,0,0,0,0,186,342,340,0,0,1
lqr_sysid_csv,17527,340,sample,613,0,10,0,0,0,0,0,186,342,340,0,0,1
lqr_sysid_csv,17537,340,sample,614,0,10,0,0,0,0,0,186,342,340,0,0,1
lqr_sysid_csv,17547,340,sample,615,0,10,0,0,0,0,0,-213,342,340,0,0,1
lqr_sysid_csv,17558,340,sample,616,0,10,0,0,0,0,0,-213,342,340,0,0,1
lqr_sysid_csv,17568,340,sample,617,0,10,0,0,0,0,0,-213,342,340,0,0,1
lqr_sysid_csv,17578,340,sample,618,0,10,0,0,0,0,0,-213,342,340,0,0,1
lqr_sysid_csv,17589,340,sample,619,0,10,0,0,0,0,0,-213,342,340,0,0,1
lqr_sysid_csv,17599,340,sample,620,0,10,0,0,0,0,0,-213,342,340,0,0,1
lqr_sysid_csv,17609,340,sample,621,0,10,0,0,0,0,0,-213,342,340,0,0,1
lqr_sysid_csv,17619,340,sample,622,0,10,0,0,0,0,0,-213,342,340,0,0,1
lqr_sysid_csv,17630,340,sample,623,0,10,0,0,0,0,0,-213,342,340,0,0,1
lqr_sysid_csv,17640,340,sample,624,0,10,0,0,0,0,0,-213,342,340,0,0,1
lqr_sysid_csv,17650,340,sample,625,0,10,0,0,0,0,0,-212,342,340,0,0,1
lqr_sysid_csv,17661,340,sample,626,0,10,0,0,0,0,0,-212,342,340,0,0,1
lqr_sysid_csv,17676,340,sample,627,0,10,0,0,0,0,0,-212,342,340,0,0,1
lqr_sysid_csv,17686,340,sample,628,0,10,0,0,0,0,0,-212,342,340,0,0,1
lqr_sysid_csv,17697,340,sample,629,0,10,0,0,0,0,0,-212,342,340,0,0,1
lqr_sysid_csv,17708,340,sample,630,0,10,0,0,0,0,0,-212,342,340,0,0,1
lqr_sysid_csv,17718,340,sample,631,0,10,0,0,0,0,0,-212,342,340,0,0,1
lqr_sysid_csv,17728,340,sample,632,0,10,0,0,0,0,0,-212,342,340,0,0,1
lqr_sysid_csv,17739,340,sample,633,0,10,0,0,0,0,0,-212,342,340,0,0,1
lqr_sysid_csv,17749,340,sample,634,0,10,0,0,0,0,0,-212,342,340,0,0,1
lqr_sysid_csv,17760,340,sample,635,0,10,0,0,0,0,0,-212,342,340,0,0,1
lqr_sysid_csv,17770,340,sample,636,0,10,0,0,0,0,0,-212,342,340,0,0,1
lqr_sysid_csv,17780,340,sample,637,0,10,0,0,0,0,0,-212,342,340,0,0,1
lqr_sysid_csv,17791,340,sample,638,0,10,0,0,0,0,0,-212,342,340,0,0,1
lqr_sysid_csv,17801,340,sample,639,0,10,0,0,0,0,0,-212,342,340,0,0,1
lqr_sysid_csv,17811,340,sample,640,0,10,0,0,0,0,0,-212,342,340,0,0,1
lqr_sysid_csv,17821,340,sample,641,0,10,0,0,0,0,0,-212,342,340,0,0,1
lqr_sysid_csv,17831,340,sample,642,0,10,0,0,0,0,0,-212,342,340,0,0,1
lqr_sysid_csv,17841,340,sample,643,0,10,0,0,0,0,0,-212,342,340,0,0,1
lqr_sysid_csv,17852,340,sample,644,0,10,0,0,0,0,0,-212,342,340,0,0,1
lqr_sysid_csv,17863,340,sample,645,0,10,0,0,0,0,0,-212,342,340,0,0,1
lqr_sysid_csv,17873,340,sample,646,0,10,0,0,0,0,0,187,342,340,0,0,1
lqr_sysid_csv,17884,340,sample,647,0,10,0,0,0,0,0,187,342,340,0,0,1
lqr_sysid_csv,17894,340,sample,648,0,10,0,0,0,0,0,187,342,340,0,0,1
lqr_sysid_csv,17905,340,sample,649,0,10,0,0,0,0,0,187,342,340,0,0,1
lqr_sysid_csv,17914,340,sample,650,0,10,0,0,0,0,0,187,342,340,0,0,1
lqr_sysid_csv,17924,340,sample,651,0,10,0,0,0,0,0,187,342,340,0,0,1
lqr_sysid_csv,17935,340,sample,652,0,10,0,0,0,0,0,187,342,340,0,0,1
lqr_sysid_csv,17945,340,sample,653,0,10,0,0,0,0,0,187,342,340,0,0,1
lqr_sysid_csv,17955,340,sample,654,0,10,0,0,0,0,0,187,342,340,0,0,1
lqr_sysid_csv,17965,340,sample,655,0,10,0,0,0,0,0,187,342,340,0,0,1
lqr_sysid_csv,17975,340,sample,656,0,10,0,0,0,0,0,187,342,340,0,0,1
lqr_sysid_csv,17985,340,sample,657,0,10,0,0,0,0,0,187,342,340,0,0,1
lqr_sysid_csv,17995,340,sample,658,0,10,0,0,0,0,0,187,342,340,0,0,1
lqr_sysid_csv,18006,340,sample,659,0,10,0,0,0,0,0,187,342,340,0,0,1
lqr_sysid_csv,18015,340,sample,660,0,10,0,0,0,0,0,187,342,340,0,0,1
lqr_sysid_csv,18025,340,sample,661,0,10,0,0,0,0,0,187,342,340,0,0,1
lqr_sysid_csv,18035,340,sample,662,0,10,0,0,0,0,0,187,342,340,0,0,1
lqr_sysid_csv,18045,340,sample,663,0,10,0,0,0,0,0,187,342,340,0,0,1
lqr_sysid_csv,18055,340,sample,664,0,10,0,0,0,0,0,187,342,340,0,0,1
lqr_sysid_csv,18065,340,sample,665,0,10,0,0,0,0,0,187,342,340,0,0,1
lqr_sysid_csv,18075,340,sample,666,0,10,0,0,0,0,0,187,342,340,0,0,1
lqr_sysid_csv,18085,340,sample,667,0,10,0,0,0,0,0,187,342,340,0,0,1
lqr_sysid_csv,18095,340,sample,668,0,10,0,0,0,0,0,187,342,340,0,0,1
lqr_sysid_csv,18105,340,sample,669,0,10,0,0,0,0,0,187,342,340,0,0,1
lqr_sysid_csv,18115,340,sample,670,0,10,0,0,0,0,0,187,342,340,0,0,1
lqr_sysid_csv,18125,340,sample,671,0,10,0,0,0,0,0,187,342,340,0,0,1
lqr_sysid_csv,18135,340,sample,672,0,10,0,0,0,0,0,187,342,340,0,0,1
lqr_sysid_csv,18145,340,sample,673,0,10,0,0,0,0,0,187,342,340,0,0,1
lqr_sysid_csv,18155,340,sample,674,0,10,0,0,0,0,0,187,342,340,0,0,1
lqr_sysid_csv,18165,340,sample,675,0,10,0,0,0,0,0,187,342,340,0,0,1
lqr_sysid_csv,18175,340,sample,676,0,10,0,0,0,0,0,187,342,340,0,0,1
lqr_sysid_csv,18185,340,sample,677,0,10,0,0,0,0,0,187,342,340,0,0,1
lqr_sysid_csv,18195,340,sample,678,0,10,0,0,0,0,0,-212,342,340,0,0,1
lqr_sysid_csv,18205,340,sample,679,0,10,0,0,0,0,0,-212,342,340,0,0,1
lqr_sysid_csv,18215,340,sample,680,0,10,0,0,0,0,0,-212,342,340,0,0,1
lqr_sysid_csv,18226,340,sample,681,0,10,0,0,0,0,0,-212,342,340,0,0,1
lqr_sysid_csv,18242,340,sample,682,0,5,0,0,0,0,0,-211,342,340,0,0,1
lqr_sysid_csv,18252,340,sample,683,0,5,0,0,0,0,0,-208,342,340,0,0,1
lqr_sysid_csv,18262,340,sample,684,0,5,0,0,0,0,0,-207,342,340,0,0,1
lqr_sysid_csv,18272,340,sample,685,0,5,0,0,0,0,0,-207,342,340,0,0,1
lqr_sysid_csv,18282,340,sample,686,0,5,0,0,0,0,0,-207,342,340,0,0,1
lqr_sysid_csv,18292,340,sample,687,0,5,0,0,0,0,0,-207,342,340,0,0,1
lqr_sysid_csv,18302,340,sample,688,0,5,0,0,0,0,0,-207,342,340,0,0,1
lqr_sysid_csv,18312,340,sample,689,0,5,0,0,0,0,0,-207,342,340,0,0,1
lqr_sysid_csv,18322,340,sample,690,0,5,0,0,0,0,0,-207,342,340,0,0,1
lqr_sysid_csv,18333,340,sample,691,0,5,0,0,0,0,0,-207,342,340,0,0,1
lqr_sysid_csv,18343,340,sample,692,0,5,0,0,0,0,0,-207,342,340,0,0,1
lqr_sysid_csv,18360,340,sample,693,0,10,0,0,0,0,0,-211,342,340,0,0,1
lqr_sysid_csv,18370,340,sample,694,0,10,0,0,0,0,0,-212,342,340,0,0,1
lqr_sysid_csv,18380,340,sample,695,0,10,0,0,0,0,0,-212,342,340,0,0,1
lqr_sysid_csv,18390,340,sample,696,0,10,0,0,0,0,0,-212,342,340,0,0,1
lqr_sysid_csv,18401,340,sample,697,0,10,0,0,0,0,0,-212,342,340,0,0,1
lqr_sysid_csv,18411,340,sample,698,0,10,0,0,0,0,0,-212,342,340,0,0,1
lqr_sysid_csv,18421,340,sample,699,0,10,0,0,0,0,0,-212,342,340,0,0,1
lqr_sysid_csv,18431,340,sample,700,0,10,0,0,0,0,0,-212,342,340,0,0,1
lqr_sysid_csv,18441,340,sample,701,0,10,0,0,0,0,0,-212,342,340,0,0,1
lqr_sysid_csv,18452,340,sample,702,0,10,0,0,0,0,0,-212,342,340,0,0,1
lqr_sysid_csv,18462,340,sample,703,0,10,0,0,0,0,0,-212,342,340,0,0,1
lqr_sysid_csv,18473,340,sample,704,0,10,0,0,0,0,0,-212,342,340,0,0,1
lqr_sysid_csv,18489,340,sample,705,0,10,0,0,0,0,0,-212,342,340,0,0,1
lqr_sysid_csv,18500,340,sample,706,0,10,0,0,0,0,0,-212,342,340,0,0,1
lqr_sysid_csv,18511,340,sample,707,0,10,0,0,0,0,0,-212,342,340,0,0,1
lqr_sysid_csv,18521,340,sample,708,0,10,0,0,0,0,0,-212,342,340,0,0,1
lqr_sysid_csv,18531,340,sample,709,0,10,0,0,0,0,0,-212,342,340,0,0,1
lqr_sysid_csv,18541,340,sample,710,0,10,0,0,0,0,0,-212,342,340,0,0,1
lqr_sysid_csv,18551,340,sample,711,0,10,0,0,0,0,0,-212,342,340,0,0,1
lqr_sysid_csv,18561,340,sample,712,0,10,0,0,0,0,0,-212,342,340,0,0,1
lqr_sysid_csv,18572,340,sample,713,0,10,0,0,0,0,0,-212,342,340,0,0,1
lqr_sysid_csv,18582,340,sample,714,0,10,0,0,0,0,0,-212,342,340,0,0,1
lqr_sysid_csv,18592,340,sample,715,0,10,0,0,0,0,0,-212,342,340,0,0,1
lqr_sysid_csv,18602,340,sample,716,0,10,0,0,0,0,0,-212,342,340,0,0,1
lqr_sysid_csv,18612,340,sample,717,0,10,0,0,0,0,0,-212,342,340,0,0,1
lqr_sysid_csv,18622,340,sample,718,0,10,0,0,0,0,0,-212,342,340,0,0,1
lqr_sysid_csv,18633,340,sample,719,0,10,0,0,0,0,0,-212,342,340,0,0,1
lqr_sysid_csv,18643,340,sample,720,0,10,0,0,0,0,0,-212,342,340,0,0,1
lqr_sysid_csv,18653,340,sample,721,0,10,0,0,0,0,0,-212,342,340,0,0,1
lqr_sysid_csv,18663,340,sample,722,0,10,0,0,0,0,0,-212,342,340,0,0,1
lqr_sysid_csv,18673,340,sample,723,0,10,0,0,0,0,0,-212,342,340,0,0,1
lqr_sysid_csv,18684,340,sample,724,0,10,0,0,0,0,0,-212,342,340,0,0,1
lqr_sysid_csv,18694,340,sample,725,0,10,0,0,0,0,0,-212,342,340,0,0,1
lqr_sysid_csv,18705,340,sample,726,0,10,0,0,0,0,0,-212,342,340,0,0,1
lqr_sysid_csv,18715,340,sample,727,0,10,0,0,0,0,0,-212,342,340,0,0,1
lqr_sysid_csv,18725,340,sample,728,0,10,0,0,0,0,0,-212,342,340,0,0,1
lqr_sysid_csv,18736,340,sample,729,0,10,0,0,0,0,0,-212,342,340,0,0,1
lqr_sysid_csv,18746,340,sample,730,0,10,0,0,0,0,0,-212,342,340,0,0,1
lqr_sysid_csv,18756,340,sample,731,0,10,0,0,0,0,0,-212,342,340,0,0,1
lqr_sysid_csv,18766,340,sample,732,0,10,0,0,0,0,0,-212,342,340,0,0,1
lqr_sysid_csv,18776,340,sample,733,0,10,0,0,0,0,0,-212,342,340,0,0,1
lqr_sysid_csv,18786,340,sample,734,0,10,0,0,0,0,0,-212,342,340,0,0,1
lqr_sysid_csv,18796,340,sample,735,0,10,0,0,0,0,0,-212,342,340,0,0,1
lqr_sysid_csv,18806,340,sample,736,0,10,0,0,0,0,0,-212,342,340,0,0,1
lqr_sysid_csv,18816,340,sample,737,0,10,0,0,0,0,0,-212,342,340,0,0,1
lqr_sysid_csv,18826,340,sample,738,0,10,0,0,0,0,0,-212,342,340,0,0,1
lqr_sysid_csv,18836,340,sample,739,0,10,0,0,0,0,0,187,342,340,0,0,1
lqr_sysid_csv,18846,340,sample,740,0,10,0,0,0,0,0,187,342,340,0,0,1
lqr_sysid_csv,18856,340,sample,741,0,10,0,0,0,0,0,187,342,340,0,0,1
lqr_sysid_csv,18866,340,sample,742,0,10,0,0,0,0,0,187,342,340,0,0,1
lqr_sysid_csv,18876,340,sample,743,0,10,0,0,0,0,0,187,342,340,0,0,1
lqr_sysid_csv,18886,340,sample,744,0,10,0,0,0,0,0,187,342,340,0,0,1
lqr_sysid_csv,18897,340,sample,745,0,10,0,0,0,0,0,187,342,340,0,0,1
lqr_sysid_csv,18907,340,sample,746,0,10,0,0,0,0,0,187,342,340,0,0,1
lqr_sysid_csv,18917,340,sample,747,0,10,0,0,0,0,0,187,342,340,0,0,1
lqr_sysid_csv,18927,340,sample,748,0,10,0,0,0,0,0,187,342,340,0,0,1
lqr_sysid_csv,18937,340,sample,749,0,10,0,0,0,0,0,187,342,340,0,0,1
lqr_sysid_csv,18947,340,sample,750,0,10,0,0,0,0,0,187,342,340,0,0,1
lqr_sysid_csv,18957,340,sample,751,0,10,0,0,0,0,0,187,342,340,0,0,1
lqr_sysid_csv,18968,340,sample,752,0,10,0,0,0,0,0,187,342,340,0,0,1
lqr_sysid_csv,18978,340,sample,753,0,10,0,0,0,0,0,187,342,340,0,0,1
lqr_sysid_csv,18988,340,sample,754,0,10,0,0,0,0,0,187,342,340,0,0,1
lqr_sysid_csv,18998,340,sample,755,0,10,0,0,0,0,0,187,342,340,0,0,1
lqr_sysid_csv,19008,340,sample,756,0,10,0,0,0,0,0,187,342,340,0,0,1
lqr_sysid_csv,19018,340,sample,757,0,10,0,0,0,0,0,187,342,340,0,0,1
lqr_sysid_csv,19028,340,sample,758,0,10,0,0,0,0,0,187,342,340,0,0,1
lqr_sysid_csv,19038,340,sample,759,0,10,0,0,0,0,0,187,342,340,0,0,1
lqr_sysid_csv,19048,340,sample,760,0,10,0,0,0,0,0,187,342,340,0,0,1
lqr_sysid_csv,19058,340,sample,761,0,10,0,0,0,0,0,187,342,340,0,0,1
lqr_sysid_csv,19068,340,sample,762,0,10,0,0,0,0,0,187,342,340,0,0,1
lqr_sysid_csv,19078,340,sample,763,0,10,0,0,0,0,0,187,342,340,0,0,1
lqr_sysid_csv,19088,340,sample,764,0,10,0,0,0,0,0,187,342,340,0,0,1
lqr_sysid_csv,19098,340,sample,765,0,10,0,0,0,0,0,187,342,340,0,0,1
lqr_sysid_csv,19108,340,sample,766,0,10,0,0,0,0,0,187,342,340,0,0,1
lqr_sysid_csv,19118,340,sample,767,0,10,0,0,0,0,0,187,342,340,0,0,1
lqr_sysid_csv,19129,340,sample,768,0,10,0,0,0,0,0,187,342,340,0,0,1
lqr_sysid_csv,19145,340,sample,769,0,10,0,0,0,0,0,187,342,340,0,0,1
lqr_sysid_csv,19156,340,sample,770,0,10,0,0,0,0,0,-212,342,340,0,0,1
lqr_sysid_csv,19166,340,sample,771,0,10,0,0,0,0,0,-212,342,340,0,0,1
lqr_sysid_csv,19176,340,sample,772,0,10,0,0,0,0,0,-212,342,340,0,0,1
lqr_sysid_csv,19187,340,sample,773,0,10,0,0,0,0,0,-212,342,340,0,0,1
lqr_sysid_csv,19198,340,sample,774,0,10,0,0,0,0,0,-212,342,340,0,0,1
lqr_sysid_csv,19208,340,sample,775,0,10,0,0,0,0,0,-212,342,340,0,0,1
lqr_sysid_csv,19218,340,sample,776,0,10,0,0,0,0,0,-212,342,340,0,0,1
lqr_sysid_csv,19229,340,sample,777,0,10,0,0,0,0,0,-212,342,340,0,0,1
lqr_sysid_csv,19247,340,sample,778,0,10,0,0,0,0,0,-212,342,340,0,0,1
lqr_sysid_csv,19257,340,sample,779,0,10,0,0,0,0,0,-212,342,340,0,0,1
lqr_sysid_csv,19268,340,sample,780,0,10,0,0,0,0,0,-212,342,340,0,0,1
lqr_sysid_csv,19278,340,sample,781,0,10,0,0,0,0,0,-212,342,340,0,0,1
lqr_sysid_csv,19289,340,sample,782,0,10,0,0,0,0,0,-212,342,340,0,0,1
lqr_sysid_csv,19299,340,sample,783,0,10,0,0,0,0,0,-212,342,340,0,0,1
lqr_sysid_csv,19310,340,sample,784,0,10,0,0,0,0,0,-212,342,340,0,0,1
lqr_sysid_csv,19320,340,sample,785,0,10,0,0,0,0,0,-212,342,340,0,0,1
lqr_sysid_csv,19331,340,sample,786,0,10,0,0,0,0,0,-212,342,340,0,0,1
lqr_sysid_csv,19341,340,sample,787,0,10,0,0,0,0,0,-212,342,340,0,0,1
lqr_sysid_csv,19352,340,sample,788,0,10,0,0,0,0,0,-212,342,340,0,0,1
lqr_sysid_csv,19362,340,sample,789,0,10,0,0,0,0,0,-212,342,340,0,0,1
lqr_sysid_csv,19373,340,sample,790,0,10,0,0,0,0,0,-212,342,340,0,0,1
lqr_sysid_csv,19383,340,sample,791,0,10,0,0,0,0,0,-212,342,340,0,0,1
lqr_sysid_csv,19394,340,sample,792,0,10,0,0,0,0,0,-212,342,340,0,0,1
lqr_sysid_csv,19404,340,sample,793,0,10,0,0,0,0,0,-212,342,340,0,0,1
lqr_sysid_csv,19414,340,sample,794,0,10,0,0,0,0,0,-212,342,340,0,0,1
lqr_sysid_csv,19425,340,sample,795,0,10,0,0,0,0,0,-212,342,340,0,0,1
lqr_sysid_csv,19435,340,sample,796,0,10,0,0,0,0,0,-212,342,340,0,0,1
lqr_sysid_csv,19446,340,sample,797,0,10,0,0,0,0,0,-212,342,340,0,0,1
lqr_sysid_csv,19462,340,sample,798,0,10,0,0,0,0,0,-212,342,340,0,0,1
lqr_sysid_csv,19473,340,sample,799,0,10,0,0,0,0,0,-212,342,340,0,0,1
lqr_sysid_csv,19483,340,sample,800,0,10,0,0,0,0,0,-212,342,340,0,0,1
lqr_sysid_csv,19494,340,sample,801,0,10,0,0,0,0,0,-212,342,340,0,0,1
lqr_sysid_csv,19504,340,sample,802,0,10,0,0,0,0,0,-212,342,340,0,0,1
lqr_sysid_csv,19514,340,sample,803,0,10,0,0,0,0,0,-212,342,340,0,0,1
lqr_sysid_csv,19525,340,sample,804,0,10,0,0,0,0,0,-212,342,340,0,0,1
lqr_sysid_csv,19536,340,sample,805,0,10,0,0,0,0,0,-212,342,340,0,0,1
lqr_sysid_csv,19553,340,sample,806,0,10,0,0,0,0,0,-212,342,340,0,0,1
lqr_sysid_csv,19563,340,sample,807,0,10,0,0,0,0,0,-212,342,340,0,0,1
lqr_sysid_csv,19574,340,sample,808,0,10,0,0,0,0,0,-212,342,340,0,0,1
lqr_sysid_csv,19584,340,sample,809,0,10,0,0,0,0,0,-212,342,340,0,0,1
lqr_sysid_csv,19594,340,sample,810,0,10,0,0,0,0,0,-212,342,340,0,0,1
lqr_sysid_csv,19605,340,sample,811,0,10,0,0,0,0,0,-212,342,340,0,0,1
lqr_sysid_csv,19621,340,sample,812,0,10,0,0,0,0,0,-212,342,340,0,0,1
lqr_sysid_csv,19632,340,sample,813,0,10,0,0,0,0,0,-212,342,340,0,0,1
lqr_sysid_csv,19642,340,sample,814,0,10,0,0,0,0,0,-212,342,340,0,0,1
lqr_sysid_csv,19653,340,sample,815,0,10,0,0,0,0,0,-212,342,340,0,0,1
lqr_sysid_csv,19663,340,sample,816,0,10,0,0,0,0,0,-212,342,340,0,0,1
lqr_sysid_csv,19674,340,sample,817,0,10,0,0,0,0,0,-212,342,340,0,0,1
lqr_sysid_csv,19684,340,sample,818,0,10,0,0,0,0,0,-212,342,340,0,0,1
lqr_sysid_csv,19695,340,sample,819,0,10,0,0,0,0,0,-212,342,340,0,0,1
lqr_sysid_csv,19706,340,sample,820,0,10,0,0,0,0,0,-212,342,340,0,0,1
lqr_sysid_csv,19716,340,sample,821,0,10,0,0,0,0,0,-212,342,340,0,0,1
lqr_sysid_csv,19726,340,sample,822,0,10,0,0,0,0,0,-212,342,340,0,0,1
lqr_sysid_csv,19737,340,sample,823,0,10,0,0,0,0,0,-212,342,340,0,0,1
lqr_sysid_csv,19747,340,sample,824,0,10,0,0,0,0,0,-212,342,340,0,0,1
lqr_sysid_csv,19758,340,sample,825,0,10,0,0,0,0,0,-212,342,340,0,0,1
lqr_sysid_csv,19768,340,sample,826,0,10,0,0,0,0,0,-212,342,340,0,0,1
lqr_sysid_csv,19779,340,sample,827,0,10,0,0,0,0,0,-212,342,340,0,0,1
lqr_sysid_csv,19789,340,sample,828,0,10,0,0,0,0,0,-212,342,340,0,0,1
lqr_sysid_csv,19800,340,sample,829,0,10,0,0,0,0,0,-212,342,340,0,0,1
lqr_sysid_csv,19817,340,sample,830,0,10,0,0,0,0,0,187,342,340,0,0,1
lqr_sysid_csv,19827,340,sample,831,0,10,0,0,0,0,0,187,342,340,0,0,1
lqr_sysid_csv,19837,340,sample,832,0,10,0,0,0,0,0,187,342,340,0,0,1
lqr_sysid_csv,19848,340,sample,833,0,10,0,0,0,0,0,187,342,340,0,0,1
lqr_sysid_csv,19858,340,sample,834,0,10,0,0,0,0,0,187,342,340,0,0,1
lqr_sysid_csv,19868,340,sample,835,0,10,0,0,0,0,0,187,342,340,0,0,1
lqr_sysid_csv,19878,340,sample,836,0,10,0,0,0,0,0,187,342,340,0,0,1
lqr_sysid_csv,19888,340,sample,837,0,10,0,0,0,0,0,187,342,340,0,0,1
lqr_sysid_csv,19898,340,sample,838,0,10,0,0,0,0,0,187,342,340,0,0,1
lqr_sysid_csv,19908,340,sample,839,0,10,0,0,0,0,0,187,342,340,0,0,1
lqr_sysid_csv,19919,340,sample,840,0,10,0,0,0,0,0,187,342,340,0,0,1
lqr_sysid_csv,19929,340,sample,841,0,10,0,0,0,0,0,187,342,340,0,0,1
lqr_sysid_csv,19939,340,sample,842,0,10,0,0,0,0,0,187,342,340,0,0,1
lqr_sysid_csv,19949,340,sample,843,0,10,0,0,0,0,0,187,342,340,0,0,1
lqr_sysid_csv,19960,340,sample,844,0,10,0,0,0,0,0,187,342,340,0,0,1
lqr_sysid_csv,19975,340,sample,845,0,10,0,0,0,0,0,187,342,340,0,0,1
lqr_sysid_csv,19986,340,sample,846,0,10,0,0,0,0,0,187,342,340,0,0,1
lqr_sysid_csv,19996,340,sample,847,0,10,0,0,0,0,0,187,342,340,0,0,1
lqr_sysid_csv,20006,340,sample,848,0,10,0,0,0,0,0,187,342,340,0,0,1
lqr_sysid_csv,20016,340,sample,849,0,10,0,0,0,0,0,187,342,340,0,0,1
lqr_sysid_csv,20027,340,sample,850,0,10,0,0,0,0,0,187,342,340,0,0,1
lqr_sysid_csv,20037,340,sample,851,0,10,0,0,0,0,0,187,342,340,0,0,1
lqr_sysid_csv,20047,340,sample,852,0,10,0,0,0,0,0,187,342,340,0,0,1
lqr_sysid_csv,20057,340,sample,853,0,10,0,0,0,0,0,187,342,340,0,0,1
lqr_sysid_csv,20068,340,sample,854,0,10,0,0,0,0,0,187,342,340,0,0,1
lqr_sysid_csv,20078,340,sample,855,0,10,0,0,0,0,0,187,342,340,0,0,1
lqr_sysid_csv,20088,340,sample,856,0,10,0,0,0,0,0,187,342,340,0,0,1
lqr_sysid_csv,20098,340,sample,857,0,10,0,0,0,0,0,187,342,340,0,0,1
lqr_sysid_csv,20108,340,sample,858,0,10,0,0,0,0,0,187,342,340,0,0,1
lqr_sysid_csv,20118,340,sample,859,0,10,0,0,0,0,0,187,342,340,0,0,1
lqr_sysid_csv,20128,340,sample,860,0,10,0,0,0,0,0,-212,342,340,0,0,1
lqr_sysid_csv,20138,340,sample,861,0,10,0,0,0,0,0,-212,342,340,0,0,1
lqr_sysid_csv,20149,340,sample,862,0,10,0,0,0,0,0,-212,342,340,0,0,1
lqr_sysid_csv,20159,340,sample,863,0,10,0,0,0,0,0,-212,342,340,0,0,1
lqr_sysid_csv,20169,340,sample,864,0,10,0,0,0,0,0,-212,342,340,0,0,1
lqr_sysid_csv,20187,340,sample,865,0,10,0,0,0,0,0,-212,342,340,0,0,1
lqr_sysid_csv,20197,340,sample,866,0,10,0,0,0,0,0,-212,342,340,0,0,1
lqr_sysid_csv,20207,340,sample,867,0,10,0,0,0,0,0,-212,342,340,0,0,1
lqr_sysid_csv,20218,340,sample,868,0,10,0,0,0,0,0,-212,342,340,0,0,1
lqr_sysid_csv,20228,340,sample,869,0,10,0,0,0,0,0,-212,342,340,0,0,1
lqr_sysid_csv,20239,340,sample,870,0,10,0,0,0,0,0,-212,342,340,0,0,1
lqr_sysid_csv,20255,340,sample,871,0,10,0,0,0,0,0,-212,342,340,0,0,1
lqr_sysid_csv,20266,340,sample,872,0,10,0,0,0,0,0,-212,342,340,0,0,1
lqr_sysid_csv,20276,340,sample,873,0,10,0,0,0,0,0,-212,342,340,0,0,1
lqr_sysid_csv,20286,340,sample,874,0,10,0,0,0,0,0,-212,342,340,0,0,1
lqr_sysid_csv,20296,340,sample,875,0,10,0,0,0,0,0,-212,342,340,0,0,1
lqr_sysid_csv,20306,340,sample,876,0,10,0,0,0,0,0,-212,342,340,0,0,1
lqr_sysid_csv,20316,340,sample,877,0,10,0,0,0,0,0,-212,342,340,0,0,1
lqr_sysid_csv,20326,340,sample,878,0,10,0,0,0,0,0,-212,342,340,0,0,1
lqr_sysid_csv,20337,340,sample,879,0,10,0,0,0,0,0,-212,342,340,0,0,1
lqr_sysid_csv,20347,340,sample,880,0,10,0,0,0,0,0,-212,342,340,0,0,1
lqr_sysid_csv,20358,340,sample,881,0,10,0,0,0,0,0,-212,342,340,0,0,1
lqr_sysid_csv,20368,340,sample,882,0,10,0,0,0,0,0,-212,342,340,0,0,1
lqr_sysid_csv,20379,340,sample,883,0,10,0,0,0,0,0,-212,342,340,0,0,1
lqr_sysid_csv,20389,340,sample,884,0,10,0,0,0,0,0,-212,342,340,0,0,1
lqr_sysid_csv,20399,340,sample,885,0,10,0,0,0,0,0,-212,342,340,0,0,1
lqr_sysid_csv,20409,340,sample,886,0,10,0,0,0,0,0,-212,342,340,0,0,1
lqr_sysid_csv,20419,340,sample,887,0,10,0,0,0,0,0,-212,342,340,0,0,1
lqr_sysid_csv,20430,340,sample,888,0,10,0,0,0,0,0,-212,342,340,0,0,1
lqr_sysid_csv,20440,340,sample,889,0,10,0,0,0,0,0,-212,342,340,0,0,1
lqr_sysid_csv,20450,340,sample,890,0,10,0,0,0,0,0,-212,342,340,0,0,1
lqr_sysid_csv,20460,340,sample,891,0,10,0,0,0,0,0,-212,342,340,0,0,1
lqr_sysid_csv,20471,340,sample,892,0,10,0,0,0,0,0,-212,342,340,0,0,1
lqr_sysid_csv,20481,340,sample,893,0,10,0,0,0,0,0,-212,342,340,0,0,1
lqr_sysid_csv,20491,340,sample,894,0,10,0,0,0,0,0,-212,342,340,0,0,1
lqr_sysid_csv,20501,340,sample,895,0,10,0,0,0,0,0,-212,342,340,0,0,1
lqr_sysid_csv,20512,340,sample,896,0,10,0,0,0,0,0,-212,342,340,0,0,1
lqr_sysid_csv,20522,340,sample,897,0,10,0,0,0,0,0,-212,342,340,0,0,1
lqr_sysid_csv,20533,340,sample,898,0,10,0,0,0,0,0,-212,342,340,0,0,1
lqr_sysid_csv,20549,340,sample,899,0,10,0,0,0,0,0,-212,342,340,0,0,1
lqr_sysid_csv,20559,340,sample,900,0,10,0,0,0,0,0,-212,342,340,0,0,1
lqr_sysid_csv,20569,340,sample,901,0,10,0,0,0,0,0,-212,342,340,0,0,1
lqr_sysid_csv,20580,340,sample,902,0,10,0,0,0,0,0,-212,342,340,0,0,1
lqr_sysid_csv,20590,340,sample,903,0,10,0,0,0,0,0,-212,342,340,0,0,1
lqr_sysid_csv,20600,340,sample,904,0,10,0,0,0,0,0,-212,342,340,0,0,1
lqr_sysid_csv,20611,340,sample,905,0,10,0,0,0,0,0,-212,342,340,0,0,1
lqr_sysid_csv,20621,340,sample,906,0,10,0,0,0,0,0,-212,342,340,0,0,1
lqr_sysid_csv,20631,340,sample,907,0,10,0,0,0,0,0,-212,342,340,0,0,1
lqr_sysid_csv,20641,340,sample,908,0,10,0,0,0,0,0,-212,342,340,0,0,1
lqr_sysid_csv,20651,340,sample,909,0,10,0,0,0,0,0,-212,342,340,0,0,1
lqr_sysid_csv,20662,340,sample,910,0,10,0,0,0,0,0,-212,342,340,0,0,1
lqr_sysid_csv,20672,340,sample,911,0,10,0,0,0,0,0,-212,342,340,0,0,1
lqr_sysid_csv,20682,340,sample,912,0,10,0,0,0,0,0,-212,342,340,0,0,1
lqr_sysid_csv,20692,340,sample,913,0,10,0,0,0,0,0,-212,342,340,0,0,1
lqr_sysid_csv,20702,340,sample,914,0,10,0,0,0,0,0,-212,342,340,0,0,1
lqr_sysid_csv,20712,340,sample,915,0,10,0,0,0,0,0,-212,342,340,0,0,1
lqr_sysid_csv,20722,340,sample,916,0,10,0,0,0,0,0,-212,342,340,0,0,1
lqr_sysid_csv,20732,340,sample,917,0,10,0,0,0,0,0,-212,342,340,0,0,1
lqr_sysid_csv,20742,340,sample,918,0,10,0,0,0,0,0,-212,342,340,0,0,1
lqr_sysid_csv,20752,340,sample,919,0,10,0,0,0,0,0,-212,342,340,0,0,1
lqr_sysid_csv,20763,340,sample,920,0,10,0,0,0,0,0,-212,342,340,0,0,1
lqr_sysid_csv,20773,340,sample,921,0,10,0,0,0,0,0,187,342,340,0,0,1
lqr_sysid_csv,20783,340,sample,922,0,10,0,0,0,0,0,187,342,340,0,0,1
lqr_sysid_csv,20793,340,sample,923,0,10,0,0,0,0,0,187,342,340,0,0,1
lqr_sysid_csv,20803,340,sample,924,0,10,0,0,0,0,0,187,342,340,0,0,1
lqr_sysid_csv,20813,340,sample,925,0,10,0,0,0,0,0,187,342,340,0,0,1
lqr_sysid_csv,20823,340,sample,926,0,10,0,0,0,0,0,187,342,340,0,0,1
lqr_sysid_csv,20833,340,sample,927,0,10,0,0,0,0,0,187,342,340,0,0,1
lqr_sysid_csv,20844,340,sample,928,0,10,0,0,0,0,0,187,342,340,0,0,1
lqr_sysid_csv,20855,340,sample,929,0,10,0,0,0,0,0,187,342,340,0,0,1
lqr_sysid_csv,20864,340,sample,930,0,10,0,0,0,0,0,187,342,340,0,0,1
lqr_sysid_csv,20874,340,sample,931,0,10,0,0,0,0,0,187,342,340,0,0,1
lqr_sysid_csv,20884,340,sample,932,0,10,0,0,0,0,0,187,342,340,0,0,1
lqr_sysid_csv,20894,340,sample,933,0,10,0,0,0,0,0,187,342,340,0,0,1
lqr_sysid_csv,20904,340,sample,934,0,10,0,0,0,0,0,187,342,340,0,0,1
lqr_sysid_csv,20914,340,sample,935,0,10,0,0,0,0,0,187,342,340,0,0,1
lqr_sysid_csv,20924,340,sample,936,0,10,0,0,0,0,0,187,342,340,0,0,1
lqr_sysid_csv,20934,340,sample,937,0,10,0,0,0,0,0,187,342,340,0,0,1
lqr_sysid_csv,20944,340,sample,938,0,10,0,0,0,0,0,187,342,340,0,0,1
lqr_sysid_csv,20955,340,sample,939,0,10,0,0,0,0,0,187,342,340,0,0,1
lqr_sysid_csv,20972,340,sample,940,0,10,0,0,0,0,0,187,342,340,0,0,1
lqr_sysid_csv,20982,340,sample,941,0,10,0,0,0,0,0,187,342,340,0,0,1
lqr_sysid_csv,20992,340,sample,942,0,10,0,0,0,0,0,187,342,340,0,0,1
lqr_sysid_csv,21002,340,sample,943,0,10,0,0,0,0,0,187,342,340,0,0,1
lqr_sysid_csv,21012,340,sample,944,0,10,0,0,0,0,0,187,342,340,0,0,1
lqr_sysid_csv,21023,340,sample,945,0,10,0,0,0,0,0,187,342,340,0,0,1
lqr_sysid_csv,21033,340,sample,946,0,10,0,0,0,0,0,187,342,340,0,0,1
lqr_sysid_csv,21043,340,sample,947,0,10,0,0,0,0,0,187,342,340,0,0,1
lqr_sysid_csv,21053,340,sample,948,0,10,0,0,0,0,0,187,342,340,0,0,1
lqr_sysid_csv,21063,340,sample,949,0,10,0,0,0,0,0,187,342,340,0,0,1
lqr_sysid_csv,21074,340,sample,950,0,10,0,0,0,0,0,187,342,340,0,0,1
lqr_sysid_csv,21090,340,sample,951,0,10,0,0,0,0,0,-212,342,340,0,0,1
lqr_sysid_csv,21100,340,sample,952,0,10,0,0,0,0,0,-212,342,340,0,0,1
lqr_sysid_csv,21111,340,sample,953,0,10,0,0,0,0,0,-212,342,340,0,0,1
lqr_sysid_csv,21121,340,sample,954,0,10,0,0,0,0,0,-212,342,340,0,0,1
lqr_sysid_csv,21131,340,sample,955,0,10,0,0,0,0,0,-212,342,340,0,0,1
lqr_sysid_csv,21142,340,sample,956,0,10,0,0,0,0,0,-212,342,340,0,0,1
lqr_sysid_csv,21152,340,sample,957,0,10,0,0,0,0,0,-212,342,340,0,0,1
lqr_sysid_csv,21162,340,sample,958,0,10,0,0,0,0,0,-212,342,340,0,0,1
lqr_sysid_csv,21173,340,sample,959,0,10,0,0,0,0,0,-212,342,340,0,0,1
lqr_sysid_csv,21183,340,sample,960,0,10,0,0,0,0,0,-212,342,340,0,0,1
lqr_sysid_csv,21194,340,sample,961,0,10,0,0,0,0,0,-212,342,340,0,0,1
lqr_sysid_csv,21204,340,sample,962,0,10,0,0,0,0,0,-212,342,340,0,0,1
lqr_sysid_csv,21215,340,sample,963,0,10,0,0,0,0,0,-212,342,340,0,0,1
lqr_sysid_csv,21225,340,sample,964,0,10,0,0,0,0,0,-212,342,340,0,0,1
lqr_sysid_csv,21236,340,sample,965,0,10,0,0,0,0,0,-212,342,340,0,0,1
lqr_sysid_csv,21246,340,sample,966,0,10,0,0,0,0,0,-212,342,340,0,0,1
lqr_sysid_csv,21256,340,sample,967,0,10,0,0,0,0,0,-212,342,340,0,0,1
lqr_sysid_csv,21267,340,sample,968,0,10,0,0,0,0,0,-212,342,340,0,0,1
lqr_sysid_csv,21277,340,sample,969,0,10,0,0,0,0,0,-212,342,340,0,0,1
lqr_sysid_csv,21288,340,sample,970,0,10,0,0,0,0,0,-212,342,340,0,0,1
lqr_sysid_csv,21298,340,sample,971,0,10,0,0,0,0,0,-212,342,340,0,0,1
lqr_sysid_csv,21309,340,sample,972,0,10,0,0,0,0,0,-212,342,340,0,0,1
lqr_sysid_csv,21319,340,sample,973,0,10,0,0,0,0,0,-212,342,340,0,0,1
lqr_sysid_csv,21330,340,sample,974,0,10,0,0,0,0,0,-212,342,340,0,0,1
lqr_sysid_csv,21340,340,sample,975,0,10,0,0,0,0,0,-212,342,340,0,0,1
lqr_sysid_csv,21351,340,sample,976,0,10,0,0,0,0,0,-212,342,340,0,0,1
lqr_sysid_csv,21361,340,sample,977,0,10,0,0,0,0,0,-212,342,340,0,0,1
lqr_sysid_csv,21371,340,sample,978,0,10,0,0,0,0,0,-212,342,340,0,0,1
lqr_sysid_csv,21381,340,sample,979,0,10,0,0,0,0,0,-212,342,340,0,0,1
lqr_sysid_csv,21392,340,sample,980,0,10,0,0,0,0,0,-212,342,340,0,0,1
lqr_sysid_csv,21402,340,sample,981,0,10,0,0,0,0,0,-211,342,340,0,0,1
lqr_sysid_csv,21413,340,sample,982,0,10,0,0,0,0,0,-211,342,340,0,0,1
lqr_sysid_csv,21429,340,sample,983,0,10,0,0,0,0,0,188,342,340,0,0,1
lqr_sysid_csv,21439,340,sample,984,0,10,0,0,0,0,0,188,342,340,0,0,1
lqr_sysid_csv,21449,340,sample,985,0,10,0,0,0,0,0,188,342,340,0,0,1
lqr_sysid_csv,21460,340,sample,986,0,10,0,0,0,0,0,188,342,340,0,0,1
lqr_sysid_csv,21470,340,sample,987,0,10,0,0,0,0,0,188,342,340,0,0,1
lqr_sysid_csv,21480,340,sample,988,0,10,0,0,0,0,0,188,342,340,0,0,1
lqr_sysid_csv,21490,340,sample,989,0,10,0,0,0,0,0,188,342,340,0,0,1
lqr_sysid_csv,21500,340,sample,990,0,10,0,0,0,0,0,188,342,340,0,0,1
lqr_sysid_csv,21510,340,sample,991,0,10,0,0,0,0,0,188,342,340,0,0,1
lqr_sysid_csv,21520,340,sample,992,0,10,0,0,0,0,0,188,342,340,0,0,1
lqr_sysid_csv,21531,340,sample,993,0,10,0,0,0,0,0,188,342,340,0,0,1
lqr_sysid_csv,21541,340,sample,994,0,10,0,0,0,0,0,188,342,340,0,0,1
lqr_sysid_csv,21551,340,sample,995,0,10,0,0,0,0,0,188,342,340,0,0,1
lqr_sysid_csv,21562,340,sample,996,0,10,0,0,0,0,0,188,342,340,0,0,1
lqr_sysid_csv,21572,340,sample,997,0,10,0,0,0,0,0,188,342,340,0,0,1
lqr_sysid_csv,21582,340,sample,998,0,10,0,0,0,0,0,188,342,340,0,0,1
lqr_sysid_csv,21592,340,sample,999,0,10,0,0,0,0,0,188,342,340,0,0,1
lqr_sysid_csv,21603,340,sample,1000,0,10,0,0,0,0,0,188,342,340,0,0,1
lqr_sysid_csv,21613,340,sample,1001,0,10,0,0,0,0,0,188,342,340,0,0,1
lqr_sysid_csv,21624,340,sample,1002,0,10,0,0,0,0,0,188,342,340,0,0,1
lqr_sysid_csv,21634,340,sample,1003,0,10,0,0,0,0,0,188,342,340,0,0,1
lqr_sysid_csv,21645,340,sample,1004,0,10,0,0,0,0,0,188,342,340,0,0,1
lqr_sysid_csv,21655,340,sample,1005,0,10,0,0,0,0,0,188,342,340,0,0,1
lqr_sysid_csv,21665,340,sample,1006,0,10,0,0,0,0,0,188,342,340,0,0,1
lqr_sysid_csv,21676,340,sample,1007,0,10,0,0,0,0,0,188,342,340,0,0,1
lqr_sysid_csv,21687,340,sample,1008,0,10,0,0,0,0,0,188,342,340,0,0,1
lqr_sysid_csv,21697,340,sample,1009,0,10,0,0,0,0,0,188,342,340,0,0,1
lqr_sysid_csv,21707,340,sample,1010,0,10,0,0,0,0,0,188,342,340,0,0,1
lqr_sysid_csv,21717,340,sample,1011,0,10,0,0,0,0,0,188,342,340,0,0,1
lqr_sysid_csv,21728,340,sample,1012,0,10,0,0,0,0,0,188,342,340,0,0,1
lqr_sysid_csv,21745,340,sample,1013,0,10,0,0,0,0,0,188,342,340,0,0,1
lqr_sysid_csv,21755,340,sample,1014,0,10,0,0,0,0,0,188,342,340,0,0,1
lqr_sysid_csv,21765,340,sample,1015,0,10,0,0,0,0,0,188,342,340,0,0,1
lqr_sysid_csv,21776,340,sample,1016,0,10,0,0,0,0,0,188,342,340,0,0,1
lqr_sysid_csv,21786,340,sample,1017,0,10,0,0,0,0,0,188,342,340,0,0,1
lqr_sysid_csv,21796,340,sample,1018,0,10,0,0,0,0,0,188,342,340,0,0,1
lqr_sysid_csv,21806,340,sample,1019,0,10,0,0,0,0,0,188,342,340,0,0,1
lqr_sysid_csv,21817,340,sample,1020,0,10,0,0,0,0,0,188,342,340,0,0,1
lqr_sysid_csv,21827,340,sample,1021,0,10,0,0,0,0,0,188,342,340,0,0,1
lqr_sysid_csv,21837,340,sample,1022,0,10,0,0,0,0,0,188,342,340,0,0,1
lqr_sysid_csv,21848,340,sample,1023,0,10,0,0,0,0,0,188,342,340,0,0,1
lqr_sysid_csv,21858,340,sample,1024,0,10,0,0,0,0,0,188,342,340,0,0,1
lqr_sysid_csv,21868,340,sample,1025,0,10,0,0,0,0,0,188,342,340,0,0,1
lqr_sysid_csv,21879,340,sample,1026,0,10,0,0,0,0,0,188,342,340,0,0,1
lqr_sysid_csv,21889,340,sample,1027,0,10,0,0,0,0,0,188,342,340,0,0,1
lqr_sysid_csv,21899,340,sample,1028,0,10,0,0,0,0,0,188,342,340,0,0,1
lqr_sysid_csv,21909,340,sample,1029,0,10,0,0,0,0,0,188,342,340,0,0,1
lqr_sysid_csv,21920,340,sample,1030,0,10,0,0,0,0,0,188,342,340,0,0,1
lqr_sysid_csv,21930,340,sample,1031,0,10,0,0,0,0,0,188,342,340,0,0,1
lqr_sysid_csv,21940,340,sample,1032,0,10,0,0,0,0,0,188,342,340,0,0,1
lqr_sysid_csv,21950,340,sample,1033,0,10,0,0,0,0,0,188,342,340,0,0,1
lqr_sysid_csv,21960,340,sample,1034,0,10,0,0,0,0,0,188,342,340,0,0,1
lqr_sysid_csv,21970,340,sample,1035,0,10,0,0,0,0,0,188,342,340,0,0,1
lqr_sysid_csv,21980,340,sample,1036,0,10,0,0,0,0,0,188,342,340,0,0,1
lqr_sysid_csv,21990,340,sample,1037,0,10,0,0,0,0,0,188,342,340,0,0,1
lqr_sysid_csv,22000,340,sample,1038,0,10,0,0,0,0,0,188,342,340,0,0,1
lqr_sysid_csv,22010,340,sample,1039,0,10,0,0,0,0,0,188,342,340,0,0,1
lqr_sysid_csv,22020,340,sample,1040,0,10,0,0,0,0,0,188,342,340,0,0,1
lqr_sysid_csv,22030,340,sample,1041,0,10,0,0,0,0,0,188,342,340,0,0,1
lqr_sysid_csv,22041,340,sample,1042,0,10,0,0,0,0,0,188,342,340,0,0,1
lqr_sysid_csv,22051,340,sample,1043,0,10,0,0,0,0,0,188,342,340,0,0,1
lqr_sysid_csv,22062,340,sample,1044,0,10,0,0,0,0,0,188,342,340,0,0,1
lqr_sysid_csv,22072,340,sample,1045,0,10,0,0,0,0,0,-211,342,340,0,0,1
lqr_sysid_csv,22082,340,sample,1046,0,10,0,0,0,0,0,-211,342,340,0,0,1
lqr_sysid_csv,22099,340,sample,1047,0,10,0,0,0,0,0,-211,342,340,0,0,1
lqr_sysid_csv,22110,340,sample,1048,0,10,0,0,0,0,0,-211,342,340,0,0,1
lqr_sysid_csv,22120,340,sample,1049,0,10,0,0,0,0,0,-211,342,340,0,0,1
lqr_sysid_csv,22130,340,sample,1050,0,10,0,0,0,0,0,-211,342,340,0,0,1
lqr_sysid_csv,22140,340,sample,1051,0,10,0,0,0,0,0,-211,342,340,0,0,1
lqr_sysid_csv,22157,340,sample,1052,0,10,0,0,0,0,0,-211,342,340,0,0,1
lqr_sysid_csv,22168,340,sample,1053,0,10,0,0,0,0,0,-211,342,340,0,0,1
lqr_sysid_csv,22178,340,sample,1054,0,10,0,0,0,0,0,-211,342,340,0,0,1
lqr_sysid_csv,22189,340,sample,1055,0,10,0,0,0,0,0,-211,342,340,0,0,1
lqr_sysid_csv,22199,340,sample,1056,0,10,0,0,0,0,0,-211,342,340,0,0,1
lqr_sysid_csv,22210,340,sample,1057,0,10,0,0,0,0,0,-211,342,340,0,0,1
lqr_sysid_csv,22228,340,sample,1058,0,10,0,0,0,0,0,-211,342,340,0,0,1
lqr_sysid_csv,22238,340,sample,1059,0,10,0,0,0,0,0,-211,342,340,0,0,1
lqr_sysid_csv,22249,340,sample,1060,0,10,0,0,0,0,0,-211,342,340,0,0,1
lqr_sysid_csv,22259,340,sample,1061,0,10,0,0,0,0,0,-211,342,340,0,0,1
lqr_sysid_csv,22276,340,sample,1062,0,10,0,0,0,0,0,-211,342,340,0,0,1
lqr_sysid_csv,22287,340,sample,1063,0,10,0,0,0,0,0,-211,342,340,0,0,1
lqr_sysid_csv,22297,340,sample,1064,0,10,0,0,0,0,0,-211,342,340,0,0,1
lqr_sysid_csv,22308,340,sample,1065,0,10,0,0,0,0,0,-211,342,340,0,0,1
lqr_sysid_csv,22319,340,sample,1066,0,10,0,0,0,0,0,-211,342,340,0,0,1
lqr_sysid_csv,22329,340,sample,1067,0,10,0,0,0,0,0,-211,342,340,0,0,1
lqr_sysid_csv,22340,340,sample,1068,0,10,0,0,0,0,0,-211,342,340,0,0,1
lqr_sysid_csv,22350,340,sample,1069,0,10,0,0,0,0,0,-211,342,340,0,0,1
lqr_sysid_csv,22361,340,sample,1070,0,10,0,0,0,0,0,-211,342,340,0,0,1
lqr_sysid_csv,22371,340,sample,1071,0,10,0,0,0,0,0,-211,342,340,0,0,1
lqr_sysid_csv,22382,340,sample,1072,0,10,0,0,0,0,0,-211,342,340,0,0,1
lqr_sysid_csv,22392,340,sample,1073,0,10,0,0,0,0,0,188,342,340,0,0,1
lqr_sysid_csv,22402,340,sample,1074,0,10,0,0,0,0,0,188,342,340,0,0,1
lqr_sysid_csv,22413,340,sample,1075,0,10,0,0,0,0,0,188,342,340,0,0,1
lqr_sysid_csv,22423,340,sample,1076,0,10,0,0,0,0,0,188,342,340,0,0,1
lqr_sysid_csv,22433,340,sample,1077,0,10,0,0,0,0,0,188,342,340,0,0,1
lqr_sysid_csv,22444,340,sample,1078,0,10,0,0,0,0,0,188,342,340,0,0,1
lqr_sysid_csv,22454,340,sample,1079,0,10,0,0,0,0,0,188,342,340,0,0,1
lqr_sysid_csv,22465,340,sample,1080,0,10,0,0,0,0,0,188,342,340,0,0,1
lqr_sysid_csv,22475,340,sample,1081,0,10,0,0,0,0,0,188,342,340,0,0,1
lqr_sysid_csv,22486,340,sample,1082,0,10,0,0,0,0,0,188,342,340,0,0,1
lqr_sysid_csv,22496,340,sample,1083,0,10,0,0,0,0,0,187,342,340,0,0,1
lqr_sysid_csv,22506,340,sample,1084,0,10,0,0,0,0,0,187,342,340,0,0,1
lqr_sysid_csv,22517,340,sample,1085,0,10,0,0,0,0,0,187,342,340,0,0,1
lqr_sysid_csv,22527,340,sample,1086,0,10,0,0,0,0,0,187,342,340,0,0,1
lqr_sysid_csv,22538,340,sample,1087,0,10,0,0,0,0,0,187,342,340,0,0,1
lqr_sysid_csv,22548,340,sample,1088,0,10,0,0,0,0,0,187,342,340,0,0,1
lqr_sysid_csv,22558,340,sample,1089,0,10,0,0,0,0,0,187,342,340,0,0,1
lqr_sysid_csv,22568,340,sample,1090,0,10,0,0,0,0,0,187,342,340,0,0,1
lqr_sysid_csv,22579,340,sample,1091,0,10,0,0,0,0,0,187,342,340,0,0,1
lqr_sysid_csv,22589,340,sample,1092,0,10,0,0,0,0,0,187,342,340,0,0,1
lqr_sysid_csv,22599,340,sample,1093,0,10,0,0,0,0,0,187,342,340,0,0,1
lqr_sysid_csv,22610,340,sample,1094,0,10,0,0,0,0,0,187,342,340,0,0,1
lqr_sysid_csv,22620,340,sample,1095,0,10,0,0,0,0,0,187,342,340,0,0,1
lqr_sysid_csv,22631,340,sample,1096,0,10,0,0,0,0,0,187,342,340,0,0,1
lqr_sysid_csv,22641,340,sample,1097,0,10,0,0,0,0,0,187,342,340,0,0,1
lqr_sysid_csv,22652,340,sample,1098,0,10,0,0,0,0,0,187,342,340,0,0,1
lqr_sysid_csv,22662,340,sample,1099,0,10,0,0,0,0,0,187,342,340,0,0,1
lqr_sysid_csv,22673,340,sample,1100,0,10,0,0,0,0,0,187,342,340,0,0,1
lqr_sysid_csv,22683,340,sample,1101,0,10,0,0,0,0,0,187,342,340,0,0,1
lqr_sysid_csv,22694,340,sample,1102,0,10,0,0,0,0,0,187,342,340,0,0,1
lqr_sysid_csv,22704,340,sample,1103,0,10,0,0,0,0,0,187,342,340,0,0,1
lqr_sysid_csv,22714,340,sample,1104,0,10,0,0,0,0,0,187,342,340,0,0,1
lqr_sysid_csv,22725,340,sample,1105,0,10,0,0,0,0,0,187,342,340,0,0,1
lqr_sysid_csv,22735,340,sample,1106,0,10,0,0,0,0,0,187,342,340,0,0,1
lqr_sysid_csv,22745,340,sample,1107,0,10,0,0,0,0,0,187,342,340,0,0,1
lqr_sysid_csv,22756,340,sample,1108,0,10,0,0,0,0,0,187,342,340,0,0,1
lqr_sysid_csv,22766,340,sample,1109,0,10,0,0,0,0,0,187,342,340,0,0,1
lqr_sysid_csv,22776,340,sample,1110,0,10,0,0,0,0,0,187,342,340,0,0,1
lqr_sysid_csv,22786,340,sample,1111,0,10,0,0,0,0,0,187,342,340,0,0,1
lqr_sysid_csv,22797,340,sample,1112,0,10,0,0,0,0,0,187,342,340,0,0,1
lqr_sysid_csv,22807,340,sample,1113,0,10,0,0,0,0,0,187,342,340,0,0,1
lqr_sysid_csv,22817,340,sample,1114,0,10,0,0,0,0,0,187,342,340,0,0,1
lqr_sysid_csv,22828,340,sample,1115,0,10,0,0,0,0,0,187,342,340,0,0,1
lqr_sysid_csv,22838,340,sample,1116,0,10,0,0,0,0,0,187,342,340,0,0,1
lqr_sysid_csv,22848,340,sample,1117,0,10,0,0,0,0,0,187,342,340,0,0,1
lqr_sysid_csv,22859,340,sample,1118,0,10,0,0,0,0,0,187,342,340,0,0,1
lqr_sysid_csv,22869,340,sample,1119,0,10,0,0,0,0,0,187,342,340,0,0,1
lqr_sysid_csv,22879,340,sample,1120,0,10,0,0,0,0,0,187,342,340,0,0,1
lqr_sysid_csv,22889,340,sample,1121,0,10,0,0,0,0,0,187,342,340,0,0,1
lqr_sysid_csv,22899,340,sample,1122,0,10,0,0,0,0,0,187,342,340,0,0,1
lqr_sysid_csv,22910,340,sample,1123,0,10,0,0,0,0,0,187,342,340,0,0,1
lqr_sysid_csv,22920,340,sample,1124,0,10,0,0,0,0,0,187,342,340,0,0,1
lqr_sysid_csv,22930,340,sample,1125,0,10,0,0,0,0,0,187,342,340,0,0,1
lqr_sysid_csv,22941,340,sample,1126,0,10,0,0,0,0,0,187,342,340,0,0,1
lqr_sysid_csv,22951,340,sample,1127,0,10,0,0,0,0,0,187,342,340,0,0,1
lqr_sysid_csv,22962,340,sample,1128,0,10,0,0,0,0,0,187,342,340,0,0,1
lqr_sysid_csv,22972,340,sample,1129,0,10,0,0,0,0,0,187,342,340,0,0,1
lqr_sysid_csv,22983,340,sample,1130,0,10,0,0,0,0,0,187,342,340,0,0,1
lqr_sysid_csv,22993,340,sample,1131,0,10,0,0,0,0,0,187,342,340,0,0,1
lqr_sysid_csv,23004,340,sample,1132,0,10,0,0,0,0,0,187,342,340,0,0,1
lqr_sysid_csv,23014,340,sample,1133,0,10,0,0,0,0,0,187,342,340,0,0,1
lqr_sysid_csv,23031,340,sample,1134,0,10,0,0,0,0,0,187,342,340,0,0,1
lqr_sysid_csv,23042,340,sample,1135,0,10,0,0,0,0,0,187,342,340,0,0,1
lqr_sysid_csv,23052,340,sample,1136,0,10,0,0,0,0,0,-212,342,340,0,0,1
lqr_sysid_csv,23063,340,sample,1137,0,10,0,0,0,0,0,-212,342,340,0,0,1
lqr_sysid_csv,23074,340,sample,1138,0,10,0,0,0,0,0,-212,342,340,0,0,1
lqr_sysid_csv,23084,340,sample,1139,0,10,0,0,0,0,0,-212,342,340,0,0,1
lqr_sysid_csv,23095,340,sample,1140,0,10,0,0,0,0,0,-212,342,340,0,0,1
lqr_sysid_csv,23105,340,sample,1141,0,10,0,0,0,0,0,-212,342,340,0,0,1
lqr_sysid_csv,23116,340,sample,1142,0,10,0,0,0,0,0,-212,342,340,0,0,1
lqr_sysid_csv,23126,340,sample,1143,0,10,0,0,0,0,0,-212,342,340,0,0,1
lqr_sysid_csv,23137,340,sample,1144,0,10,0,0,0,0,0,-211,342,340,0,0,1
lqr_sysid_csv,23148,340,sample,1145,0,10,0,0,0,0,0,-211,342,340,0,0,1
lqr_sysid_csv,23159,340,sample,1146,0,10,0,0,0,0,0,-211,342,340,0,0,1
lqr_sysid_csv,23169,340,sample,1147,0,10,0,0,0,0,0,-211,342,340,0,0,1
lqr_sysid_csv,23180,340,sample,1148,0,10,0,0,0,0,0,-211,342,340,0,0,1
lqr_sysid_csv,23190,340,sample,1149,0,10,0,0,0,0,0,-211,342,340,0,0,1
lqr_sysid_csv,23201,340,sample,1150,0,10,0,0,0,0,0,-211,342,340,0,0,1
lqr_sysid_csv,23211,340,sample,1151,0,10,0,0,0,0,0,-211,342,340,0,0,1
lqr_sysid_csv,23222,340,sample,1152,0,10,0,0,0,0,0,-211,342,340,0,0,1
lqr_sysid_csv,23232,340,sample,1153,0,10,0,0,0,0,0,-211,342,340,0,0,1
lqr_sysid_csv,23242,340,sample,1154,0,10,0,0,0,0,0,-211,342,340,0,0,1
lqr_sysid_csv,23260,340,sample,1155,0,10,0,0,0,0,0,-211,342,340,0,0,1
lqr_sysid_csv,23270,340,sample,1156,0,10,0,0,0,0,0,-211,342,340,0,0,1
lqr_sysid_csv,23280,340,sample,1157,0,10,0,0,0,0,0,-211,342,340,0,0,1
lqr_sysid_csv,23291,340,sample,1158,0,10,0,0,0,0,0,-211,342,340,0,0,1
lqr_sysid_csv,23302,340,sample,1159,0,10,0,0,0,0,0,-211,342,340,0,0,1
lqr_sysid_csv,23312,340,sample,1160,0,10,0,0,0,0,0,-211,342,340,0,0,1
lqr_sysid_csv,23323,340,sample,1161,0,10,0,0,0,0,0,-211,342,340,0,0,1
lqr_sysid_csv,23333,340,sample,1162,0,10,0,0,0,0,0,-211,342,340,0,0,1
lqr_sysid_csv,23343,340,sample,1163,0,10,0,0,0,0,0,-211,342,340,0,0,1
lqr_sysid_csv,23354,340,sample,1164,0,10,0,0,0,0,0,-211,342,340,0,0,1
lqr_sysid_csv,23365,340,sample,1165,0,10,0,0,0,0,0,-211,342,340,0,0,1
lqr_sysid_csv,23375,340,sample,1166,0,10,0,0,0,0,0,-211,342,340,0,0,1
lqr_sysid_csv,23385,340,sample,1167,0,10,0,0,0,0,0,188,342,340,0,0,1
lqr_sysid_csv,23396,340,sample,1168,0,10,0,0,0,0,0,188,342,340,0,0,1
lqr_sysid_csv,23406,340,sample,1169,0,10,0,0,0,0,0,188,342,340,0,0,1
lqr_sysid_csv,23416,340,sample,1170,0,10,0,0,0,0,0,188,342,340,0,0,1
lqr_sysid_csv,23426,340,sample,1171,0,10,0,0,0,0,0,188,342,340,0,0,1
lqr_sysid_csv,23436,340,sample,1172,0,10,0,0,0,0,0,188,342,340,0,0,1
lqr_sysid_csv,23446,340,sample,1173,0,10,0,0,0,0,0,188,342,340,0,0,1
lqr_sysid_csv,23456,340,sample,1174,0,10,0,0,0,0,0,188,342,340,0,0,1
lqr_sysid_csv,23467,340,sample,1175,0,10,0,0,0,0,0,188,342,340,0,0,1
lqr_sysid_csv,23477,340,sample,1176,0,10,0,0,0,0,0,188,342,340,0,0,1
lqr_sysid_csv,23487,340,sample,1177,0,10,0,0,0,0,0,188,342,340,0,0,1
lqr_sysid_csv,23497,340,sample,1178,0,10,0,0,0,0,0,188,342,340,0,0,1
lqr_sysid_csv,23514,340,sample,1179,0,10,0,0,0,0,0,188,342,340,0,0,1
lqr_sysid_csv,23525,340,sample,1180,0,10,0,0,0,0,0,188,342,340,0,0,1
lqr_sysid_csv,23535,340,sample,1181,0,10,0,0,0,0,0,188,342,340,0,0,1
lqr_sysid_csv,23546,340,sample,1182,0,10,0,0,0,0,0,188,342,340,0,0,1
lqr_sysid_csv,23556,340,sample,1183,0,10,0,0,0,0,0,188,342,340,0,0,1
lqr_sysid_csv,23566,340,sample,1184,0,10,0,0,0,0,0,188,342,340,0,0,1
lqr_sysid_csv,23576,340,sample,1185,0,10,0,0,0,0,0,188,342,340,0,0,1
lqr_sysid_csv,23587,340,sample,1186,0,10,0,0,0,0,0,188,342,340,0,0,1
lqr_sysid_csv,23597,340,sample,1187,0,10,0,0,0,0,0,188,342,340,0,0,1
lqr_sysid_csv,23608,340,sample,1188,0,10,0,0,0,0,0,188,342,340,0,0,1
lqr_sysid_csv,23618,340,sample,1189,0,10,0,0,0,0,0,188,342,340,0,0,1
lqr_sysid_csv,23629,340,sample,1190,0,10,0,0,0,0,0,188,342,340,0,0,1
lqr_sysid_csv,23639,340,sample,1191,0,10,0,0,0,0,0,188,342,340,0,0,1
lqr_sysid_csv,23650,340,sample,1192,0,10,0,0,0,0,0,188,342,340,0,0,1
lqr_sysid_csv,23660,340,sample,1193,0,10,0,0,0,0,0,188,342,340,0,0,1
lqr_sysid_csv,23670,340,sample,1194,0,10,0,0,0,0,0,188,342,340,0,0,1
lqr_sysid_csv,23681,340,sample,1195,0,10,0,0,0,0,0,188,342,340,0,0,1
lqr_sysid_csv,23691,340,sample,1196,0,10,0,0,0,0,0,188,342,340,0,0,1
lqr_sysid_csv,23701,340,sample,1197,0,10,0,0,0,0,0,188,342,340,0,0,1
lqr_sysid_csv,23712,340,sample,1198,0,10,0,0,0,0,0,188,342,340,0,0,1
lqr_sysid_csv,23728,340,sample,1199,0,10,0,0,0,0,0,188,342,340,0,0,1
lqr_sysid_csv,23738,340,sample,1200,0,10,0,0,0,0,0,188,342,340,0,0,1
lqr_sysid_csv,23748,340,sample,1201,0,10,0,0,0,0,0,188,342,340,0,0,1
lqr_sysid_csv,23759,340,sample,1202,0,10,0,0,0,0,0,188,342,340,0,0,1
lqr_sysid_csv,23769,340,sample,1203,0,10,0,0,0,0,0,188,342,340,0,0,1
lqr_sysid_csv,23779,340,sample,1204,0,10,0,0,0,0,0,188,342,340,0,0,1
lqr_sysid_csv,23789,340,sample,1205,0,10,0,0,0,0,0,188,342,340,0,0,1
lqr_sysid_csv,23799,340,sample,1206,0,10,0,0,0,0,0,188,342,340,0,0,1
lqr_sysid_csv,23809,340,sample,1207,0,10,0,0,0,0,0,188,342,340,0,0,1
lqr_sysid_csv,23819,340,sample,1208,0,10,0,0,0,0,0,188,342,340,0,0,1
lqr_sysid_csv,23830,340,sample,1209,0,10,0,0,0,0,0,188,342,340,0,0,1
lqr_sysid_csv,23840,340,sample,1210,0,10,0,0,0,0,0,188,342,340,0,0,1
lqr_sysid_csv,23850,340,sample,1211,0,10,0,0,0,0,0,188,342,340,0,0,1
lqr_sysid_csv,23860,340,sample,1212,0,10,0,0,0,0,0,188,342,340,0,0,1
lqr_sysid_csv,23870,340,sample,1213,0,10,0,0,0,0,0,188,342,340,0,0,1
lqr_sysid_csv,23887,340,sample,1214,0,10,0,0,0,0,0,188,342,340,0,0,1
lqr_sysid_csv,23897,340,sample,1215,0,10,0,0,0,0,0,188,342,340,0,0,1
lqr_sysid_csv,23908,340,sample,1216,0,10,0,0,0,0,0,188,342,340,0,0,1
lqr_sysid_csv,23918,340,sample,1217,0,10,0,0,0,0,0,188,342,340,0,0,1
lqr_sysid_csv,23928,340,sample,1218,0,10,0,0,0,0,0,188,342,340,0,0,1
lqr_sysid_csv,23938,340,sample,1219,0,10,0,0,0,0,0,188,342,340,0,0,1
lqr_sysid_csv,23955,340,sample,1220,0,10,0,0,0,0,0,188,342,340,0,0,1
lqr_sysid_csv,23966,340,sample,1221,0,10,0,0,0,0,0,188,342,340,0,0,1
lqr_sysid_csv,23976,340,sample,1222,0,10,0,0,0,0,0,188,342,340,0,0,1
lqr_sysid_csv,23987,340,sample,1223,0,10,0,0,0,0,0,188,342,340,0,0,1
lqr_sysid_csv,23997,340,sample,1224,0,10,0,0,0,0,0,188,342,340,0,0,1
lqr_sysid_csv,24007,340,sample,1225,0,10,0,0,0,0,0,188,342,340,0,0,1
lqr_sysid_csv,24017,340,sample,1226,0,10,0,0,0,0,0,188,342,340,0,0,1
lqr_sysid_csv,24027,340,sample,1227,0,10,0,0,0,0,0,-211,342,340,0,0,1
lqr_sysid_csv,24044,340,sample,1228,0,10,0,0,0,0,0,-211,342,340,0,0,1
lqr_sysid_csv,24055,340,sample,1229,0,10,0,0,0,0,0,-211,342,340,0,0,1
lqr_sysid_csv,24065,340,sample,1230,0,10,0,0,0,0,0,-211,342,340,0,0,1
lqr_sysid_csv,24075,340,sample,1231,0,10,0,0,0,0,0,-211,342,340,0,0,1
lqr_sysid_csv,24086,340,sample,1232,0,5,0,0,0,0,0,-209,342,340,0,0,1
lqr_sysid_csv,24096,340,sample,1233,0,5,0,0,0,0,0,-206,342,340,0,0,1
lqr_sysid_csv,24106,340,sample,1234,0,5,0,0,0,0,0,-205,342,340,0,0,1
lqr_sysid_csv,24117,340,sample,1235,0,5,0,0,0,0,0,-205,342,340,0,0,1
lqr_sysid_csv,24127,340,sample,1236,0,5,0,0,0,0,0,-203,342,340,0,0,1
lqr_sysid_csv,24138,340,sample,1237,0,5,0,0,0,0,0,-202,342,340,0,0,1
lqr_sysid_csv,24148,340,sample,1238,0,10,0,0,0,0,0,-204,342,340,0,0,1
lqr_sysid_csv,24159,340,sample,1239,0,10,0,0,0,0,0,-206,342,340,0,0,1
lqr_sysid_csv,24169,340,sample,1240,0,10,0,0,0,0,0,-207,342,340,0,0,1
lqr_sysid_csv,24180,340,sample,1241,0,10,0,0,0,0,0,-207,342,340,0,0,1
lqr_sysid_csv,24190,340,sample,1242,0,10,0,0,0,0,0,-207,342,340,0,0,1
lqr_sysid_csv,24201,340,sample,1243,0,10,0,0,0,0,0,-207,342,340,0,0,1
lqr_sysid_csv,24211,340,sample,1244,0,10,0,0,0,0,0,-207,342,340,0,0,1
lqr_sysid_csv,24222,340,sample,1245,0,10,0,0,0,0,0,-207,342,340,0,0,1
lqr_sysid_csv,24232,340,sample,1246,0,10,0,0,0,0,0,-207,342,340,0,0,1
lqr_sysid_csv,24243,340,sample,1247,0,10,0,0,0,0,0,-207,342,340,0,0,1
lqr_sysid_csv,24253,340,sample,1248,0,10,0,0,0,0,0,-207,342,340,0,0,1
lqr_sysid_csv,24269,340,sample,1249,0,10,0,0,0,0,0,-207,342,340,0,0,1
lqr_sysid_csv,24279,340,sample,1250,0,10,0,0,0,0,0,-207,342,340,0,0,1
lqr_sysid_csv,24290,340,sample,1251,0,10,0,0,0,0,0,-207,342,340,0,0,1
lqr_sysid_csv,24301,340,sample,1252,0,10,0,0,0,0,0,-207,342,340,0,0,1
lqr_sysid_csv,24311,340,sample,1253,0,10,0,0,0,0,0,-207,342,340,0,0,1
lqr_sysid_csv,24322,340,sample,1254,0,10,0,0,0,0,0,-207,342,340,0,0,1
lqr_sysid_csv,24332,340,sample,1255,0,10,0,0,0,0,0,-207,342,340,0,0,1
lqr_sysid_csv,24349,340,sample,1256,0,10,0,0,0,0,0,192,342,340,0,0,1
lqr_sysid_csv,24360,340,sample,1257,0,10,0,0,0,0,0,192,342,340,0,0,1
lqr_sysid_csv,24370,340,sample,1258,0,10,0,0,0,0,0,192,342,340,0,0,1
lqr_sysid_csv,24381,340,sample,1259,0,10,0,0,0,0,0,192,342,340,0,0,1
lqr_sysid_csv,24391,340,sample,1260,0,10,0,0,0,0,0,192,342,340,0,0,1
lqr_sysid_csv,24402,340,sample,1261,0,10,0,0,0,0,0,192,342,340,0,0,1
lqr_sysid_csv,24412,340,sample,1262,0,10,0,0,0,0,0,192,342,340,0,0,1
lqr_sysid_csv,24422,340,sample,1263,0,10,0,0,0,0,0,192,342,340,0,0,1
lqr_sysid_csv,24433,340,sample,1264,0,10,0,0,0,0,0,192,342,340,0,0,1
lqr_sysid_csv,24443,340,sample,1265,0,10,0,0,0,0,0,192,342,340,0,0,1
lqr_sysid_csv,24453,340,sample,1266,0,10,0,0,0,0,0,192,342,340,0,0,1
lqr_sysid_csv,24463,340,sample,1267,0,10,0,0,0,0,0,192,342,340,0,0,1
lqr_sysid_csv,24474,340,sample,1268,0,10,0,0,0,0,0,192,342,340,0,0,1
lqr_sysid_csv,24490,340,sample,1269,0,10,0,0,0,0,0,192,342,340,0,0,1
lqr_sysid_csv,24500,340,sample,1270,0,10,0,0,0,0,0,192,342,340,0,0,1
lqr_sysid_csv,24511,340,sample,1271,0,10,0,0,0,0,0,192,342,340,0,0,1
lqr_sysid_csv,24521,340,sample,1272,0,10,0,0,0,0,0,192,342,340,0,0,1
lqr_sysid_csv,24531,340,sample,1273,0,10,0,0,0,0,0,192,342,340,0,0,1
lqr_sysid_csv,24541,340,sample,1274,0,10,0,0,0,0,0,192,342,340,0,0,1
lqr_sysid_csv,24552,340,sample,1275,0,10,0,0,0,0,0,192,342,340,0,0,1
lqr_sysid_csv,24562,340,sample,1276,0,10,0,0,0,0,0,192,342,340,0,0,1
lqr_sysid_csv,24572,340,sample,1277,0,10,0,0,0,0,0,192,342,340,0,0,1
lqr_sysid_csv,24582,340,sample,1278,0,10,0,0,0,0,0,192,342,340,0,0,1
lqr_sysid_csv,24593,340,sample,1279,0,10,0,0,0,0,0,192,342,340,0,0,1
lqr_sysid_csv,24603,340,sample,1280,0,10,0,0,0,0,0,192,342,340,0,0,1
lqr_sysid_csv,24613,340,sample,1281,0,10,0,0,0,0,0,192,342,340,0,0,1
lqr_sysid_csv,24624,340,sample,1282,0,10,0,0,0,0,0,192,342,340,0,0,1
lqr_sysid_csv,24634,340,sample,1283,0,10,0,0,0,0,0,192,342,340,0,0,1
lqr_sysid_csv,24645,340,sample,1284,0,10,0,0,0,0,0,192,342,340,0,0,1
lqr_sysid_csv,24655,340,sample,1285,0,10,0,0,0,0,0,192,342,340,0,0,1
lqr_sysid_csv,24665,340,sample,1286,0,10,0,0,0,0,0,192,342,340,0,0,1
lqr_sysid_csv,24675,340,sample,1287,0,10,0,0,0,0,0,192,342,340,0,0,1
lqr_sysid_csv,24686,340,sample,1288,0,10,0,0,0,0,0,192,342,340,0,0,1
lqr_sysid_csv,24696,340,sample,1289,0,10,0,0,0,0,0,192,342,340,0,0,1
lqr_sysid_csv,24706,340,sample,1290,0,10,0,0,0,0,0,192,342,340,0,0,1
lqr_sysid_csv,24716,340,sample,1291,0,10,0,0,0,0,0,192,342,340,0,0,1
lqr_sysid_csv,24726,340,sample,1292,0,10,0,0,0,0,0,192,342,340,0,0,1
lqr_sysid_csv,24736,340,sample,1293,0,10,0,0,0,0,0,192,342,340,0,0,1
lqr_sysid_csv,24746,340,sample,1294,0,10,0,0,0,0,0,192,342,340,0,0,1
lqr_sysid_csv,24756,340,sample,1295,0,10,0,0,0,0,0,192,342,340,0,0,1
lqr_sysid_csv,24767,340,sample,1296,0,10,0,0,0,0,0,192,342,340,0,0,1
lqr_sysid_csv,24777,340,sample,1297,0,10,0,0,0,0,0,192,342,340,0,0,1
lqr_sysid_csv,24788,340,sample,1298,0,10,0,0,0,0,0,192,342,340,0,0,1
lqr_sysid_csv,24798,340,sample,1299,0,10,0,0,0,0,0,192,342,340,0,0,1
lqr_sysid_csv,24809,340,sample,1300,0,10,0,0,0,0,0,192,342,340,0,0,1
lqr_sysid_csv,24824,340,sample,1301,0,10,0,0,0,0,0,192,342,340,0,0,1
lqr_sysid_csv,24835,340,sample,1302,0,10,0,0,0,0,0,192,342,340,0,0,1
lqr_sysid_csv,24845,340,sample,1303,0,10,0,0,0,0,0,192,342,340,0,0,1
lqr_sysid_csv,24856,340,sample,1304,0,10,0,0,0,0,0,192,342,340,0,0,1
lqr_sysid_csv,24866,340,sample,1305,0,10,0,0,0,0,0,192,342,340,0,0,1
lqr_sysid_csv,24877,340,sample,1306,0,10,0,0,0,0,0,192,342,340,0,0,1
lqr_sysid_csv,24887,340,sample,1307,0,10,0,0,0,0,0,192,342,340,0,0,1
lqr_sysid_csv,24898,340,sample,1308,0,10,0,0,0,0,0,192,342,340,0,0,1
lqr_sysid_csv,24908,340,sample,1309,0,10,0,0,0,0,0,192,342,340,0,0,1
lqr_sysid_csv,24919,340,sample,1310,0,10,0,0,0,0,0,192,342,340,0,0,1
lqr_sysid_csv,24929,340,sample,1311,0,10,0,0,0,0,0,192,342,340,0,0,1
lqr_sysid_csv,24940,340,sample,1312,0,10,0,0,0,0,0,192,342,340,0,0,1
lqr_sysid_csv,24950,340,sample,1313,0,10,0,0,0,0,0,192,342,340,0,0,1
lqr_sysid_csv,24961,340,sample,1314,0,10,0,0,0,0,0,192,342,340,0,0,1
lqr_sysid_csv,24971,340,sample,1315,0,10,0,0,0,0,0,192,342,340,0,0,1
lqr_sysid_csv,24982,340,sample,1316,0,10,0,0,0,0,0,192,342,340,0,0,1
lqr_sysid_csv,24992,340,sample,1317,0,10,0,0,0,0,0,192,342,340,0,0,1
lqr_sysid_csv,25002,340,sample,1318,0,10,0,0,0,0,0,-207,342,340,0,0,1
lqr_sysid_csv,25013,340,sample,1319,0,10,0,0,0,0,0,-207,342,340,0,0,1
lqr_sysid_csv,25024,340,sample,1320,0,10,0,0,0,0,0,-207,342,340,0,0,1
lqr_sysid_csv,25035,340,sample,1321,0,10,0,0,0,0,0,-207,342,340,0,0,1
lqr_sysid_csv,25045,340,sample,1322,0,10,0,0,0,0,0,-207,342,340,0,0,1
lqr_sysid_csv,25056,340,sample,1323,0,10,0,0,0,0,0,-207,342,340,0,0,1
lqr_sysid_csv,25067,340,sample,1324,0,10,0,0,0,0,0,-207,342,340,0,0,1
lqr_sysid_csv,25077,340,sample,1325,0,10,0,0,0,0,0,-207,342,340,0,0,1
lqr_sysid_csv,25087,340,sample,1326,0,10,0,0,0,0,0,-207,342,340,0,0,1
lqr_sysid_csv,25105,340,sample,1327,0,10,0,0,0,0,0,-207,342,340,0,0,1
lqr_sysid_csv,25115,340,sample,1328,0,10,0,0,0,0,0,-207,342,340,0,0,1
lqr_sysid_csv,25125,340,sample,1329,0,10,0,0,0,0,0,-207,342,340,0,0,1
lqr_sysid_csv,25136,340,sample,1330,0,10,0,0,0,0,0,-207,342,340,0,0,1
lqr_sysid_csv,25146,340,sample,1331,0,10,0,0,0,0,0,-207,342,340,0,0,1
lqr_sysid_csv,25157,340,sample,1332,0,10,0,0,0,0,0,-206,342,340,0,0,1
lqr_sysid_csv,25168,340,sample,1333,0,10,0,0,0,0,0,-206,342,340,0,0,1
lqr_sysid_csv,25179,340,sample,1334,0,10,0,0,0,0,0,-206,342,340,0,0,1
lqr_sysid_csv,25189,340,sample,1335,0,10,0,0,0,0,0,-206,342,340,0,0,1
lqr_sysid_csv,25199,340,sample,1336,0,10,0,0,0,0,0,-206,342,340,0,0,1
lqr_sysid_csv,25217,340,sample,1337,0,10,0,0,0,0,0,-206,342,340,0,0,1
lqr_sysid_csv,25227,340,sample,1338,0,10,0,0,0,0,0,-206,342,340,0,0,1
lqr_sysid_csv,25237,340,sample,1339,0,10,0,0,0,0,0,-206,342,340,0,0,1
lqr_sysid_csv,25248,340,sample,1340,0,10,0,0,0,0,0,-206,342,340,0,0,1
lqr_sysid_csv,25258,340,sample,1341,0,10,0,0,0,0,0,-206,342,340,0,0,1
lqr_sysid_csv,25268,340,sample,1342,0,10,0,0,0,0,0,-206,342,340,0,0,1
lqr_sysid_csv,25280,340,sample,1343,0,10,0,0,0,0,0,-206,342,340,0,0,1
lqr_sysid_csv,25290,340,sample,1344,0,10,0,0,0,0,0,-206,342,340,0,0,1
lqr_sysid_csv,25301,340,sample,1345,0,10,0,0,0,0,0,-206,342,340,0,0,1
lqr_sysid_csv,25311,340,sample,1346,0,10,0,0,0,0,0,-206,342,340,0,0,1
lqr_sysid_csv,25321,340,sample,1347,0,10,0,0,0,0,0,-206,342,340,0,0,1
lqr_sysid_csv,25332,340,sample,1348,0,10,0,0,0,0,0,193,342,340,0,0,1
lqr_sysid_csv,25343,340,sample,1349,0,10,0,0,0,0,0,193,342,340,0,0,1
lqr_sysid_csv,25353,340,sample,1350,0,10,0,0,0,0,0,193,342,340,0,0,1
lqr_sysid_csv,25363,340,sample,1351,0,10,0,0,0,0,0,193,342,340,0,0,1
lqr_sysid_csv,25374,340,sample,1352,0,10,0,0,0,0,0,193,342,340,0,0,1
lqr_sysid_csv,25384,340,sample,1353,0,10,0,0,0,0,0,193,342,340,0,0,1
lqr_sysid_csv,25395,340,sample,1354,0,10,0,0,0,0,0,193,342,340,0,0,1
lqr_sysid_csv,25405,340,sample,1355,0,10,0,0,0,0,0,193,342,340,0,0,1
lqr_sysid_csv,25416,340,sample,1356,0,10,0,0,0,0,0,193,342,340,0,0,1
lqr_sysid_csv,25433,340,sample,1357,0,10,0,0,0,0,0,193,342,340,0,0,1
lqr_sysid_csv,25443,340,sample,1358,0,10,0,0,0,0,0,193,342,340,0,0,1
lqr_sysid_csv,25453,340,sample,1359,0,10,0,0,0,0,0,193,342,340,0,0,1
lqr_sysid_csv,25464,340,sample,1360,0,10,0,0,0,0,0,193,342,340,0,0,1
lqr_sysid_csv,25474,340,sample,1361,0,10,0,0,0,0,0,193,342,340,0,0,1
lqr_sysid_csv,25484,340,sample,1362,0,10,0,0,0,0,0,193,342,340,0,0,1
lqr_sysid_csv,25495,340,sample,1363,0,10,0,0,0,0,0,193,342,340,0,0,1
lqr_sysid_csv,25505,340,sample,1364,0,10,0,0,0,0,0,193,342,340,0,0,1
lqr_sysid_csv,25515,340,sample,1365,0,10,0,0,0,0,0,193,342,340,0,0,1
lqr_sysid_csv,25526,340,sample,1366,0,10,0,0,0,0,0,193,342,340,0,0,1
lqr_sysid_csv,25537,340,sample,1367,0,10,0,0,0,0,0,193,342,340,0,0,1
lqr_sysid_csv,25547,340,sample,1368,0,10,0,0,0,0,0,193,342,340,0,0,1
lqr_sysid_csv,25558,340,sample,1369,0,10,0,0,0,0,0,193,342,340,0,0,1
lqr_sysid_csv,25568,340,sample,1370,0,10,0,0,0,0,0,193,342,340,0,0,1
lqr_sysid_csv,25579,340,sample,1371,0,10,0,0,0,0,0,193,342,340,0,0,1
lqr_sysid_csv,25589,340,sample,1372,0,10,0,0,0,0,0,193,342,340,0,0,1
lqr_sysid_csv,25600,340,sample,1373,0,10,0,0,0,0,0,193,342,340,0,0,1
lqr_sysid_csv,25610,340,sample,1374,0,10,0,0,0,0,0,193,342,340,0,0,1
lqr_sysid_csv,25620,340,sample,1375,0,10,0,0,0,0,0,193,342,340,0,0,1
lqr_sysid_csv,25631,340,sample,1376,0,10,0,0,0,0,0,193,342,340,0,0,1
lqr_sysid_csv,25642,340,sample,1377,0,10,0,0,0,0,0,193,342,340,0,0,1
lqr_sysid_csv,25652,340,sample,1378,0,10,0,0,0,0,0,193,342,340,0,0,1
lqr_sysid_csv,25662,340,sample,1379,0,10,0,0,0,0,0,-206,342,340,0,0,1
lqr_sysid_csv,25673,340,sample,1380,0,10,0,0,0,0,0,-206,342,340,0,0,1
lqr_sysid_csv,25683,340,sample,1381,0,10,0,0,0,0,0,-206,342,340,0,0,1
lqr_sysid_csv,25693,340,sample,1382,0,10,0,0,0,0,0,-206,342,340,0,0,1
lqr_sysid_csv,25711,340,sample,1383,0,10,0,0,0,0,0,-206,342,340,0,0,1
lqr_sysid_csv,25721,340,sample,1384,0,10,0,0,0,0,0,-206,342,340,0,0,1
lqr_sysid_csv,25732,340,sample,1385,0,10,0,0,0,0,0,-206,342,340,0,0,1
lqr_sysid_csv,25742,340,sample,1386,0,10,0,0,0,0,0,-206,342,340,0,0,1
lqr_sysid_csv,25752,340,sample,1387,0,10,0,0,0,0,0,-206,342,340,0,0,1
lqr_sysid_csv,25763,340,sample,1388,0,10,0,0,0,0,0,-206,342,340,0,0,1
lqr_sysid_csv,25774,340,sample,1389,0,10,0,0,0,0,0,-206,342,340,0,0,1
lqr_sysid_csv,25785,340,sample,1390,0,10,0,0,0,0,0,-206,342,340,0,0,1
lqr_sysid_csv,25795,340,sample,1391,0,10,0,0,0,0,0,-206,342,340,0,0,1
lqr_sysid_csv,25805,340,sample,1392,0,10,0,0,0,0,0,-206,342,340,0,0,1
lqr_sysid_csv,25821,340,sample,1393,0,10,0,0,0,0,0,-206,342,340,0,0,1
lqr_sysid_csv,25832,340,sample,1394,0,10,0,0,0,0,0,-206,342,340,0,0,1
lqr_sysid_csv,25842,340,sample,1395,0,10,0,0,0,0,0,-206,342,340,0,0,1
lqr_sysid_csv,25852,340,sample,1396,0,10,0,0,0,0,0,-206,342,340,0,0,1
lqr_sysid_csv,25863,340,sample,1397,0,10,0,0,0,0,0,-206,342,340,0,0,1
lqr_sysid_csv,25874,340,sample,1398,0,10,0,0,0,0,0,-206,342,340,0,0,1
lqr_sysid_csv,25884,340,sample,1399,0,10,0,0,0,0,0,-206,342,340,0,0,1
lqr_sysid_csv,25901,340,sample,1400,0,10,0,0,0,0,0,-206,342,340,0,0,1
lqr_sysid_csv,25912,340,sample,1401,0,10,0,0,0,0,0,-206,342,340,0,0,1
lqr_sysid_csv,25922,340,sample,1402,0,10,0,0,0,0,0,-206,342,340,0,0,1
lqr_sysid_csv,25933,340,sample,1403,0,10,0,0,0,0,0,-206,342,340,0,0,1
lqr_sysid_csv,25944,340,sample,1404,0,10,0,0,0,0,0,-206,342,340,0,0,1
lqr_sysid_csv,25955,340,sample,1405,0,10,0,0,0,0,0,-206,342,340,0,0,1
lqr_sysid_csv,25966,340,sample,1406,0,10,0,0,0,0,0,-206,342,340,0,0,1
lqr_sysid_csv,25976,340,sample,1407,0,10,0,0,0,0,0,-206,342,340,0,0,1
lqr_sysid_csv,25987,340,sample,1408,0,10,0,0,0,0,0,-206,342,340,0,0,1
lqr_sysid_csv,25997,340,sample,1409,0,10,0,0,0,0,0,-206,342,340,0,0,1
lqr_sysid_csv,26008,340,sample,1410,0,10,0,0,0,0,0,-206,342,340,0,0,1
lqr_sysid_csv,26019,340,sample,1411,0,10,0,0,0,0,0,-206,342,340,0,0,1
lqr_sysid_csv,26035,340,sample,1412,0,10,0,0,0,0,0,-206,342,340,0,0,1
lqr_sysid_csv,26046,340,sample,1413,0,10,0,0,0,0,0,-206,342,340,0,0,1
lqr_sysid_csv,26056,340,sample,1414,0,10,0,0,0,0,0,-206,342,340,0,0,1
lqr_sysid_csv,26067,340,sample,1415,0,10,0,0,0,0,0,-206,342,340,0,0,1
lqr_sysid_csv,26077,340,sample,1416,0,10,0,0,0,0,0,-206,342,340,0,0,1
lqr_sysid_csv,26088,340,sample,1417,0,10,0,0,0,0,0,-206,342,340,0,0,1
lqr_sysid_csv,26098,340,sample,1418,0,10,0,0,0,0,0,-206,342,340,0,0,1
lqr_sysid_csv,26109,340,sample,1419,0,10,0,0,0,0,0,-206,342,340,0,0,1
lqr_sysid_csv,26120,340,sample,1420,0,10,0,0,0,0,0,-206,342,340,0,0,1
lqr_sysid_csv,26130,340,sample,1421,0,10,0,0,0,0,0,-206,342,340,0,0,1
lqr_sysid_csv,26141,340,sample,1422,0,10,0,0,0,0,0,-206,342,340,0,0,1
lqr_sysid_csv,26151,340,sample,1423,0,10,0,0,0,0,0,-206,342,340,0,0,1
lqr_sysid_csv,26162,340,sample,1424,0,10,0,0,0,0,0,-206,342,340,0,0,1
lqr_sysid_csv,26172,340,sample,1425,0,10,0,0,0,0,0,-206,342,340,0,0,1
lqr_sysid_csv,26183,340,sample,1426,0,10,0,0,0,0,0,-206,342,340,0,0,1
lqr_sysid_csv,26193,340,sample,1427,0,10,0,0,0,0,0,-206,342,340,0,0,1
lqr_sysid_csv,26204,340,sample,1428,0,10,0,0,0,0,0,-206,342,340,0,0,1
lqr_sysid_csv,26214,340,sample,1429,0,10,0,0,0,0,0,-206,342,340,0,0,1
lqr_sysid_csv,26225,340,sample,1430,0,10,0,0,0,0,0,-206,342,340,0,0,1
lqr_sysid_csv,26235,340,sample,1431,0,10,0,0,0,0,0,-206,342,340,0,0,1
lqr_sysid_csv,26245,340,sample,1432,0,10,0,0,0,0,0,-206,342,340,0,0,1
lqr_sysid_csv,26256,340,sample,1433,0,10,0,0,0,0,0,-206,342,340,0,0,1
lqr_sysid_csv,26267,340,sample,1434,0,10,0,0,0,0,0,-206,342,340,0,0,1
lqr_sysid_csv,26277,340,sample,1435,0,10,0,0,0,0,0,-206,342,340,0,0,1
lqr_sysid_csv,26288,340,sample,1436,0,10,0,0,0,0,0,-206,342,340,0,0,1
lqr_sysid_csv,26298,340,sample,1437,0,10,0,0,0,0,0,-206,342,340,0,0,1
lqr_sysid_csv,26309,340,sample,1438,0,10,0,0,0,0,0,-206,342,340,0,0,1
lqr_sysid_csv,26319,340,sample,1439,0,10,0,0,0,0,0,193,342,340,0,0,1
lqr_sysid_csv,26329,340,sample,1440,0,10,0,0,0,0,0,193,342,340,0,0,1
lqr_sysid_csv,26340,340,sample,1441,0,10,0,0,0,0,0,193,342,340,0,0,1
lqr_sysid_csv,26350,340,sample,1442,0,10,0,0,0,0,0,193,342,340,0,0,1
lqr_sysid_csv,26361,340,sample,1443,0,10,0,0,0,0,0,193,342,340,0,0,1
lqr_sysid_csv,26371,340,sample,1444,0,10,0,0,0,0,0,193,342,340,0,0,1
lqr_sysid_csv,26382,340,sample,1445,0,10,0,0,0,0,0,193,342,340,0,0,1
lqr_sysid_csv,26392,340,sample,1446,0,10,0,0,0,0,0,193,342,340,0,0,1
lqr_sysid_csv,26403,340,sample,1447,0,10,0,0,0,0,0,193,342,340,0,0,1
lqr_sysid_csv,26413,340,sample,1448,0,10,0,0,0,0,0,193,342,340,0,0,1
lqr_sysid_csv,26423,340,sample,1449,0,10,0,0,0,0,0,193,342,340,0,0,1
lqr_sysid_csv,26433,340,sample,1450,0,10,0,0,0,0,0,193,342,340,0,0,1
lqr_sysid_csv,26443,340,sample,1451,0,10,0,0,0,0,0,193,342,340,0,0,1
lqr_sysid_csv,26454,340,sample,1452,0,10,0,0,0,0,0,193,342,340,0,0,1
lqr_sysid_csv,26464,340,sample,1453,0,10,0,0,0,0,0,193,342,340,0,0,1
lqr_sysid_csv,26474,340,sample,1454,0,10,0,0,0,0,0,193,342,340,0,0,1
lqr_sysid_csv,26485,340,sample,1455,0,10,0,0,0,0,0,193,342,340,0,0,1
lqr_sysid_csv,26495,340,sample,1456,0,10,0,0,0,0,0,193,342,340,0,0,1
lqr_sysid_csv,26506,340,sample,1457,0,10,0,0,0,0,0,193,342,340,0,0,1
lqr_sysid_csv,26522,340,sample,1458,0,10,0,0,0,0,0,193,342,340,0,0,1
lqr_sysid_csv,26533,340,sample,1459,0,10,0,0,0,0,0,193,342,340,0,0,1
lqr_sysid_csv,26543,340,sample,1460,0,10,0,0,0,0,0,193,342,340,0,0,1
lqr_sysid_csv,26554,340,sample,1461,0,10,0,0,0,0,0,193,342,340,0,0,1
lqr_sysid_csv,26564,340,sample,1462,0,10,0,0,0,0,0,193,342,340,0,0,1
lqr_sysid_csv,26575,340,sample,1463,0,10,0,0,0,0,0,193,342,340,0,0,1
lqr_sysid_csv,26585,340,sample,1464,0,10,0,0,0,0,0,193,342,340,0,0,1
lqr_sysid_csv,26596,340,sample,1465,0,10,0,0,0,0,0,193,342,340,0,0,1
lqr_sysid_csv,26606,340,sample,1466,0,10,0,0,0,0,0,193,342,340,0,0,1
lqr_sysid_csv,26617,340,sample,1467,0,10,0,0,0,0,0,193,342,340,0,0,1
lqr_sysid_csv,26627,340,sample,1468,0,10,0,0,0,0,0,193,342,340,0,0,1
lqr_sysid_csv,26637,340,sample,1469,0,10,0,0,0,0,0,193,342,340,0,0,1
lqr_sysid_csv,26647,340,sample,1470,0,10,0,0,0,0,0,-206,342,340,0,0,1
lqr_sysid_csv,26658,340,sample,1471,0,10,0,0,0,0,0,-206,342,340,0,0,1
lqr_sysid_csv,26668,340,sample,1472,0,10,0,0,0,0,0,-206,342,340,0,0,1
lqr_sysid_csv,26679,340,sample,1473,0,10,0,0,0,0,0,-206,342,340,0,0,1
lqr_sysid_csv,26690,340,sample,1474,0,10,0,0,0,0,0,-206,342,340,0,0,1
lqr_sysid_csv,26706,340,sample,1475,0,10,0,0,0,0,0,-206,342,340,0,0,1
lqr_sysid_csv,26717,340,sample,1476,0,10,0,0,0,0,0,-206,342,340,0,0,1
lqr_sysid_csv,26727,340,sample,1477,0,10,0,0,0,0,0,-206,342,340,0,0,1
lqr_sysid_csv,26744,340,sample,1478,0,10,0,0,0,0,0,-206,342,340,0,0,1
lqr_sysid_csv,26754,340,sample,1479,0,10,0,0,0,0,0,-206,342,340,0,0,1
lqr_sysid_csv,26765,340,sample,1480,0,10,0,0,0,0,0,-206,342,340,0,0,1
lqr_sysid_csv,26775,340,sample,1481,0,10,0,0,0,0,0,-206,342,340,0,0,1
lqr_sysid_csv,26792,340,sample,1482,0,10,0,0,0,0,0,-206,342,340,0,0,1
lqr_sysid_csv,26803,340,sample,1483,0,10,0,0,0,0,0,-206,342,340,0,0,1
lqr_sysid_csv,26813,340,sample,1484,0,10,0,0,0,0,0,-206,342,340,0,0,1
lqr_sysid_csv,26824,340,sample,1485,0,10,0,0,0,0,0,-206,342,340,0,0,1
lqr_sysid_csv,26834,340,sample,1486,0,10,0,0,0,0,0,-206,342,340,0,0,1
lqr_sysid_csv,26850,340,sample,1487,0,10,0,0,0,0,0,-206,342,340,0,0,1
lqr_sysid_csv,26860,340,sample,1488,0,10,0,0,0,0,0,-206,342,340,0,0,1
lqr_sysid_csv,26871,340,sample,1489,0,10,0,0,0,0,0,-206,342,340,0,0,1
lqr_sysid_csv,26882,340,sample,1490,0,10,0,0,0,0,0,-206,342,340,0,0,1
lqr_sysid_csv,26892,340,sample,1491,0,10,0,0,0,0,0,-206,342,340,0,0,1
lqr_sysid_csv,26904,340,sample,1492,0,10,0,0,0,0,0,-206,342,340,0,0,1
lqr_sysid_csv,26914,340,sample,1493,0,10,0,0,0,0,0,-206,342,340,0,0,1
lqr_sysid_csv,26925,340,sample,1494,0,10,0,0,0,0,0,-206,342,340,0,0,1
lqr_sysid_csv,26935,340,sample,1495,0,10,0,0,0,0,0,-206,342,340,0,0,1
lqr_sysid_csv,26945,340,sample,1496,0,10,0,0,0,0,0,-206,342,340,0,0,1
lqr_sysid_csv,26963,340,sample,1497,0,10,0,0,0,0,0,-206,342,340,0,0,1
lqr_sysid_csv,26974,340,sample,1498,0,10,0,0,0,0,0,-206,342,340,0,0,1
lqr_sysid_csv,26984,340,sample,1499,0,10,0,0,0,0,0,-206,342,340,0,0,1
lqr_sysid_csv,26994,340,sample,1500,0,10,0,0,0,0,0,-206,342,340,0,0,1
lqr_sysid_csv,27010,340,sample,1501,0,10,0,0,0,0,0,-206,342,340,0,0,1
lqr_sysid_csv,27020,340,sample,1502,0,10,0,0,0,0,0,-206,342,340,0,0,1
lqr_sysid_csv,27031,340,sample,1503,0,10,0,0,0,0,0,-206,342,340,0,0,1
lqr_sysid_csv,27041,340,sample,1504,0,10,0,0,0,0,0,-206,342,340,0,0,1
lqr_sysid_csv,27053,340,sample,1505,0,10,0,0,0,0,0,-206,342,340,0,0,1
lqr_sysid_csv,27063,340,sample,1506,0,10,0,0,0,0,0,-206,342,340,0,0,1
lqr_sysid_csv,27074,340,sample,1507,0,10,0,0,0,0,0,-206,342,340,0,0,1
lqr_sysid_csv,27084,340,sample,1508,0,10,0,0,0,0,0,-206,342,340,0,0,1
lqr_sysid_csv,27095,340,sample,1509,0,10,0,0,0,0,0,-206,342,340,0,0,1
lqr_sysid_csv,27106,340,sample,1510,0,10,0,0,0,0,0,-206,342,340,0,0,1
lqr_sysid_csv,27116,340,sample,1511,0,10,0,0,0,0,0,-206,342,340,0,0,1
lqr_sysid_csv,27126,340,sample,1512,0,10,0,0,0,0,0,-206,342,340,0,0,1
lqr_sysid_csv,27144,340,sample,1513,0,10,0,0,0,0,0,-206,342,340,0,0,1
lqr_sysid_csv,27154,340,sample,1514,0,10,0,0,0,0,0,-206,342,340,0,0,1
lqr_sysid_csv,27165,340,sample,1515,0,10,0,0,0,0,0,-206,342,340,0,0,1
lqr_sysid_csv,27175,340,sample,1516,0,10,0,0,0,0,0,-206,342,340,0,0,1
lqr_sysid_csv,27186,340,sample,1517,0,10,0,0,0,0,0,-206,342,340,0,0,1
lqr_sysid_csv,27197,340,sample,1518,0,10,0,0,0,0,0,-206,342,340,0,0,1
lqr_sysid_csv,27207,340,sample,1519,0,10,0,0,0,0,0,-206,342,340,0,0,1
lqr_sysid_csv,27218,340,sample,1520,0,10,0,0,0,0,0,-206,342,340,0,0,1
lqr_sysid_csv,27228,340,sample,1521,0,10,0,0,0,0,0,-206,342,340,0,0,1
lqr_sysid_csv,27239,340,sample,1522,0,10,0,0,0,0,0,-206,342,340,0,0,1
lqr_sysid_csv,27249,340,sample,1523,0,10,0,0,0,0,0,-206,342,340,0,0,1
lqr_sysid_csv,27260,340,sample,1524,0,10,0,0,0,0,0,-206,342,340,0,0,1
lqr_sysid_csv,27270,340,sample,1525,0,10,0,0,0,0,0,-206,342,340,0,0,1
lqr_sysid_csv,27287,320,settle,0,0,10,0,0,0,0,0,-6,342,340,0,0,1
lqr_sysid_csv,27297,320,settle,0,0,10,0,0,0,0,0,-6,342,340,0,0,1
lqr_sysid_csv,27307,320,settle,0,0,10,0,0,0,0,0,-6,342,340,0,0,1
lqr_sysid_csv,27317,320,settle,0,0,10,0,0,0,0,0,-6,342,340,0,0,1
lqr_sysid_csv,27328,320,settle,0,0,0,0,0,0,0,0,-5,342,340,0,0,1
lqr_sysid_csv,27338,320,settle,0,0,21,0,0,0,0,0,-12,342,340,0,0,1
lqr_sysid_csv,27347,320,settle,0,0,26,0,0,0,0,0,-16,342,340,0,0,1
lqr_sysid_csv,27357,320,settle,0,0,26,0,0,0,0,0,-18,342,340,0,0,1
lqr_sysid_csv,27367,320,settle,0,-1,-7,0,0,0,0,0,12,341,340,0,0,1
lqr_sysid_csv,27377,320,settle,0,0,-50,0,0,0,0,0,38,341,340,0,0,1
lqr_sysid_csv,27387,320,settle,0,-1,-37,0,0,0,0,0,50,340,339,0,0,1
lqr_sysid_csv,27397,320,settle,0,-2,0,0,0,0,0,0,33,340,339,0,0,1
lqr_sysid_csv,27407,320,settle,0,-2,-32,0,0,0,0,0,39,340,339,0,0,1
lqr_sysid_csv,27417,320,settle,0,-2,16,0,0,0,0,0,21,340,339,0,0,1
lqr_sysid_csv,27427,320,settle,0,-2,-12,0,0,0,0,0,34,338,338,0,0,1
lqr_sysid_csv,27437,320,settle,0,-2,-28,0,0,0,0,0,44,338,338,0,0,1
lqr_sysid_csv,27447,320,settle,0,-2,-33,0,0,0,0,0,54,338,338,0,0,1
lqr_sysid_csv,27457,320,settle,0,-2,-33,0,0,0,0,0,58,338,338,0,0,1
lqr_sysid_csv,27467,320,settle,0,-2,-33,0,0,0,0,0,59,338,338,0,0,1
lqr_sysid_csv,27477,320,settle,0,-2,-33,0,0,0,0,0,59,338,338,0,0,1
lqr_sysid_csv,27487,320,settle,0,-7,-50,0,0,0,0,0,124,336,338,0,0,1
lqr_sysid_csv,27497,320,settle,0,-7,-50,0,0,0,0,0,129,336,338,0,0,1
lqr_sysid_csv,27507,320,settle,0,-7,-50,0,0,0,0,0,129,336,338,0,0,1
lqr_sysid_csv,27517,320,settle,0,-7,-50,0,0,0,0,0,130,336,338,0,0,1
lqr_sysid_csv,27527,320,settle,0,-7,-50,0,0,0,0,0,130,336,338,0,0,1
lqr_sysid_csv,27537,320,settle,0,-7,-50,0,0,0,0,0,130,336,338,0,0,1
lqr_sysid_csv,27547,320,settle,0,-7,-50,0,0,0,0,0,130,336,338,0,0,1
lqr_sysid_csv,27557,320,settle,0,-7,-50,0,0,0,0,0,130,336,338,0,0,1
lqr_sysid_csv,27567,320,settle,0,-7,-50,0,0,0,0,0,130,336,338,0,0,1
lqr_sysid_csv,27577,320,settle,0,-7,-50,0,0,0,0,0,130,336,338,0,0,1
lqr_sysid_csv,27587,320,settle,0,-7,-50,0,0,0,0,0,130,336,338,0,0,1
lqr_sysid_csv,27597,320,settle,0,-7,-50,0,0,0,0,0,130,336,338,0,0,1
lqr_sysid_csv,27607,320,settle,0,-7,-50,0,0,0,0,0,130,336,338,0,0,1
lqr_sysid_csv,27617,320,settle,0,-7,-50,0,0,0,0,0,130,336,338,0,0,1
lqr_sysid_csv,27628,320,settle,0,-7,-50,0,0,0,0,0,130,336,338,0,0,1
lqr_sysid_csv,27638,320,settle,0,-7,-90,0,0,0,0,0,140,336,337,0,0,1
lqr_sysid_csv,27649,320,settle,0,-23,-100,0,0,0,0,0,320,327,337,0,0,1
lqr_sysid_csv,27659,320,settle,0,-19,43,0,0,0,0,0,233,323,337,0,0,1
lqr_sysid_csv,27669,320,settle,0,-19,43,0,0,0,0,0,176,323,337,0,0,1
lqr_sysid_csv,27679,320,settle,0,-19,43,0,0,0,0,0,157,323,337,0,0,1
lqr_sysid_csv,27689,320,settle,0,-19,43,0,0,0,0,0,151,323,337,0,0,1
lqr_sysid_csv,27699,320,settle,0,-19,43,0,0,0,0,0,149,323,337,0,0,1
lqr_sysid_csv,27709,320,settle,0,-19,43,0,0,0,0,0,148,323,337,0,0,1
lqr_sysid_csv,27719,320,settle,0,-10,129,0,0,0,0,0,4,318,337,0,0,1
lqr_sysid_csv,27729,320,settle,0,-10,129,0,0,0,0,0,-14,318,337,0,0,1
lqr_sysid_csv,27739,320,settle,0,-10,129,0,0,0,0,0,-20,318,337,0,0,1
lqr_sysid_csv,27750,320,settle,0,-10,129,0,0,0,0,0,-22,318,337,0,0,1
lqr_sysid_csv,27760,320,settle,0,-16,208,0,0,0,0,0,10,315,337,0,0,1
lqr_sysid_csv,27770,320,settle,0,-6,175,0,0,0,0,0,-103,309,337,0,0,1
lqr_sysid_csv,27780,320,settle,0,-6,175,0,0,0,0,0,-107,309,337,0,0,1
lqr_sysid_csv,27791,320,settle,0,-6,175,0,0,0,0,0,-109,309,337,0,0,1
lqr_sysid_csv,27801,320,settle,0,-1,79,0,0,0,0,0,-137,308,337,0,0,1
lqr_sysid_csv,27811,320,settle,0,-1,84,0,0,0,0,0,-92,308,337,0,0,1
lqr_sysid_csv,27821,320,settle,0,-1,84,0,0,0,0,0,-77,308,337,0,0,1
lqr_sysid_csv,27831,320,settle,0,-2,15,0,0,0,0,0,-17,308,337,0,0,1
lqr_sysid_csv,27841,320,settle,0,-2,15,0,0,0,0,0,0,308,337,0,0,1
lqr_sysid_csv,27851,320,settle,0,1,-7,0,0,0,0,0,-25,310,337,0,0,1
lqr_sysid_csv,27861,320,settle,0,0,40,0,0,0,0,0,-29,311,337,0,0,1
lqr_sysid_csv,27871,320,settle,0,0,40,0,0,0,0,0,-36,311,337,0,0,1
lqr_sysid_csv,27881,320,settle,0,0,18,0,0,0,0,0,-32,312,337,0,0,1
lqr_sysid_csv,27891,320,settle,0,0,55,0,0,0,0,0,-49,312,337,0,0,1
lqr_sysid_csv,27901,320,settle,0,0,16,0,0,0,0,0,-35,312,337,0,0,1
lqr_sysid_csv,27911,320,settle,0,0,10,0,0,0,0,0,-24,312,337,0,0,1
lqr_sysid_csv,27921,320,settle,0,0,5,0,0,0,0,0,-16,312,337,0,0,1
lqr_sysid_csv,27931,320,settle,0,0,5,0,0,0,0,0,-13,312,337,0,0,1
lqr_sysid_csv,27941,320,settle,0,0,5,0,0,0,0,0,-12,312,337,0,0,1
lqr_sysid_csv,27951,320,settle,0,0,10,0,0,0,0,0,-16,312,337,0,0,1
lqr_sysid_csv,27961,320,settle,0,0,10,0,0,0,0,0,-17,312,337,0,0,1
lqr_sysid_csv,27971,320,settle,0,0,10,0,0,0,0,0,-18,312,337,0,0,1
lqr_sysid_csv,27981,320,settle,0,0,10,0,0,0,0,0,-18,312,337,0,0,1
lqr_sysid_csv,27991,320,settle,0,0,10,0,0,0,0,0,-18,312,337,0,0,1
lqr_sysid_csv,28001,320,settle,0,0,10,0,0,0,0,0,-18,312,337,0,0,1
lqr_sysid_csv,28012,320,settle,0,0,10,0,0,0,0,0,-18,312,337,0,0,1
lqr_sysid_csv,28021,320,settle,0,0,10,0,0,0,0,0,-18,312,337,0,0,1
lqr_sysid_csv,28031,320,settle,0,0,10,0,0,0,0,0,-18,312,337,0,0,1
lqr_sysid_csv,28041,320,settle,0,0,10,0,0,0,0,0,-18,312,337,0,0,1
lqr_sysid_csv,28051,320,settle,0,0,10,0,0,0,0,0,-18,312,337,0,0,1
lqr_sysid_csv,28061,320,settle,0,0,10,0,0,0,0,0,-18,312,337,0,0,1
lqr_sysid_csv,28071,320,settle,0,0,10,0,0,0,0,0,-18,312,337,0,0,1
lqr_sysid_csv,28081,320,settle,0,0,10,0,0,0,0,0,-18,312,337,0,0,1
lqr_sysid_csv,28091,320,settle,0,0,10,0,0,0,0,0,-18,312,337,0,0,1
lqr_sysid_csv,28101,320,settle,0,0,10,0,0,0,0,0,-18,312,337,0,0,1
lqr_sysid_csv,28111,320,settle,0,0,10,0,0,0,0,0,-18,312,337,0,0,1
lqr_sysid_csv,28121,320,settle,0,0,10,0,0,0,0,0,-18,312,337,0,0,1
lqr_sysid_csv,28131,320,settle,0,0,10,0,0,0,0,0,-18,312,337,0,0,1
lqr_sysid_csv,28141,320,settle,0,0,10,0,0,0,0,0,-18,312,337,0,0,1
lqr_sysid_csv,28151,320,settle,0,0,10,0,0,0,0,0,-18,312,337,0,0,1
lqr_sysid_csv,28162,320,settle,0,0,10,0,0,0,0,0,-18,312,337,0,0,1
lqr_sysid_csv,28172,320,settle,0,0,10,0,0,0,0,0,-18,312,337,0,0,1
lqr_sysid_csv,28181,320,settle,0,0,10,0,0,0,0,0,-18,312,337,0,0,1
lqr_sysid_csv,28191,320,settle,0,0,10,0,0,0,0,0,-18,312,337,0,0,1
lqr_sysid_csv,28201,320,settle,0,0,10,0,0,0,0,0,-18,312,337,0,0,1
lqr_sysid_csv,28211,320,settle,0,0,10,0,0,0,0,0,-18,312,337,0,0,1
lqr_sysid_csv,28221,320,settle,0,0,10,0,0,0,0,0,-18,312,337,0,0,1
lqr_sysid_csv,28231,320,settle,0,0,10,0,0,0,0,0,-18,312,337,0,0,1
lqr_sysid_csv,28241,320,settle,0,0,10,0,0,0,0,0,-18,312,337,0,0,1
lqr_sysid_csv,28251,320,settle,0,0,10,0,0,0,0,0,-18,312,337,0,0,1
lqr_sysid_csv,28261,320,settle,0,0,10,0,0,0,0,0,-18,312,337,0,0,1
lqr_sysid_csv,28271,320,settle,0,0,10,0,0,0,0,0,-18,312,337,0,0,1
lqr_sysid_csv,28281,320,settle,0,0,10,0,0,0,0,0,-18,312,337,0,0,1
lqr_sysid_csv,28291,320,settle,0,0,10,0,0,0,0,0,-18,312,337,0,0,1
lqr_sysid_csv,28301,320,settle,0,0,10,0,0,0,0,0,-18,312,337,0,0,1
lqr_sysid_csv,28311,320,settle,0,0,10,0,0,0,0,0,-18,312,337,0,0,1
lqr_sysid_csv,28322,320,settle,0,0,10,0,0,0,0,0,-18,312,337,0,0,1
lqr_sysid_csv,28331,320,settle,0,0,10,0,0,0,0,0,-18,312,337,0,0,1
lqr_sysid_csv,28341,320,settle,0,0,10,0,0,0,0,0,-18,312,337,0,0,1
lqr_sysid_csv,28351,320,settle,0,0,10,0,0,0,0,0,-18,312,337,0,0,1
lqr_sysid_csv,28361,320,settle,0,0,10,0,0,0,0,0,-18,312,337,0,0,1
lqr_sysid_csv,28371,320,settle,0,0,10,0,0,0,0,0,-18,312,337,0,0,1
lqr_sysid_csv,28381,320,settle,0,0,10,0,0,0,0,0,-18,312,337,0,0,1
lqr_sysid_csv,28391,320,settle,0,0,10,0,0,0,0,0,-18,312,337,0,0,1
lqr_sysid_csv,28401,320,settle,0,0,10,0,0,0,0,0,-18,312,337,0,0,1
lqr_sysid_csv,28411,320,settle,0,0,10,0,0,0,0,0,-18,312,337,0,0,1
lqr_sysid_csv,28421,320,settle,0,0,10,0,0,0,0,0,-18,312,337,0,0,1
lqr_sysid_csv,28431,320,settle,0,0,10,0,0,0,0,0,-18,312,337,0,0,1
lqr_sysid_csv,28441,320,settle,0,0,10,0,0,0,0,0,-18,312,337,0,0,1
lqr_sysid_csv,28451,320,settle,0,0,10,0,0,0,0,0,-18,312,337,0,0,1
lqr_sysid_csv,28461,320,settle,0,0,10,0,0,0,0,0,-18,312,337,0,0,1
lqr_sysid_csv,28471,320,settle,0,0,10,0,0,0,0,0,-18,312,337,0,0,1
lqr_sysid_csv,28481,320,settle,0,0,10,0,0,0,0,0,-18,312,337,0,0,1
lqr_sysid_csv,28491,320,settle,0,0,10,0,0,0,0,0,-18,312,337,0,0,1
lqr_sysid_csv,28501,320,settle,0,0,10,0,0,0,0,0,-18,312,337,0,0,1
lqr_sysid_csv,28511,320,settle,0,0,10,0,0,0,0,0,-18,312,337,0,0,1
lqr_sysid_csv,28521,320,settle,0,0,10,0,0,0,0,0,-18,312,337,0,0,1
lqr_sysid_csv,28531,320,settle,0,0,10,0,0,0,0,0,-18,312,337,0,0,1
lqr_sysid_csv,28541,320,settle,0,0,10,0,0,0,0,0,-18,312,337,0,0,1
lqr_sysid_csv,28551,320,settle,0,0,10,0,0,0,0,0,-18,312,337,0,0,1
lqr_sysid_csv,28561,320,settle,0,0,10,0,0,0,0,0,-19,312,337,0,0,1
lqr_sysid_csv,28571,320,settle,0,0,10,0,0,0,0,0,-19,312,337,0,0,1
lqr_sysid_csv,28581,320,settle,0,0,10,0,0,0,0,0,-19,312,337,0,0,1
lqr_sysid_csv,28591,320,settle,0,0,10,0,0,0,0,0,-19,312,337,0,0,1
lqr_sysid_csv,28601,320,settle,0,0,10,0,0,0,0,0,-19,312,337,0,0,1
lqr_sysid_csv,28611,320,settle,0,0,10,0,0,0,0,0,-19,312,337,0,0,1
lqr_sysid_csv,28621,320,settle,0,0,10,0,0,0,0,0,-19,312,337,0,0,1
lqr_sysid_csv,28631,320,settle,0,0,10,0,0,0,0,0,-19,312,337,0,0,1
lqr_sysid_csv,28641,320,settle,0,0,10,0,0,0,0,0,-19,312,337,0,0,1
lqr_sysid_csv,28651,320,settle,0,0,10,0,0,0,0,0,-19,312,337,0,0,1
lqr_sysid_csv,28661,320,settle,0,0,10,0,0,0,0,0,-19,312,337,0,0,1
lqr_sysid_csv,28671,320,settle,0,0,10,0,0,0,0,0,-19,312,337,0,0,1
lqr_sysid_csv,28681,320,settle,0,0,10,0,0,0,0,0,-19,312,337,0,0,1
lqr_sysid_csv,28691,320,settle,0,0,10,0,0,0,0,0,-19,312,337,0,0,1
lqr_sysid_csv,28701,320,settle,0,0,10,0,0,0,0,0,-19,312,337,0,0,1
lqr_sysid_csv,28711,320,settle,0,0,10,0,0,0,0,0,-19,312,337,0,0,1
lqr_sysid_csv,28721,320,settle,0,0,10,0,0,0,0,0,-19,312,337,0,0,1
lqr_sysid_csv,28731,320,settle,0,0,10,0,0,0,0,0,-19,312,337,0,0,1
lqr_sysid_csv,28741,320,settle,0,0,10,0,0,0,0,0,-19,312,337,0,0,1
lqr_sysid_csv,28751,320,settle,0,0,10,0,0,0,0,0,-19,312,337,0,0,1
lqr_sysid_csv,28761,320,settle,0,0,10,0,0,0,0,0,-19,312,337,0,0,1
lqr_sysid_csv,28771,320,settle,0,0,10,0,0,0,0,0,-19,312,337,0,0,1
lqr_sysid_csv,28781,320,settle,0,0,10,0,0,0,0,0,-19,312,337,0,0,1
lqr_sysid_csv,28791,320,settle,0,0,10,0,0,0,0,0,-19,312,337,0,0,1
lqr_sysid_csv,28801,320,settle,0,0,10,0,0,0,0,0,-19,312,337,0,0,1
lqr_sysid_csv,28811,320,settle,0,0,10,0,0,0,0,0,-19,312,337,0,0,1
lqr_sysid_csv,28821,320,settle,0,0,10,0,0,0,0,0,-19,312,337,0,0,1
lqr_sysid_csv,28831,320,settle,0,0,10,0,0,0,0,0,-19,312,337,0,0,1
lqr_sysid_csv,28841,320,settle,0,0,10,0,0,0,0,0,-19,312,337,0,0,1
lqr_sysid_csv,28851,320,settle,0,0,10,0,0,0,0,0,-19,312,337,0,0,1
lqr_sysid_csv,28861,320,settle,0,0,10,0,0,0,0,0,-19,312,337,0,0,1
lqr_sysid_csv,28871,320,settle,0,0,10,0,0,0,0,0,-19,312,337,0,0,1
lqr_sysid_csv,28881,320,settle,0,0,10,0,0,0,0,0,-19,312,337,0,0,1
lqr_sysid_csv,28891,320,settle,0,0,10,0,0,0,0,0,-19,312,337,0,0,1
lqr_sysid_csv,28901,320,settle,0,0,10,0,0,0,0,0,-19,312,337,0,0,1
lqr_sysid_csv,28911,320,settle,0,0,10,0,0,0,0,0,-19,312,337,0,0,1
lqr_sysid_csv,28921,320,settle,0,0,10,0,0,0,0,0,-19,312,337,0,0,1
lqr_sysid_csv,28931,320,settle,0,0,10,0,0,0,0,0,-19,312,337,0,0,1
lqr_sysid_csv,28941,320,settle,0,0,10,0,0,0,0,0,-19,312,337,0,0,1
lqr_sysid_csv,28951,320,settle,0,0,10,0,0,0,0,0,-19,312,337,0,0,1
lqr_sysid_csv,28962,320,settle,0,0,10,0,0,0,0,0,-19,312,337,0,0,1
lqr_sysid_csv,28971,320,settle,0,0,10,0,0,0,0,0,-19,312,337,0,0,1
lqr_sysid_csv,28981,320,settle,0,0,10,0,0,0,0,0,-19,312,337,0,0,1
lqr_sysid_csv,28991,320,settle,0,0,10,0,0,0,0,0,-19,312,337,0,0,1
lqr_sysid_csv,29001,320,settle,0,0,10,0,0,0,0,0,-19,312,337,0,0,1
lqr_sysid_csv,29011,320,settle,0,0,10,0,0,0,0,0,-19,312,337,0,0,1
lqr_sysid_csv,29028,320,settle,0,0,10,0,0,0,0,0,-18,312,337,0,0,1
lqr_sysid_csv,29038,320,settle,0,0,10,0,0,0,0,0,-18,312,337,0,0,1
lqr_sysid_csv,29047,320,settle,0,0,10,0,0,0,0,0,-18,312,337,0,0,1
lqr_sysid_csv,29057,320,settle,0,0,10,0,0,0,0,0,-18,312,337,0,0,1
lqr_sysid_csv,29067,320,settle,0,0,10,0,0,0,0,0,-18,312,337,0,0,1
lqr_sysid_csv,29077,320,settle,0,0,10,0,0,0,0,0,-19,312,337,0,0,1
lqr_sysid_csv,29087,320,settle,0,0,10,0,0,0,0,0,-19,312,337,0,0,1
lqr_sysid_csv,29097,320,settle,0,0,10,0,0,0,0,0,-19,312,337,0,0,1
lqr_sysid_csv,29108,320,settle,0,0,10,0,0,0,0,0,-19,312,337,0,0,1
lqr_sysid_csv,29117,320,settle,0,0,10,0,0,0,0,0,-19,312,337,0,0,1
lqr_sysid_csv,29127,320,settle,0,0,10,0,0,0,0,0,-19,312,337,0,0,1
lqr_sysid_csv,29137,320,settle,0,0,10,0,0,0,0,0,-19,312,337,0,0,1
lqr_sysid_csv,29147,320,settle,0,0,10,0,0,0,0,0,-19,312,337,0,0,1
lqr_sysid_csv,29157,320,settle,0,0,10,0,0,0,0,0,-19,312,337,0,0,1
lqr_sysid_csv,29167,320,settle,0,0,10,0,0,0,0,0,-19,312,337,0,0,1
lqr_sysid_csv,29178,320,settle,0,0,10,0,0,0,0,0,-19,312,337,0,0,1
lqr_sysid_csv,29187,320,settle,0,0,10,0,0,0,0,0,-19,312,337,0,0,1
lqr_sysid_csv,29197,320,settle,0,0,10,0,0,0,0,0,-19,312,337,0,0,1
lqr_sysid_csv,29207,320,settle,0,1,22,0,0,0,0,0,-31,312,337,0,0,1
lqr_sysid_csv,29217,320,settle,0,1,22,0,0,0,0,0,-34,312,337,0,0,1
lqr_sysid_csv,29227,320,settle,0,1,10,0,0,0,0,0,-33,312,337,0,0,1
lqr_sysid_csv,29237,320,settle,0,1,10,0,0,0,0,0,-27,312,337,0,0,1
lqr_sysid_csv,29247,320,settle,0,1,10,0,0,0,0,0,-26,312,337,0,0,1
lqr_sysid_csv,29257,320,settle,0,1,10,0,0,0,0,0,-25,312,337,0,0,1
lqr_sysid_csv,29267,320,settle,0,1,10,0,0,0,0,0,-25,312,337,0,0,1
lqr_sysid_csv,29277,320,settle,0,1,10,0,0,0,0,0,-25,312,337,0,0,1
lqr_sysid_csv,29287,320,settle,0,1,10,0,0,0,0,0,-25,312,337,0,0,1
lqr_sysid_csv,29297,320,settle,0,1,10,0,0,0,0,0,-25,312,337,0,0,1
lqr_sysid_csv,29307,320,settle,0,1,10,0,0,0,0,0,-25,312,337,0,0,1
lqr_sysid_csv,29317,320,settle,0,1,10,0,0,0,0,0,-25,312,337,0,0,1
lqr_sysid_csv,29327,320,settle,0,1,10,0,0,0,0,0,-25,312,337,0,0,1
lqr_sysid_csv,29337,320,settle,0,1,10,0,0,0,0,0,-25,312,337,0,0,1
lqr_sysid_csv,29347,320,settle,0,1,10,0,0,0,0,0,-25,312,337,0,0,1
lqr_sysid_csv,29357,320,settle,0,1,10,0,0,0,0,0,-25,312,337,0,0,1
lqr_sysid_csv,29367,320,settle,0,1,10,0,0,0,0,0,-25,312,337,0,0,1
lqr_sysid_csv,29377,320,settle,0,1,10,0,0,0,0,0,-25,312,337,0,0,1
lqr_sysid_csv,29387,320,settle,0,1,10,0,0,0,0,0,-25,312,337,0,0,1
lqr_sysid_csv,29397,320,settle,0,1,10,0,0,0,0,0,-25,312,337,0,0,1
lqr_sysid_csv,29407,320,settle,0,1,10,0,0,0,0,0,-25,312,337,0,0,1
lqr_sysid_csv,29417,320,settle,0,1,10,0,0,0,0,0,-25,312,337,0,0,1
lqr_sysid_csv,29427,320,settle,0,1,10,0,0,0,0,0,-25,312,337,0,0,1
lqr_sysid_csv,29437,320,settle,0,1,10,0,0,0,0,0,-25,312,337,0,0,1
lqr_sysid_csv,29447,320,settle,0,1,10,0,0,0,0,0,-25,312,337,0,0,1
lqr_sysid_csv,29457,320,settle,0,1,10,0,0,0,0,0,-25,312,337,0,0,1
lqr_sysid_csv,29467,320,settle,0,1,10,0,0,0,0,0,-25,312,337,0,0,1
lqr_sysid_csv,29477,320,settle,0,1,10,0,0,0,0,0,-25,312,337,0,0,1
lqr_sysid_csv,29487,320,settle,0,1,10,0,0,0,0,0,-25,312,337,0,0,1
lqr_sysid_csv,29497,320,settle,0,1,10,0,0,0,0,0,-25,312,337,0,0,1
lqr_sysid_csv,29507,320,settle,0,1,10,0,0,0,0,0,-25,312,337,0,0,1
lqr_sysid_csv,29517,320,settle,0,1,10,0,0,0,0,0,-25,312,337,0,0,1
lqr_sysid_csv,29527,320,settle,0,1,10,0,0,0,0,0,-25,312,337,0,0,1
lqr_sysid_csv,29537,320,settle,0,1,10,0,0,0,0,0,-25,312,337,0,0,1
lqr_sysid_csv,29547,320,settle,0,1,10,0,0,0,0,0,-25,312,337,0,0,1
lqr_sysid_csv,29557,320,settle,0,1,10,0,0,0,0,0,-25,312,337,0,0,1
lqr_sysid_csv,29567,320,settle,0,1,10,0,0,0,0,0,-25,312,337,0,0,1
lqr_sysid_csv,29577,320,settle,0,1,10,0,0,0,0,0,-25,312,337,0,0,1
lqr_sysid_csv,29587,320,settle,0,1,10,0,0,0,0,0,-25,312,337,0,0,1
lqr_sysid_csv,29597,320,settle,0,1,10,0,0,0,0,0,-25,312,337,0,0,1
lqr_sysid_csv,29608,320,settle,0,1,10,0,0,0,0,0,-25,312,337,0,0,1
lqr_sysid_csv,29617,320,settle,0,1,10,0,0,0,0,0,-25,312,337,0,0,1
lqr_sysid_csv,29627,320,settle,0,1,10,0,0,0,0,0,-25,312,337,0,0,1
lqr_sysid_csv,29637,320,settle,0,1,10,0,0,0,0,0,-25,312,337,0,0,1
lqr_sysid_csv,29647,320,settle,0,1,10,0,0,0,0,0,-25,312,337,0,0,1
lqr_sysid_csv,29657,320,settle,0,1,10,0,0,0,0,0,-25,312,337,0,0,1
lqr_sysid_csv,29667,320,settle,0,1,10,0,0,0,0,0,-25,312,337,0,0,1
lqr_sysid_csv,29677,320,settle,0,1,10,0,0,0,0,0,-25,312,337,0,0,1
lqr_sysid_csv,29687,320,settle,0,1,10,0,0,0,0,0,-25,312,337,0,0,1
lqr_sysid_csv,29697,320,settle,0,1,10,0,0,0,0,0,-25,312,337,0,0,1
lqr_sysid_csv,29707,320,settle,0,1,5,0,0,0,0,0,-23,312,337,0,0,1
lqr_sysid_csv,29717,320,settle,0,1,5,0,0,0,0,0,-20,312,337,0,0,1
lqr_sysid_csv,29727,320,settle,0,1,-5,0,0,0,0,0,-13,312,336,0,0,1
lqr_sysid_csv,29737,320,settle,0,0,-26,0,0,0,0,0,6,312,336,0,0,1
lqr_sysid_csv,29747,320,settle,0,0,0,0,0,0,0,0,0,312,336,0,0,1
lqr_sysid_csv,29757,320,settle,0,0,5,0,0,0,0,0,-7,312,336,0,0,1
lqr_sysid_csv,29767,320,settle,0,0,-15,0,0,0,0,0,3,312,336,0,0,1
lqr_sysid_csv,29777,320,settle,0,0,-15,0,0,0,0,0,15,312,336,0,0,1
lqr_sysid_csv,29787,320,settle,0,0,5,0,0,0,0,0,0,312,336,0,0,1
lqr_sysid_csv,29797,320,settle,0,0,-15,0,0,0,0,0,7,312,336,0,0,1
lqr_sysid_csv,29807,320,settle,0,0,-42,0,0,0,0,0,38,312,336,0,0,1
lqr_sysid_csv,29817,320,settle,0,0,-5,0,0,0,0,0,22,312,335,0,0,1
lqr_sysid_csv,29827,320,settle,0,-1,-32,0,0,0,0,0,35,312,335,0,0,1
lqr_sysid_csv,29837,320,settle,0,-1,-5,0,0,0,0,0,28,312,335,0,0,1
lqr_sysid_csv,29847,320,settle,0,-1,-26,0,0,0,0,0,36,312,335,0,0,1
lqr_sysid_csv,29858,320,settle,0,-1,0,0,0,0,0,0,30,312,335,0,0,1
lqr_sysid_csv,29867,320,settle,0,-2,16,0,0,0,0,0,13,312,335,0,0,1
lqr_sysid_csv,29877,320,settle,0,-2,10,0,0,0,0,0,10,312,335,0,0,1
lqr_sysid_csv,29887,320,settle,0,-2,10,0,0,0,0,0,10,312,335,0,0,1
lqr_sysid_csv,29897,320,settle,0,-2,10,0,0,0,0,0,9,312,335,0,0,1
lqr_sysid_csv,29907,320,settle,0,-2,10,0,0,0,0,0,9,312,335,0,0,1
lqr_sysid_csv,29917,320,settle,0,-1,10,0,0,0,0,0,7,312,335,0,0,1
lqr_sysid_csv,29927,320,settle,0,-1,10,0,0,0,0,0,7,312,335,0,0,1
lqr_sysid_csv,29937,320,settle,0,-1,10,0,0,0,0,0,7,312,335,0,0,1
lqr_sysid_csv,29947,320,settle,0,-1,10,0,0,0,0,0,7,312,335,0,0,1
lqr_sysid_csv,29957,320,settle,0,-1,10,0,0,0,0,0,7,312,335,0,0,1
lqr_sysid_csv,29967,320,settle,0,-1,10,0,0,0,0,0,7,312,335,0,0,1
lqr_sysid_csv,29977,320,settle,0,-1,10,0,0,0,0,0,7,312,335,0,0,1
lqr_sysid_csv,29987,320,settle,0,-1,10,0,0,0,0,0,7,312,335,0,0,1
lqr_sysid_csv,29997,320,settle,0,-1,10,0,0,0,0,0,7,312,335,0,0,1
lqr_sysid_csv,30007,320,settle,0,-1,10,0,0,0,0,0,7,312,335,0,0,1
lqr_sysid_csv,30017,320,settle,0,-1,10,0,0,0,0,0,7,312,335,0,0,1
lqr_sysid_csv,30027,320,settle,0,-1,10,0,0,0,0,0,7,312,335,0,0,1
lqr_sysid_csv,30037,320,settle,0,-1,10,0,0,0,0,0,7,312,335,0,0,1
lqr_sysid_csv,30047,320,settle,0,-1,10,0,0,0,0,0,7,312,335,0,0,1
lqr_sysid_csv,30057,320,settle,0,-1,10,0,0,0,0,0,7,312,335,0,0,1
lqr_sysid_csv,30067,320,settle,0,-1,10,0,0,0,0,0,7,312,335,0,0,1
lqr_sysid_csv,30077,320,settle,0,-1,10,0,0,0,0,0,7,312,335,0,0,1
lqr_sysid_csv,30087,320,settle,0,-1,10,0,0,0,0,0,7,312,335,0,0,1
lqr_sysid_csv,30098,320,settle,0,-1,10,0,0,0,0,0,7,312,335,0,0,1
lqr_sysid_csv,30107,320,settle,0,-1,10,0,0,0,0,0,7,312,335,0,0,1
lqr_sysid_csv,30117,320,settle,0,-1,10,0,0,0,0,0,7,312,335,0,0,1
lqr_sysid_csv,30127,320,settle,0,-1,10,0,0,0,0,0,7,312,335,0,0,1
lqr_sysid_csv,30137,320,settle,0,-1,10,0,0,0,0,0,7,312,335,0,0,1
lqr_sysid_csv,30147,320,settle,0,-1,10,0,0,0,0,0,7,312,335,0,0,1
lqr_sysid_csv,30157,320,settle,0,-1,10,0,0,0,0,0,7,312,335,0,0,1
lqr_sysid_csv,30167,320,settle,0,-1,10,0,0,0,0,0,7,312,335,0,0,1
lqr_sysid_csv,30177,320,settle,0,-1,10,0,0,0,0,0,7,312,335,0,0,1
lqr_sysid_csv,30187,320,settle,0,-1,10,0,0,0,0,0,7,312,335,0,0,1
lqr_sysid_csv,30197,320,settle,0,-1,10,0,0,0,0,0,7,312,335,0,0,1
lqr_sysid_csv,30208,320,settle,0,-1,10,0,0,0,0,0,7,312,335,0,0,1
lqr_sysid_csv,30217,320,settle,0,-1,10,0,0,0,0,0,7,312,335,0,0,1
lqr_sysid_csv,30227,320,settle,0,-1,10,0,0,0,0,0,7,312,335,0,0,1
lqr_sysid_csv,30237,320,settle,0,-1,10,0,0,0,0,0,7,312,335,0,0,1
lqr_sysid_csv,30247,320,settle,0,-1,10,0,0,0,0,0,7,312,335,0,0,1
lqr_sysid_csv,30257,320,settle,0,-1,10,0,0,0,0,0,7,312,335,0,0,1
lqr_sysid_csv,30267,320,settle,0,-1,10,0,0,0,0,0,7,312,335,0,0,1
lqr_sysid_csv,30277,320,settle,0,-1,10,0,0,0,0,0,7,312,335,0,0,1
lqr_sysid_csv,30287,320,settle,0,-1,10,0,0,0,0,0,7,312,335,0,0,1
lqr_sysid_csv,30297,320,settle,0,-1,10,0,0,0,0,0,7,312,335,0,0,1
lqr_sysid_csv,30307,320,settle,0,-1,10,0,0,0,0,0,7,312,335,0,0,1
lqr_sysid_csv,30317,320,settle,0,-1,10,0,0,0,0,0,7,312,335,0,0,1
lqr_sysid_csv,30327,320,settle,0,-1,10,0,0,0,0,0,7,312,335,0,0,1
lqr_sysid_csv,30337,320,settle,0,-1,10,0,0,0,0,0,7,312,335,0,0,1
lqr_sysid_csv,30348,320,settle,0,-1,10,0,0,0,0,0,7,312,335,0,0,1
lqr_sysid_csv,30358,320,settle,0,-1,10,0,0,0,0,0,7,312,335,0,0,1
lqr_sysid_csv,30368,320,settle,0,-1,10,0,0,0,0,0,7,312,335,0,0,1
lqr_sysid_csv,30378,320,settle,0,-1,10,0,0,0,0,0,7,312,335,0,0,1
lqr_sysid_csv,30389,320,settle,0,-1,10,0,0,0,0,0,7,312,335,0,0,1
lqr_sysid_csv,30398,320,settle,0,-1,10,0,0,0,0,0,7,312,335,0,0,1
lqr_sysid_csv,30408,320,settle,0,-1,10,0,0,0,0,0,7,312,335,0,0,1
lqr_sysid_csv,30418,320,settle,0,-1,10,0,0,0,0,0,7,312,335,0,0,1
lqr_sysid_csv,30428,320,settle,0,-1,10,0,0,0,0,0,7,312,335,0,0,1
lqr_sysid_csv,30438,320,settle,0,-1,10,0,0,0,0,0,7,312,335,0,0,1
lqr_sysid_csv,30448,320,settle,0,-1,10,0,0,0,0,0,7,312,335,0,0,1
lqr_sysid_csv,30458,320,settle,0,-1,10,0,0,0,0,0,7,312,335,0,0,1
lqr_sysid_csv,30468,320,settle,0,-1,10,0,0,0,0,0,7,312,335,0,0,1
lqr_sysid_csv,30478,320,settle,0,-1,10,0,0,0,0,0,7,312,335,0,0,1
lqr_sysid_csv,30488,320,settle,0,-1,10,0,0,0,0,0,7,312,335,0,0,1
lqr_sysid_csv,30498,320,settle,0,-1,10,0,0,0,0,0,7,312,335,0,0,1
lqr_sysid_csv,30508,320,settle,0,-1,10,0,0,0,0,0,7,312,335,0,0,1
lqr_sysid_csv,30518,320,settle,0,-1,10,0,0,0,0,0,7,312,335,0,0,1
lqr_sysid_csv,30528,320,settle,0,-1,10,0,0,0,0,0,7,312,335,0,0,1
lqr_sysid_csv,30538,320,settle,0,-1,10,0,0,0,0,0,7,312,335,0,0,1
lqr_sysid_csv,30548,320,settle,0,-1,10,0,0,0,0,0,7,312,335,0,0,1
lqr_sysid_csv,30558,320,settle,0,-1,10,0,0,0,0,0,7,312,335,0,0,1
lqr_sysid_csv,30569,320,settle,0,-1,10,0,0,0,0,0,7,312,335,0,0,1
lqr_sysid_csv,30578,320,settle,0,-1,10,0,0,0,0,0,7,312,335,0,0,1
lqr_sysid_csv,30588,320,settle,0,-1,10,0,0,0,0,0,7,312,335,0,0,1
lqr_sysid_csv,30598,320,settle,0,-1,10,0,0,0,0,0,7,312,335,0,0,1
lqr_sysid_csv,30608,320,settle,0,-1,10,0,0,0,0,0,7,312,335,0,0,1
lqr_sysid_csv,30618,320,settle,0,-1,10,0,0,0,0,0,7,312,335,0,0,1
lqr_sysid_csv,30628,320,settle,0,-1,10,0,0,0,0,0,7,312,335,0,0,1
lqr_sysid_csv,30638,320,settle,0,-1,10,0,0,0,0,0,7,312,335,0,0,1
lqr_sysid_csv,30648,320,settle,0,-1,10,0,0,0,0,0,7,312,335,0,0,1
lqr_sysid_csv,30658,320,settle,0,-1,10,0,0,0,0,0,7,312,335,0,0,1
lqr_sysid_csv,30668,320,settle,0,-1,10,0,0,0,0,0,7,312,335,0,0,1
lqr_sysid_csv,30678,320,settle,0,-1,10,0,0,0,0,0,7,312,335,0,0,1
lqr_sysid_csv,30688,320,settle,0,-1,10,0,0,0,0,0,7,312,335,0,0,1
lqr_sysid_csv,30698,320,settle,0,-1,10,0,0,0,0,0,7,312,335,0,0,1
lqr_sysid_csv,30708,320,settle,0,-1,10,0,0,0,0,0,7,312,335,0,0,1
lqr_sysid_csv,30718,320,settle,0,-1,10,0,0,0,0,0,7,312,335,0,0,1
lqr_sysid_csv,30728,320,settle,0,-1,10,0,0,0,0,0,7,312,335,0,0,1
lqr_sysid_csv,30738,320,settle,0,-1,10,0,0,0,0,0,7,312,335,0,0,1
lqr_sysid_csv,30748,320,settle,0,-1,10,0,0,0,0,0,7,312,335,0,0,1
lqr_sysid_csv,30758,320,settle,0,-1,10,0,0,0,0,0,7,312,335,0,0,1
lqr_sysid_csv,30768,320,settle,0,-1,10,0,0,0,0,0,7,312,335,0,0,1
lqr_sysid_csv,30778,320,settle,0,-1,10,0,0,0,0,0,7,312,335,0,0,1
lqr_sysid_csv,30788,320,settle,0,-1,10,0,0,0,0,0,7,312,335,0,0,1
lqr_sysid_csv,30798,320,settle,0,-1,10,0,0,0,0,0,7,312,335,0,0,1
lqr_sysid_csv,30808,320,settle,0,-1,27,0,0,0,0,0,-7,312,335,0,0,1
lqr_sysid_csv,30818,320,settle,0,-1,27,0,0,0,0,0,-11,312,335,0,0,1
lqr_sysid_csv,30828,320,settle,0,-1,27,0,0,0,0,0,-12,312,335,0,0,1
lqr_sysid_csv,30838,320,settle,0,-1,10,0,0,0,0,0,-3,313,335,0,0,1
lqr_sysid_csv,30848,320,settle,0,-1,10,0,0,0,0,0,0,313,335,0,0,1
lqr_sysid_csv,30858,320,settle,0,-1,10,0,0,0,0,0,1,313,335,0,0,1
lqr_sysid_csv,30868,320,settle,0,-1,10,0,0,0,0,0,1,313,335,0,0,1
lqr_sysid_csv,30878,320,settle,0,-1,10,0,0,0,0,0,1,313,335,0,0,1
lqr_sysid_csv,30888,320,settle,0,-1,10,0,0,0,0,0,2,313,335,0,0,1
lqr_sysid_csv,30898,320,settle,0,-1,10,0,0,0,0,0,2,313,335,0,0,1
lqr_sysid_csv,30908,320,settle,0,-1,10,0,0,0,0,0,2,313,335,0,0,1
lqr_sysid_csv,30918,320,settle,0,-1,10,0,0,0,0,0,2,313,335,0,0,1
lqr_sysid_csv,30928,320,settle,0,-1,10,0,0,0,0,0,2,313,335,0,0,1
lqr_sysid_csv,30938,320,settle,0,-1,5,0,0,0,0,0,6,313,335,0,0,1
lqr_sysid_csv,30948,320,settle,0,-1,5,0,0,0,0,0,7,313,335,0,0,1
lqr_sysid_csv,30958,320,settle,0,-1,0,0,0,0,0,0,11,313,335,0,0,1
lqr_sysid_csv,30968,320,settle,0,-1,-10,0,0,0,0,0,20,313,335,0,0,1
lqr_sysid_csv,30978,320,settle,0,-1,-5,0,0,0,0,0,24,313,334,0,0,1
lqr_sysid_csv,30988,320,settle,0,-1,5,0,0,0,0,0,17,313,334,0,0,1
lqr_sysid_csv,30998,320,settle,0,-1,5,0,0,0,0,0,14,313,334,0,0,1
lqr_sysid_csv,31008,320,settle,0,-1,10,0,0,0,0,0,10,313,334,0,0,1
lqr_sysid_csv,31018,320,settle,0,-1,10,0,0,0,0,0,8,313,334,0,0,1
lqr_sysid_csv,31028,320,settle,0,-1,10,0,0,0,0,0,7,313,334,0,0,1
lqr_sysid_csv,31038,320,settle,0,-1,22,0,0,0,0,0,4,313,334,0,0,1
lqr_sysid_csv,31048,320,settle,0,-1,22,0,0,0,0,0,-2,313,334,0,0,1
lqr_sysid_csv,31058,320,settle,0,-1,22,0,0,0,0,0,-4,313,334,0,0,1
lqr_sysid_csv,31068,320,settle,0,-1,33,0,0,0,0,0,-16,313,334,0,0,1
lqr_sysid_csv,31078,320,settle,0,-1,33,0,0,0,0,0,-19,313,334,0,0,1
lqr_sysid_csv,31088,320,settle,0,-1,33,0,0,0,0,0,-20,313,334,0,0,1
lqr_sysid_csv,31098,320,settle,0,-1,33,0,0,0,0,0,-20,313,334,0,0,1
lqr_sysid_csv,31108,320,settle,0,-1,33,0,0,0,0,0,-20,313,334,0,0,1
lqr_sysid_csv,31118,320,settle,0,-1,33,0,0,0,0,0,-20,313,334,0,0,1
lqr_sysid_csv,31128,320,settle,0,2,100,0,0,0,0,0,-100,313,332,0,0,1
lqr_sysid_csv,31139,320,settle,0,2,100,0,0,0,0,0,-115,313,332,0,0,1
lqr_sysid_csv,31149,320,settle,0,5,140,0,0,0,0,0,-162,313,331,0,0,1
lqr_sysid_csv,31159,320,settle,0,5,140,0,0,0,0,0,-185,313,331,0,0,1
lqr_sysid_csv,31169,320,settle,0,5,140,0,0,0,0,0,-192,313,331,0,0,1
lqr_sysid_csv,31179,320,settle,0,5,140,0,0,0,0,0,-195,313,331,0,0,1
lqr_sysid_csv,31189,320,settle,0,5,140,0,0,0,0,0,-195,313,331,0,0,1
lqr_sysid_csv,31199,320,settle,0,5,140,0,0,0,0,0,-196,313,331,0,0,1
lqr_sysid_csv,31209,320,settle,0,5,140,0,0,0,0,0,-196,313,331,0,0,1
lqr_sysid_csv,31219,320,settle,0,5,140,0,0,0,0,0,-196,313,331,0,0,1
lqr_sysid_csv,31229,320,settle,0,5,140,0,0,0,0,0,-196,313,331,0,0,1
lqr_sysid_csv,31239,320,settle,0,17,174,0,0,0,0,0,-336,313,324,0,0,1
lqr_sysid_csv,31249,320,settle,0,17,174,0,0,0,0,0,-344,313,324,0,0,1
lqr_sysid_csv,31259,320,settle,0,17,174,0,0,0,0,0,-346,313,324,0,0,1
lqr_sysid_csv,31269,320,settle,0,17,174,0,0,0,0,0,-347,313,324,0,0,1
lqr_sysid_csv,31279,320,settle,0,17,174,0,0,0,0,0,-347,313,324,0,0,1
lqr_sysid_csv,31290,320,settle,0,17,174,0,0,0,0,0,-347,313,324,0,0,1
lqr_sysid_csv,31300,320,settle,0,28,168,0,0,0,0,0,-461,313,318,0,0,1
lqr_sysid_csv,31310,320,settle,0,28,168,0,0,0,0,0,-457,313,318,0,0,1
lqr_sysid_csv,31321,320,settle,0,28,168,0,0,0,0,0,-456,313,318,0,0,1
lqr_sysid_csv,31331,320,settle,0,29,190,0,0,0,0,0,-466,313,318,0,0,1
lqr_sysid_csv,31341,320,settle,0,33,194,0,0,0,0,0,-522,313,316,0,0,1
lqr_sysid_csv,31351,320,settle,0,33,157,0,0,0,0,0,-507,313,316,0,0,1
lqr_sysid_csv,31362,320,settle,0,33,157,0,0,0,0,0,-498,313,316,0,0,1
lqr_sysid_csv,31372,320,settle,0,34,162,0,0,0,0,0,-509,313,316,0,0,1
lqr_sysid_csv,31383,320,settle,0,34,162,0,0,0,0,0,-511,313,316,0,0,1
lqr_sysid_csv,31393,320,settle,0,36,11,0,0,0,0,0,-442,314,316,0,0,1
lqr_sysid_csv,31403,320,settle,0,36,16,0,0,0,0,0,-401,314,316,0,0,1
lqr_sysid_csv,31413,320,settle,0,36,16,0,0,0,0,0,-387,314,316,0,0,1
lqr_sysid_csv,31423,320,settle,0,36,16,0,0,0,0,0,-382,314,316,0,0,1
lqr_sysid_csv,31433,320,settle,0,36,16,0,0,0,0,0,-381,314,316,0,0,1
lqr_sysid_csv,31443,320,settle,0,36,16,0,0,0,0,0,-381,314,316,0,0,1
lqr_sysid_csv,31454,320,settle,0,36,16,0,0,0,0,0,-380,314,316,0,0,1
lqr_sysid_csv,31464,320,settle,0,27,-78,0,0,0,0,0,-261,314,320,0,0,1
lqr_sysid_csv,31475,320,settle,0,31,-101,0,0,0,0,0,-237,316,320,0,0,1
lqr_sysid_csv,31485,320,settle,0,27,-90,0,0,0,0,0,-190,316,322,0,0,1
lqr_sysid_csv,31496,320,settle,0,28,-84,0,0,0,0,0,-201,316,322,0,0,1
lqr_sysid_csv,31506,320,settle,0,28,-84,0,0,0,0,0,-202,316,322,0,0,1
lqr_sysid_csv,31516,320,settle,0,28,-84,0,0,0,0,0,-202,316,322,0,0,1
lqr_sysid_csv,31527,320,settle,0,28,-84,0,0,0,0,0,-203,316,322,0,0,1
lqr_sysid_csv,31537,320,settle,0,22,-28,0,0,0,0,0,-161,316,325,0,0,1
lqr_sysid_csv,31548,320,settle,0,24,-56,0,0,0,0,0,-181,317,325,0,0,1
lqr_sysid_csv,31558,320,settle,0,22,-28,0,0,0,0,0,-176,317,326,0,0,1
lqr_sysid_csv,31569,320,settle,0,22,-28,0,0,0,0,0,-191,317,326,0,0,1
lqr_sysid_csv,31579,320,settle,0,22,-28,0,0,0,0,0,-196,317,326,0,0,1
lqr_sysid_csv,31590,320,settle,0,22,-65,0,0,0,0,0,-174,317,326,0,0,1
lqr_sysid_csv,31600,320,settle,0,22,28,0,0,0,0,0,-204,317,326,0,0,1
lqr_sysid_csv,31610,320,settle,0,22,33,0,0,0,0,0,-242,317,326,0,0,1
lqr_sysid_csv,31620,320,settle,0,22,-14,0,0,0,0,0,-221,317,325,0,0,1
lqr_sysid_csv,31630,320,settle,0,21,-30,0,0,0,0,0,-200,317,325,0,0,1
lqr_sysid_csv,31640,320,settle,0,20,-51,0,0,0,0,0,-173,317,325,0,0,1
lqr_sysid_csv,31651,320,settle,0,19,-46,0,0,0,0,0,-151,317,324,0,0,1
lqr_sysid_csv,31662,320,settle,0,18,-51,0,0,0,0,0,-140,317,324,0,0,1
lqr_sysid_csv,31672,320,settle,0,22,-28,0,0,0,0,0,-165,317,321,0,0,1
lqr_sysid_csv,31682,320,settle,0,20,-49,0,0,0,0,0,-154,317,320,0,0,1
lqr_sysid_csv,31693,320,settle,0,19,-28,0,0,0,0,0,-157,317,319,0,0,1
lqr_sysid_csv,31709,320,settle,0,20,-11,0,0,0,0,0,-173,317,317,0,0,1
lqr_sysid_csv,31720,320,settle,0,19,20,0,0,0,0,0,-191,317,316,0,0,1
lqr_sysid_csv,31730,320,settle,0,19,-21,0,0,0,0,0,-225,317,315,0,0,1
lqr_sysid_csv,31741,320,settle,0,19,21,0,0,0,0,0,-219,317,315,0,0,1
lqr_sysid_csv,31751,320,settle,0,19,10,0,0,0,0,0,-212,317,315,0,0,1
lqr_sysid_csv,31762,320,settle,0,19,-56,0,0,0,0,0,-156,317,316,0,0,1
lqr_sysid_csv,31772,320,settle,0,18,-22,0,0,0,0,0,-137,317,316,0,0,1
lqr_sysid_csv,31782,320,settle,0,18,-22,0,0,0,0,0,-152,317,316,0,0,1
lqr_sysid_csv,31793,320,settle,0,18,-28,0,0,0,0,0,-152,317,316,0,0,1
lqr_sysid_csv,31803,320,settle,0,17,10,0,0,0,0,0,-157,317,316,0,0,1
lqr_sysid_csv,31814,320,settle,0,17,10,0,0,0,0,0,-176,317,316,0,0,1
lqr_sysid_csv,31824,320,settle,0,17,10,0,0,0,0,0,-183,317,316,0,0,1
lqr_sysid_csv,31834,320,settle,0,17,16,0,0,0,0,0,-185,317,316,0,0,1
lqr_sysid_csv,31844,320,settle,0,17,16,0,0,0,0,0,-189,317,316,0,0,1
lqr_sysid_csv,31854,320,settle,0,17,16,0,0,0,0,0,-191,317,316,0,0,1
lqr_sysid_csv,31865,320,settle,0,17,16,0,0,0,0,0,-191,317,316,0,0,1
lqr_sysid_csv,31875,320,settle,0,17,16,0,0,0,0,0,-191,317,316,0,0,1
lqr_sysid_csv,31885,320,settle,0,17,16,0,0,0,0,0,-192,317,316,0,0,1
lqr_sysid_csv,31895,320,settle,0,17,16,0,0,0,0,0,-192,317,316,0,0,1
lqr_sysid_csv,31905,320,settle,0,17,16,0,0,0,0,0,-192,317,316,0,0,1
lqr_sysid_csv,31915,320,settle,0,17,16,0,0,0,0,0,-192,317,316,0,0,1
lqr_sysid_csv,31925,320,settle,0,17,16,0,0,0,0,0,-192,317,316,0,0,1
lqr_sysid_csv,31935,320,settle,0,17,16,0,0,0,0,0,-192,317,316,0,0,1
lqr_sysid_csv,31945,320,settle,0,17,16,0,0,0,0,0,-192,317,316,0,0,1
lqr_sysid_csv,31955,320,settle,0,17,16,0,0,0,0,0,-192,317,316,0,0,1
lqr_sysid_csv,31965,320,settle,0,17,10,0,0,0,0,0,-188,317,316,0,0,1
lqr_sysid_csv,31975,320,settle,0,17,10,0,0,0,0,0,-187,317,316,0,0,1
lqr_sysid_csv,31985,320,settle,0,17,10,0,0,0,0,0,-186,317,316,0,0,1
lqr_sysid_csv,31995,320,settle,0,17,10,0,0,0,0,0,-186,317,316,0,0,1
lqr_sysid_csv,32005,320,settle,0,17,10,0,0,0,0,0,-186,317,316,0,0,1
lqr_sysid_csv,32015,320,settle,0,17,10,0,0,0,0,0,-186,317,316,0,0,1
lqr_sysid_csv,32025,320,settle,0,17,10,0,0,0,0,0,-186,317,316,0,0,1
lqr_sysid_csv,32035,320,settle,0,17,10,0,0,0,0,0,-186,317,316,0,0,1
lqr_sysid_csv,32045,320,settle,0,17,10,0,0,0,0,0,-186,317,316,0,0,1
lqr_sysid_csv,32055,320,settle,0,17,10,0,0,0,0,0,-186,317,316,0,0,1
lqr_sysid_csv,32065,320,settle,0,17,10,0,0,0,0,0,-186,317,316,0,0,1
lqr_sysid_csv,32075,320,settle,0,17,10,0,0,0,0,0,-186,317,316,0,0,1
lqr_sysid_csv,32086,320,settle,0,17,10,0,0,0,0,0,-186,317,316,0,0,1
lqr_sysid_csv,32095,320,settle,0,17,10,0,0,0,0,0,-186,317,316,0,0,1
lqr_sysid_csv,32105,320,settle,0,17,10,0,0,0,0,0,-186,317,316,0,0,1
lqr_sysid_csv,32115,320,settle,0,17,10,0,0,0,0,0,-186,317,316,0,0,1
lqr_sysid_csv,32125,320,settle,0,17,10,0,0,0,0,0,-186,317,316,0,0,1
lqr_sysid_csv,32135,320,settle,0,17,10,0,0,0,0,0,-186,317,316,0,0,1
lqr_sysid_csv,32145,320,settle,0,17,10,0,0,0,0,0,-186,317,316,0,0,1
lqr_sysid_csv,32155,320,settle,0,17,10,0,0,0,0,0,-186,317,316,0,0,1
lqr_sysid_csv,32165,320,settle,0,17,10,0,0,0,0,0,-186,317,316,0,0,1
lqr_sysid_csv,32175,320,settle,0,17,10,0,0,0,0,0,-186,317,316,0,0,1
lqr_sysid_csv,32185,320,settle,0,17,10,0,0,0,0,0,-186,317,316,0,0,1
lqr_sysid_csv,32195,320,settle,0,17,10,0,0,0,0,0,-186,317,316,0,0,1
lqr_sysid_csv,32206,320,settle,0,17,10,0,0,0,0,0,-186,317,316,0,0,1
lqr_sysid_csv,32216,320,settle,0,17,10,0,0,0,0,0,-186,317,316,0,0,1
lqr_sysid_csv,32226,320,settle,0,17,10,0,0,0,0,0,-186,317,316,0,0,1
lqr_sysid_csv,32236,320,settle,0,17,10,0,0,0,0,0,-186,317,316,0,0,1
lqr_sysid_csv,32246,320,settle,0,17,10,0,0,0,0,0,-186,317,316,0,0,1
lqr_sysid_csv,32256,320,settle,0,17,10,0,0,0,0,0,-186,317,316,0,0,1
lqr_sysid_csv,32266,320,settle,0,17,10,0,0,0,0,0,-186,317,316,0,0,1
lqr_sysid_csv,32276,320,settle,0,17,10,0,0,0,0,0,-186,317,316,0,0,1
lqr_sysid_csv,32286,320,settle,0,17,10,0,0,0,0,0,-186,317,316,0,0,1
lqr_sysid_csv,32296,320,settle,0,17,10,0,0,0,0,0,-186,317,316,0,0,1
lqr_sysid_csv,32306,320,settle,0,17,10,0,0,0,0,0,-186,317,316,0,0,1
lqr_sysid_csv,32316,320,settle,0,17,10,0,0,0,0,0,-186,317,316,0,0,1
lqr_sysid_csv,32326,320,settle,0,17,10,0,0,0,0,0,-186,317,316,0,0,1
lqr_sysid_csv,32336,320,settle,0,17,10,0,0,0,0,0,-186,317,316,0,0,1
lqr_sysid_csv,32346,320,settle,0,17,10,0,0,0,0,0,-186,317,316,0,0,1
lqr_sysid_csv,32356,320,settle,0,17,10,0,0,0,0,0,-186,317,316,0,0,1
lqr_sysid_csv,32366,320,settle,0,17,10,0,0,0,0,0,-186,317,316,0,0,1
lqr_sysid_csv,32376,320,settle,0,17,10,0,0,0,0,0,-186,317,316,0,0,1
lqr_sysid_csv,32386,320,settle,0,17,10,0,0,0,0,0,-186,317,316,0,0,1
lqr_sysid_csv,32396,320,settle,0,17,10,0,0,0,0,0,-186,317,316,0,0,1
lqr_sysid_csv,32406,320,settle,0,17,10,0,0,0,0,0,-186,317,316,0,0,1
lqr_sysid_csv,32416,320,settle,0,17,10,0,0,0,0,0,-186,317,316,0,0,1
lqr_sysid_csv,32426,320,settle,0,17,10,0,0,0,0,0,-186,317,316,0,0,1
lqr_sysid_csv,32436,320,settle,0,17,10,0,0,0,0,0,-186,317,316,0,0,1
lqr_sysid_csv,32446,320,settle,0,17,10,0,0,0,0,0,-186,317,316,0,0,1
lqr_sysid_csv,32456,320,settle,0,17,10,0,0,0,0,0,-186,317,316,0,0,1
lqr_sysid_csv,32466,320,settle,0,17,10,0,0,0,0,0,-186,317,316,0,0,1
lqr_sysid_csv,32476,320,settle,0,17,10,0,0,0,0,0,-186,317,316,0,0,1
lqr_sysid_csv,32486,320,settle,0,17,10,0,0,0,0,0,-186,317,316,0,0,1
lqr_sysid_csv,32496,320,settle,0,17,10,0,0,0,0,0,-186,317,316,0,0,1
lqr_sysid_csv,32507,320,settle,0,17,10,0,0,0,0,0,-186,317,316,0,0,1
lqr_sysid_csv,32523,320,settle,0,17,10,0,0,0,0,0,-186,317,316,0,0,1
lqr_sysid_csv,32533,320,settle,0,17,10,0,0,0,0,0,-186,317,316,0,0,1
lqr_sysid_csv,32543,320,settle,0,17,10,0,0,0,0,0,-186,317,316,0,0,1
lqr_sysid_csv,32553,320,settle,0,17,10,0,0,0,0,0,-186,317,316,0,0,1
lqr_sysid_csv,32563,320,settle,0,17,10,0,0,0,0,0,-186,317,316,0,0,1
lqr_sysid_csv,32573,320,settle,0,17,10,0,0,0,0,0,-186,317,316,0,0,1
lqr_sysid_csv,32584,320,settle,0,17,10,0,0,0,0,0,-186,317,316,0,0,1
lqr_sysid_csv,32594,320,settle,0,17,10,0,0,0,0,0,-186,317,316,0,0,1
lqr_sysid_csv,32604,320,settle,0,17,10,0,0,0,0,0,-186,317,316,0,0,1
lqr_sysid_csv,32615,320,settle,0,17,10,0,0,0,0,0,-186,317,316,0,0,1
lqr_sysid_csv,32625,320,settle,0,17,10,0,0,0,0,0,-186,317,316,0,0,1
lqr_sysid_csv,32634,320,settle,0,17,10,0,0,0,0,0,-186,317,316,0,0,1
lqr_sysid_csv,32645,320,settle,0,17,10,0,0,0,0,0,-186,317,316,0,0,1
lqr_sysid_csv,32654,320,settle,0,17,10,0,0,0,0,0,-186,317,316,0,0,1
lqr_sysid_csv,32665,320,settle,0,17,10,0,0,0,0,0,-186,317,316,0,0,1
lqr_sysid_csv,32675,320,settle,0,17,10,0,0,0,0,0,-186,317,316,0,0,1
lqr_sysid_csv,32685,320,settle,0,17,10,0,0,0,0,0,-186,317,316,0,0,1
lqr_sysid_csv,32695,320,settle,0,17,10,0,0,0,0,0,-186,317,316,0,0,1
lqr_sysid_csv,32705,320,settle,0,17,10,0,0,0,0,0,-186,317,316,0,0,1
lqr_sysid_csv,32716,320,settle,0,17,10,0,0,0,0,0,-186,317,316,0,0,1
lqr_sysid_csv,32726,320,settle,0,17,10,0,0,0,0,0,-186,317,316,0,0,1
lqr_sysid_csv,32736,320,settle,0,17,10,0,0,0,0,0,-186,317,316,0,0,1
lqr_sysid_csv,32746,320,settle,0,17,10,0,0,0,0,0,-186,317,316,0,0,1
lqr_sysid_csv,32756,320,settle,0,17,10,0,0,0,0,0,-186,317,316,0,0,1
lqr_sysid_csv,32766,320,settle,0,17,10,0,0,0,0,0,-186,317,316,0,0,1
lqr_sysid_csv,32776,320,settle,0,17,10,0,0,0,0,0,-186,317,316,0,0,1
lqr_sysid_csv,32787,320,settle,0,17,10,0,0,0,0,0,-186,317,316,0,0,1
lqr_sysid_csv,32797,320,settle,0,17,10,0,0,0,0,0,-186,317,316,0,0,1
lqr_sysid_csv,32808,320,settle,0,17,10,0,0,0,0,0,-186,317,316,0,0,1
lqr_sysid_csv,32818,320,settle,0,17,10,0,0,0,0,0,-186,317,316,0,0,1
lqr_sysid_csv,32828,320,settle,0,17,10,0,0,0,0,0,-186,317,316,0,0,1
lqr_sysid_csv,32838,320,settle,0,17,10,0,0,0,0,0,-186,317,316,0,0,1
lqr_sysid_csv,32848,320,settle,0,17,10,0,0,0,0,0,-186,317,316,0,0,1
lqr_sysid_csv,32858,320,settle,0,17,10,0,0,0,0,0,-186,317,316,0,0,1
lqr_sysid_csv,32869,320,settle,0,17,10,0,0,0,0,0,-186,317,316,0,0,1
lqr_sysid_csv,32879,320,settle,0,17,10,0,0,0,0,0,-186,317,316,0,0,1
lqr_sysid_csv,32889,320,settle,0,17,10,0,0,0,0,0,-186,317,316,0,0,1
lqr_sysid_csv,32899,320,settle,0,17,10,0,0,0,0,0,-186,317,316,0,0,1
lqr_sysid_csv,32909,320,settle,0,17,10,0,0,0,0,0,-186,317,316,0,0,1
lqr_sysid_csv,32919,320,settle,0,17,10,0,0,0,0,0,-186,317,316,0,0,1
lqr_sysid_csv,32929,320,settle,0,17,10,0,0,0,0,0,-186,317,316,0,0,1
lqr_sysid_csv,32940,320,settle,0,17,10,0,0,0,0,0,-186,317,316,0,0,1
lqr_sysid_csv,32950,320,settle,0,17,10,0,0,0,0,0,-186,317,316,0,0,1
lqr_sysid_csv,32960,320,settle,0,17,10,0,0,0,0,0,-186,317,316,0,0,1
lqr_sysid_csv,32970,320,settle,0,17,10,0,0,0,0,0,-186,317,316,0,0,1
lqr_sysid_csv,32980,320,settle,0,17,10,0,0,0,0,0,-186,317,316,0,0,1
lqr_sysid_csv,32990,320,settle,0,17,10,0,0,0,0,0,-186,317,316,0,0,1
lqr_sysid_csv,33000,320,settle,0,17,10,0,0,0,0,0,-186,317,316,0,0,1
lqr_sysid_csv,33010,320,settle,0,17,10,0,0,0,0,0,-186,317,316,0,0,1
lqr_sysid_csv,33020,320,settle,0,17,10,0,0,0,0,0,-186,317,316,0,0,1
lqr_sysid_csv,33031,320,settle,0,17,10,0,0,0,0,0,-186,317,316,0,0,1
lqr_sysid_csv,33041,320,settle,0,17,10,0,0,0,0,0,-186,317,316,0,0,1
lqr_sysid_csv,33052,320,settle,0,17,10,0,0,0,0,0,-186,317,316,0,0,1
lqr_sysid_csv,33061,320,settle,0,17,10,0,0,0,0,0,-186,317,316,0,0,1
lqr_sysid_csv,33071,320,settle,0,17,10,0,0,0,0,0,-186,317,316,0,0,1
lqr_sysid_csv,33081,320,settle,0,17,10,0,0,0,0,0,-186,317,316,0,0,1
lqr_sysid_csv,33092,320,settle,0,17,10,0,0,0,0,0,-186,317,316,0,0,1
lqr_sysid_csv,33102,320,settle,0,17,10,0,0,0,0,0,-186,317,316,0,0,1
lqr_sysid_csv,33113,320,settle,0,17,10,0,0,0,0,0,-186,317,316,0,0,1
lqr_sysid_csv,33123,320,settle,0,17,10,0,0,0,0,0,-186,317,316,0,0,1
lqr_sysid_csv,33133,320,settle,0,17,10,0,0,0,0,0,-186,317,316,0,0,1
lqr_sysid_csv,33143,320,settle,0,17,10,0,0,0,0,0,-186,317,316,0,0,1
lqr_sysid_csv,33154,320,settle,0,17,10,0,0,0,0,0,-186,317,316,0,0,1
lqr_sysid_csv,33164,320,settle,0,17,10,0,0,0,0,0,-186,317,316,0,0,1
lqr_sysid_csv,33174,320,settle,0,17,10,0,0,0,0,0,-186,317,316,0,0,1
lqr_sysid_csv,33184,320,settle,0,17,10,0,0,0,0,0,-186,317,316,0,0,1
lqr_sysid_csv,33194,320,settle,0,17,10,0,0,0,0,0,-186,317,316,0,0,1
lqr_sysid_csv,33204,320,settle,0,17,10,0,0,0,0,0,-186,317,316,0,0,1
lqr_sysid_csv,33214,320,settle,0,17,10,0,0,0,0,0,-186,317,316,0,0,1
lqr_sysid_csv,33224,320,settle,0,17,10,0,0,0,0,0,-186,317,316,0,0,1
lqr_sysid_csv,33234,320,settle,0,17,10,0,0,0,0,0,-186,317,316,0,0,1
lqr_sysid_csv,33244,320,settle,0,17,10,0,0,0,0,0,-186,317,316,0,0,1
lqr_sysid_csv,33255,320,settle,0,17,10,0,0,0,0,0,-186,317,316,0,0,1
lqr_sysid_csv,33265,320,settle,0,17,10,0,0,0,0,0,-186,317,316,0,0,1
lqr_sysid_csv,33275,320,settle,0,17,10,0,0,0,0,0,-186,317,316,0,0,1
lqr_sysid_csv,33286,320,settle,0,17,10,0,0,0,0,0,-186,317,316,0,0,1
lqr_sysid_csv,33296,320,settle,0,17,10,0,0,0,0,0,-186,317,316,0,0,1
lqr_sysid_csv,33312,320,settle,0,17,10,0,0,0,0,0,-186,317,316,0,0,1
lqr_sysid_csv,33322,320,settle,0,17,10,0,0,0,0,0,-186,317,316,0,0,1
lqr_sysid_csv,33332,320,settle,0,17,10,0,0,0,0,0,-186,317,316,0,0,1
lqr_sysid_csv,33342,320,settle,0,17,10,0,0,0,0,0,-186,317,316,0,0,1
lqr_sysid_csv,33352,320,settle,0,17,10,0,0,0,0,0,-186,317,316,0,0,1
lqr_sysid_csv,33363,320,settle,0,17,10,0,0,0,0,0,-186,317,316,0,0,1
lqr_sysid_csv,33378,320,settle,0,17,10,0,0,0,0,0,-186,317,316,0,0,1
lqr_sysid_csv,33388,320,settle,0,17,10,0,0,0,0,0,-186,317,316,0,0,1
lqr_sysid_csv,33398,320,settle,0,17,10,0,0,0,0,0,-186,317,316,0,0,1
lqr_sysid_csv,33408,320,settle,0,17,10,0,0,0,0,0,-186,317,316,0,0,1
lqr_sysid_csv,33418,320,settle,0,17,10,0,0,0,0,0,-186,317,316,0,0,1
lqr_sysid_csv,33428,320,settle,0,17,10,0,0,0,0,0,-186,317,316,0,0,1
lqr_sysid_csv,33438,320,settle,0,17,10,0,0,0,0,0,-186,317,316,0,0,1
lqr_sysid_csv,33448,320,settle,0,17,10,0,0,0,0,0,-186,317,316,0,0,1
lqr_sysid_csv,33458,320,settle,0,17,10,0,0,0,0,0,-186,317,316,0,0,1
lqr_sysid_csv,33468,320,settle,0,17,10,0,0,0,0,0,-186,317,316,0,0,1
lqr_sysid_csv,33478,320,settle,0,17,10,0,0,0,0,0,-186,317,316,0,0,1
lqr_sysid_csv,33488,320,settle,0,17,10,0,0,0,0,0,-186,317,316,0,0,1
lqr_sysid_csv,33498,320,settle,0,17,10,0,0,0,0,0,-186,317,316,0,0,1
lqr_sysid_csv,33508,320,settle,0,17,10,0,0,0,0,0,-186,317,316,0,0,1
lqr_sysid_csv,33518,320,settle,0,17,10,0,0,0,0,0,-186,317,316,0,0,1
lqr_sysid_csv,33528,320,settle,0,17,10,0,0,0,0,0,-186,317,316,0,0,1
lqr_sysid_csv,33538,320,settle,0,17,10,0,0,0,0,0,-186,317,316,0,0,1
lqr_sysid_csv,33548,320,settle,0,17,10,0,0,0,0,0,-186,317,316,0,0,1
lqr_sysid_csv,33558,320,settle,0,17,10,0,0,0,0,0,-186,317,316,0,0,1
lqr_sysid_csv,33568,320,settle,0,17,10,0,0,0,0,0,-186,317,316,0,0,1
lqr_sysid_csv,33578,320,settle,0,17,10,0,0,0,0,0,-186,317,316,0,0,1
lqr_sysid_csv,33588,320,settle,0,17,10,0,0,0,0,0,-186,317,316,0,0,1
lqr_sysid_csv,33598,320,settle,0,17,10,0,0,0,0,0,-186,317,316,0,0,1
lqr_sysid_csv,33608,320,settle,0,17,10,0,0,0,0,0,-186,317,316,0,0,1
lqr_sysid_csv,33618,320,settle,0,17,10,0,0,0,0,0,-186,317,316,0,0,1
lqr_sysid_csv,33628,320,settle,0,17,10,0,0,0,0,0,-186,317,316,0,0,1
lqr_sysid_csv,33638,320,settle,0,17,10,0,0,0,0,0,-186,317,316,0,0,1
lqr_sysid_csv,33648,320,settle,0,17,10,0,0,0,0,0,-186,317,316,0,0,1
lqr_sysid_csv,33659,320,settle,0,17,10,0,0,0,0,0,-186,317,316,0,0,1
lqr_sysid_csv,33669,320,settle,0,17,10,0,0,0,0,0,-186,317,316,0,0,1
lqr_sysid_csv,33679,320,settle,0,17,10,0,0,0,0,0,-186,317,316,0,0,1
lqr_sysid_csv,33689,320,settle,0,17,10,0,0,0,0,0,-186,317,316,0,0,1
lqr_sysid_csv,33699,320,settle,0,17,10,0,0,0,0,0,-186,317,316,0,0,1
lqr_sysid_csv,33709,320,settle,0,17,10,0,0,0,0,0,-186,317,316,0,0,1
lqr_sysid_csv,33719,320,settle,0,17,10,0,0,0,0,0,-186,317,316,0,0,1
lqr_sysid_csv,33730,320,settle,0,17,10,0,0,0,0,0,-186,317,316,0,0,1
lqr_sysid_csv,33740,320,settle,0,17,10,0,0,0,0,0,-186,317,316,0,0,1
lqr_sysid_csv,33750,320,settle,0,17,10,0,0,0,0,0,-186,317,316,0,0,1
lqr_sysid_csv,33761,320,settle,0,17,10,0,0,0,0,0,-186,317,316,0,0,1
lqr_sysid_csv,33771,320,settle,0,17,10,0,0,0,0,0,-186,317,316,0,0,1
lqr_sysid_csv,33781,320,settle,0,17,10,0,0,0,0,0,-186,317,316,0,0,1
lqr_sysid_csv,33791,320,settle,0,17,10,0,0,0,0,0,-186,317,316,0,0,1
lqr_sysid_csv,33802,320,settle,0,17,10,0,0,0,0,0,-186,317,316,0,0,1
lqr_sysid_csv,33812,320,settle,0,17,10,0,0,0,0,0,-186,317,316,0,0,1
lqr_sysid_csv,33823,320,settle,0,17,10,0,0,0,0,0,-186,317,316,0,0,1
lqr_sysid_csv,33839,320,settle,0,17,10,0,0,0,0,0,-186,317,316,0,0,1
lqr_sysid_csv,33849,320,settle,0,17,10,0,0,0,0,0,-186,317,316,0,0,1
lqr_sysid_csv,33859,320,settle,0,17,10,0,0,0,0,0,-186,317,316,0,0,1
lqr_sysid_csv,33869,320,settle,0,17,10,0,0,0,0,0,-186,317,316,0,0,1
lqr_sysid_csv,33879,320,settle,0,17,10,0,0,0,0,0,-186,317,316,0,0,1
lqr_sysid_csv,33889,320,settle,0,17,10,0,0,0,0,0,-186,317,316,0,0,1
lqr_sysid_csv,33899,320,settle,0,17,10,0,0,0,0,0,-186,317,316,0,0,1
lqr_sysid_csv,33909,320,settle,0,17,10,0,0,0,0,0,-186,317,316,0,0,1
lqr_sysid_csv,33919,320,settle,0,17,10,0,0,0,0,0,-186,317,316,0,0,1
lqr_sysid_csv,33929,320,settle,0,17,10,0,0,0,0,0,-186,317,316,0,0,1
lqr_sysid_csv,33940,320,settle,0,17,10,0,0,0,0,0,-186,317,316,0,0,1
lqr_sysid_csv,33950,320,settle,0,17,10,0,0,0,0,0,-186,317,316,0,0,1
lqr_sysid_csv,33960,320,settle,0,17,10,0,0,0,0,0,-186,317,316,0,0,1
lqr_sysid_csv,33970,320,settle,0,17,10,0,0,0,0,0,-186,317,316,0,0,1
lqr_sysid_csv,33980,320,settle,0,17,10,0,0,0,0,0,-186,317,316,0,0,1
lqr_sysid_csv,33990,320,settle,0,17,10,0,0,0,0,0,-186,317,316,0,0,1
lqr_sysid_csv,34000,320,settle,0,17,10,0,0,0,0,0,-186,317,316,0,0,1
lqr_sysid_csv,34010,320,settle,0,17,10,0,0,0,0,0,-186,317,316,0,0,1
lqr_sysid_csv,34020,320,settle,0,17,10,0,0,0,0,0,-186,317,316,0,0,1
lqr_sysid_csv,34030,320,settle,0,17,10,0,0,0,0,0,-186,317,316,0,0,1
lqr_sysid_csv,34041,320,settle,0,17,10,0,0,0,0,0,-186,317,316,0,0,1
lqr_sysid_csv,34051,320,settle,0,17,10,0,0,0,0,0,-186,317,316,0,0,1
lqr_sysid_csv,34061,320,settle,0,17,10,0,0,0,0,0,-186,317,316,0,0,1
lqr_sysid_csv,34072,320,settle,0,17,10,0,0,0,0,0,-186,317,316,0,0,1
lqr_sysid_csv,34082,320,settle,0,17,10,0,0,0,0,0,-186,317,316,0,0,1
lqr_sysid_csv,34092,320,settle,0,17,10,0,0,0,0,0,-186,317,316,0,0,1
lqr_sysid_csv,34103,320,settle,0,17,10,0,0,0,0,0,-186,317,316,0,0,1
lqr_sysid_csv,34119,320,settle,0,17,10,0,0,0,0,0,-186,317,316,0,0,1
lqr_sysid_csv,34130,320,settle,0,17,10,0,0,0,0,0,-186,317,316,0,0,1
lqr_sysid_csv,34140,320,settle,0,17,10,0,0,0,0,0,-186,317,316,0,0,1
lqr_sysid_csv,34149,320,settle,0,17,10,0,0,0,0,0,-186,317,316,0,0,1
lqr_sysid_csv,34159,320,settle,0,17,10,0,0,0,0,0,-186,317,316,0,0,1
lqr_sysid_csv,34169,320,settle,0,17,10,0,0,0,0,0,-186,317,316,0,0,1
lqr_sysid_csv,34179,320,settle,0,17,10,0,0,0,0,0,-186,317,316,0,0,1
lqr_sysid_csv,34189,320,settle,0,17,10,0,0,0,0,0,-186,317,316,0,0,1
lqr_sysid_csv,34199,320,settle,0,17,10,0,0,0,0,0,-186,317,316,0,0,1
lqr_sysid_csv,34209,320,settle,0,17,10,0,0,0,0,0,-186,317,316,0,0,1
lqr_sysid_csv,34219,320,settle,0,17,10,0,0,0,0,0,-186,317,316,0,0,1
lqr_sysid_csv,34229,320,settle,0,17,10,0,0,0,0,0,-186,317,316,0,0,1
lqr_sysid_csv,34239,320,settle,0,17,10,0,0,0,0,0,-186,317,316,0,0,1
lqr_sysid_csv,34249,320,settle,0,17,10,0,0,0,0,0,-186,317,316,0,0,1
lqr_sysid_csv,34259,320,settle,0,17,10,0,0,0,0,0,-186,317,316,0,0,1
lqr_sysid_csv,34269,320,settle,0,17,10,0,0,0,0,0,-186,317,316,0,0,1
lqr_sysid_csv,34279,320,settle,0,17,10,0,0,0,0,0,-186,317,316,0,0,1
lqr_sysid_csv,34289,320,settle,0,17,10,0,0,0,0,0,-186,317,316,0,0,1
lqr_sysid_csv,34299,320,settle,0,17,10,0,0,0,0,0,-186,317,316,0,0,1
lqr_sysid_csv,34309,320,settle,0,17,10,0,0,0,0,0,-186,317,316,0,0,1
lqr_sysid_csv,34320,320,settle,0,17,10,0,0,0,0,0,-186,317,316,0,0,1
lqr_sysid_csv,34329,320,settle,0,17,10,0,0,0,0,0,-186,317,316,0,0,1
lqr_sysid_csv,34339,320,settle,0,17,10,0,0,0,0,0,-186,317,316,0,0,1
lqr_sysid_csv,34350,320,settle,0,17,10,0,0,0,0,0,-186,317,316,0,0,1
lqr_sysid_csv,34360,320,settle,0,17,10,0,0,0,0,0,-186,317,316,0,0,1
lqr_sysid_csv,34370,320,settle,0,17,10,0,0,0,0,0,-186,317,316,0,0,1
lqr_sysid_csv,34381,320,settle,0,17,10,0,0,0,0,0,-186,317,316,0,0,1
lqr_sysid_csv,34391,320,settle,0,17,10,0,0,0,0,0,-186,317,316,0,0,1
lqr_sysid_csv,34401,320,settle,0,17,10,0,0,0,0,0,-186,317,316,0,0,1
lqr_sysid_csv,34411,320,settle,0,17,10,0,0,0,0,0,-186,317,316,0,0,1
lqr_sysid_csv,34421,320,settle,0,17,10,0,0,0,0,0,-186,317,316,0,0,1
lqr_sysid_csv,34431,320,settle,0,17,10,0,0,0,0,0,-186,317,316,0,0,1
lqr_sysid_csv,34441,320,settle,0,17,10,0,0,0,0,0,-186,317,316,0,0,1
lqr_sysid_csv,34451,320,settle,0,17,10,0,0,0,0,0,-186,317,316,0,0,1
lqr_sysid_csv,34462,320,settle,0,17,10,0,0,0,0,0,-186,317,316,0,0,1
lqr_sysid_csv,34472,320,settle,0,17,10,0,0,0,0,0,-186,317,316,0,0,1
lqr_sysid_csv,34482,320,settle,0,17,10,0,0,0,0,0,-186,317,316,0,0,1
lqr_sysid_csv,34492,320,settle,0,17,10,0,0,0,0,0,-186,317,316,0,0,1
lqr_sysid_csv,34502,320,settle,0,17,10,0,0,0,0,0,-186,317,316,0,0,1
lqr_sysid_csv,34512,320,settle,0,17,10,0,0,0,0,0,-186,317,316,0,0,1
lqr_sysid_csv,34522,320,settle,0,17,10,0,0,0,0,0,-186,317,316,0,0,1
lqr_sysid_csv,34532,320,settle,0,17,10,0,0,0,0,0,-186,317,316,0,0,1
lqr_sysid_csv,34543,320,settle,0,17,10,0,0,0,0,0,-186,317,316,0,0,1
lqr_sysid_csv,34560,320,settle,0,17,10,0,0,0,0,0,-186,317,316,0,0,1
lqr_sysid_csv,34570,320,settle,0,17,10,0,0,0,0,0,-186,317,316,0,0,1
lqr_sysid_csv,34580,320,settle,0,17,10,0,0,0,0,0,-186,317,316,0,0,1
lqr_sysid_csv,34590,320,settle,0,17,10,0,0,0,0,0,-186,317,316,0,0,1
lqr_sysid_csv,34600,320,settle,0,17,10,0,0,0,0,0,-186,317,316,0,0,1
lqr_sysid_csv,34610,320,settle,0,17,10,0,0,0,0,0,-186,317,316,0,0,1
lqr_sysid_csv,34620,320,settle,0,17,10,0,0,0,0,0,-186,317,316,0,0,1
lqr_sysid_csv,34630,320,settle,0,17,10,0,0,0,0,0,-186,317,316,0,0,1
lqr_sysid_csv,34640,320,settle,0,17,10,0,0,0,0,0,-186,317,316,0,0,1
lqr_sysid_csv,34650,320,settle,0,17,10,0,0,0,0,0,-186,317,316,0,0,1
lqr_sysid_csv,34660,320,settle,0,17,10,0,0,0,0,0,-186,317,316,0,0,1
lqr_sysid_csv,34671,320,settle,0,17,10,0,0,0,0,0,-186,317,316,0,0,1
lqr_sysid_csv,34681,320,settle,0,17,10,0,0,0,0,0,-186,317,316,0,0,1
lqr_sysid_csv,34692,320,settle,0,17,10,0,0,0,0,0,-186,317,316,0,0,1
lqr_sysid_csv,34702,320,settle,0,17,10,0,0,0,0,0,-186,317,316,0,0,1
lqr_sysid_csv,34713,320,settle,0,17,10,0,0,0,0,0,-186,317,316,0,0,1
lqr_sysid_csv,34730,320,settle,0,17,10,0,0,0,0,0,-186,317,316,0,0,1
lqr_sysid_csv,34740,320,settle,0,17,10,0,0,0,0,0,-186,317,316,0,0,1
lqr_sysid_csv,34750,320,settle,0,17,10,0,0,0,0,0,-186,317,316,0,0,1
lqr_sysid_csv,34760,320,settle,0,17,10,0,0,0,0,0,-186,317,316,0,0,1
lqr_sysid_csv,34771,320,settle,0,17,10,0,0,0,0,0,-186,317,316,0,0,1
lqr_sysid_csv,34782,320,settle,0,17,10,0,0,0,0,0,-186,317,316,0,0,1
lqr_sysid_csv,34798,320,settle,0,17,10,0,0,0,0,0,-186,317,316,0,0,1
lqr_sysid_csv,34808,320,settle,0,17,10,0,0,0,0,0,-186,317,316,0,0,1
lqr_sysid_csv,34818,320,settle,0,17,10,0,0,0,0,0,-186,317,316,0,0,1
lqr_sysid_csv,34828,320,settle,0,17,10,0,0,0,0,0,-186,317,316,0,0,1
lqr_sysid_csv,34838,320,settle,0,17,10,0,0,0,0,0,-186,317,316,0,0,1
lqr_sysid_csv,34848,320,settle,0,17,10,0,0,0,0,0,-186,317,316,0,0,1
lqr_sysid_csv,34858,320,settle,0,17,10,0,0,0,0,0,-186,317,316,0,0,1
lqr_sysid_csv,34868,320,settle,0,17,10,0,0,0,0,0,-186,317,316,0,0,1
lqr_sysid_csv,34878,320,settle,0,17,10,0,0,0,0,0,-186,317,316,0,0,1
lqr_sysid_csv,34888,320,settle,0,17,10,0,0,0,0,0,-186,317,316,0,0,1
lqr_sysid_csv,34898,320,settle,0,17,10,0,0,0,0,0,-186,317,316,0,0,1
lqr_sysid_csv,34908,320,settle,0,17,10,0,0,0,0,0,-186,317,316,0,0,1
lqr_sysid_csv,34919,320,settle,0,17,10,0,0,0,0,0,-186,317,316,0,0,1
lqr_sysid_csv,34929,320,settle,0,17,10,0,0,0,0,0,-186,317,316,0,0,1
lqr_sysid_csv,34939,320,settle,0,17,10,0,0,0,0,0,-186,317,316,0,0,1
lqr_sysid_csv,34949,320,settle,0,17,10,0,0,0,0,0,-186,317,316,0,0,1
lqr_sysid_csv,34959,320,settle,0,17,10,0,0,0,0,0,-186,317,316,0,0,1
lqr_sysid_csv,34969,320,settle,0,17,10,0,0,0,0,0,-186,317,316,0,0,1
lqr_sysid_csv,34979,320,settle,0,17,10,0,0,0,0,0,-186,317,316,0,0,1
lqr_sysid_csv,34989,320,settle,0,17,10,0,0,0,0,0,-186,317,316,0,0,1
lqr_sysid_csv,34999,320,settle,0,17,10,0,0,0,0,0,-186,317,316,0,0,1
lqr_sysid_csv,35009,320,settle,0,17,10,0,0,0,0,0,-186,317,316,0,0,1
lqr_sysid_csv,35019,320,settle,0,17,10,0,0,0,0,0,-186,317,316,0,0,1
lqr_sysid_csv,35029,320,settle,0,17,10,0,0,0,0,0,-186,317,316,0,0,1
lqr_sysid_csv,35039,320,settle,0,17,10,0,0,0,0,0,-186,317,316,0,0,1
lqr_sysid_csv,35049,320,settle,0,17,10,0,0,0,0,0,-186,317,316,0,0,1
lqr_sysid_csv,35059,320,settle,0,17,10,0,0,0,0,0,-186,317,316,0,0,1
lqr_sysid_csv,35069,320,settle,0,17,10,0,0,0,0,0,-186,317,316,0,0,1
lqr_sysid_csv,35079,320,settle,0,17,10,0,0,0,0,0,-186,317,316,0,0,1
lqr_sysid_csv,35089,320,settle,0,17,10,0,0,0,0,0,-186,317,316,0,0,1
lqr_sysid_csv,35099,320,settle,0,17,10,0,0,0,0,0,-186,317,316,0,0,1
lqr_sysid_csv,35110,320,settle,0,17,10,0,0,0,0,0,-186,317,316,0,0,1
lqr_sysid_csv,35120,320,settle,0,17,10,0,0,0,0,0,-186,317,316,0,0,1
lqr_sysid_csv,35130,320,settle,0,17,10,0,0,0,0,0,-186,317,316,0,0,1
lqr_sysid_csv,35141,320,settle,0,17,10,0,0,0,0,0,-186,317,316,0,0,1
lqr_sysid_csv,35151,320,settle,0,17,10,0,0,0,0,0,-186,317,316,0,0,1
lqr_sysid_csv,35161,320,settle,0,17,10,0,0,0,0,0,-186,317,316,0,0,1
lqr_sysid_csv,35171,320,settle,0,17,10,0,0,0,0,0,-186,317,316,0,0,1
lqr_sysid_csv,35181,320,settle,0,17,10,0,0,0,0,0,-186,317,316,0,0,1
lqr_sysid_csv,35191,320,settle,0,17,10,0,0,0,0,0,-186,317,316,0,0,1
lqr_sysid_csv,35201,320,settle,0,17,10,0,0,0,0,0,-186,317,316,0,0,1
lqr_sysid_csv,35211,320,settle,0,17,10,0,0,0,0,0,-186,317,316,0,0,1
lqr_sysid_csv,35221,320,settle,0,17,10,0,0,0,0,0,-186,317,316,0,0,1
lqr_sysid_csv,35231,320,settle,0,17,10,0,0,0,0,0,-186,317,316,0,0,1
lqr_sysid_csv,35241,320,settle,0,17,10,0,0,0,0,0,-186,317,316,0,0,1
lqr_sysid_csv,35251,320,settle,0,17,10,0,0,0,0,0,-186,317,316,0,0,1
lqr_sysid_csv,35261,320,settle,0,17,10,0,0,0,0,0,-186,317,316,0,0,1
lqr_sysid_csv,35271,320,settle,0,17,10,0,0,0,0,0,-186,317,316,0,0,1
lqr_sysid_csv,35282,320,settle,0,17,10,0,0,0,0,0,-186,317,316,0,0,1
lqr_sysid_csv,35292,320,settle,0,17,10,0,0,0,0,0,-186,317,316,0,0,1
lqr_sysid_csv,35303,320,settle,0,17,10,0,0,0,0,0,-186,317,316,0,0,1
lqr_sysid_csv,35319,320,settle,0,17,10,0,0,0,0,0,-186,317,316,0,0,1
lqr_sysid_csv,35329,320,settle,0,17,10,0,0,0,0,0,-186,317,316,0,0,1
lqr_sysid_csv,35339,320,settle,0,17,10,0,0,0,0,0,-186,317,316,0,0,1
lqr_sysid_csv,35349,320,settle,0,17,10,0,0,0,0,0,-186,317,316,0,0,1
lqr_sysid_csv,35359,320,settle,0,17,10,0,0,0,0,0,-186,317,316,0,0,1
lqr_sysid_csv,35369,320,settle,0,17,10,0,0,0,0,0,-186,317,316,0,0,1
lqr_sysid_csv,35379,320,settle,0,17,10,0,0,0,0,0,-186,317,316,0,0,1
lqr_sysid_csv,35389,320,settle,0,17,10,0,0,0,0,0,-186,317,316,0,0,1
lqr_sysid_csv,35399,320,settle,0,17,10,0,0,0,0,0,-186,317,316,0,0,1
lqr_sysid_csv,35409,320,settle,0,17,10,0,0,0,0,0,-186,317,316,0,0,1
lqr_sysid_csv,35419,320,settle,0,17,10,0,0,0,0,0,-186,317,316,0,0,1
lqr_sysid_csv,35429,320,settle,0,17,10,0,0,0,0,0,-186,317,316,0,0,1
lqr_sysid_csv,35439,320,settle,0,17,10,0,0,0,0,0,-186,317,316,0,0,1
lqr_sysid_csv,35449,320,settle,0,17,10,0,0,0,0,0,-186,317,316,0,0,1
lqr_sysid_csv,35459,320,settle,0,17,10,0,0,0,0,0,-186,317,316,0,0,1
lqr_sysid_csv,35469,320,settle,0,17,10,0,0,0,0,0,-186,317,316,0,0,1
lqr_sysid_csv,35479,320,settle,0,17,10,0,0,0,0,0,-186,317,316,0,0,1
lqr_sysid_csv,35490,320,settle,0,17,10,0,0,0,0,0,-186,317,316,0,0,1
lqr_sysid_csv,35500,320,settle,0,17,10,0,0,0,0,0,-186,317,316,0,0,1
lqr_sysid_csv,35510,320,settle,0,17,10,0,0,0,0,0,-186,317,316,0,0,1
lqr_sysid_csv,35520,320,settle,0,17,10,0,0,0,0,0,-186,317,316,0,0,1
lqr_sysid_csv,35530,320,settle,0,17,10,0,0,0,0,0,-186,317,316,0,0,1
lqr_sysid_csv,35540,320,settle,0,17,10,0,0,0,0,0,-186,317,316,0,0,1
lqr_sysid_csv,35551,320,settle,0,17,10,0,0,0,0,0,-186,317,316,0,0,1
lqr_sysid_csv,35561,320,settle,0,17,10,0,0,0,0,0,-186,317,316,0,0,1
lqr_sysid_csv,35572,320,settle,0,17,10,0,0,0,0,0,-186,317,316,0,0,1
lqr_sysid_csv,35582,320,settle,0,17,10,0,0,0,0,0,-186,317,316,0,0,1
lqr_sysid_csv,35599,320,settle,0,17,10,0,0,0,0,0,-186,317,316,0,0,1
lqr_sysid_csv,35615,320,settle,0,17,10,0,0,0,0,0,-186,317,316,0,0,1
lqr_sysid_csv,35625,320,settle,0,17,10,0,0,0,0,0,-186,317,316,0,0,1
lqr_sysid_csv,35635,320,settle,0,17,10,0,0,0,0,0,-186,317,316,0,0,1
lqr_sysid_csv,35645,320,settle,0,17,10,0,0,0,0,0,-186,317,316,0,0,1
lqr_sysid_csv,35655,320,settle,0,17,10,0,0,0,0,0,-186,317,316,0,0,1
lqr_sysid_csv,35665,320,settle,0,17,10,0,0,0,0,0,-186,317,316,0,0,1
lqr_sysid_csv,35675,320,settle,0,17,10,0,0,0,0,0,-186,317,316,0,0,1
lqr_sysid_csv,35685,320,settle,0,17,10,0,0,0,0,0,-186,317,316,0,0,1
lqr_sysid_csv,35695,320,settle,0,17,10,0,0,0,0,0,-186,317,316,0,0,1
lqr_sysid_csv,35705,320,settle,0,17,10,0,0,0,0,0,-186,317,316,0,0,1
lqr_sysid_csv,35716,320,settle,0,17,10,0,0,0,0,0,-186,317,316,0,0,1
lqr_sysid_csv,35726,320,settle,0,17,10,0,0,0,0,0,-186,317,316,0,0,1
lqr_sysid_csv,35736,320,settle,0,17,10,0,0,0,0,0,-186,317,316,0,0,1
lqr_sysid_csv,35746,320,settle,0,17,10,0,0,0,0,0,-186,317,316,0,0,1
lqr_sysid_csv,35756,320,settle,0,17,10,0,0,0,0,0,-186,317,316,0,0,1
lqr_sysid_csv,35766,320,settle,0,17,10,0,0,0,0,0,-186,317,316,0,0,1
lqr_sysid_csv,35776,320,settle,0,17,10,0,0,0,0,0,-186,317,316,0,0,1
lqr_sysid_csv,35787,320,settle,0,17,10,0,0,0,0,0,-186,317,316,0,0,1
lqr_sysid_csv,35797,320,settle,0,17,10,0,0,0,0,0,-186,317,316,0,0,1
lqr_sysid_csv,35807,320,settle,0,17,10,0,0,0,0,0,-186,317,316,0,0,1
lqr_sysid_csv,35817,320,settle,0,17,10,0,0,0,0,0,-186,317,316,0,0,1
lqr_sysid_csv,35827,320,settle,0,17,10,0,0,0,0,0,-186,317,316,0,0,1
lqr_sysid_csv,35837,320,settle,0,17,10,0,0,0,0,0,-186,317,316,0,0,1
lqr_sysid_csv,35847,320,settle,0,17,10,0,0,0,0,0,-186,317,316,0,0,1
lqr_sysid_csv,35857,320,settle,0,17,10,0,0,0,0,0,-186,317,316,0,0,1
lqr_sysid_csv,35867,320,settle,0,17,10,0,0,0,0,0,-186,317,316,0,0,1
lqr_sysid_csv,35877,320,settle,0,17,10,0,0,0,0,0,-186,317,316,0,0,1
lqr_sysid_csv,35887,320,settle,0,17,10,0,0,0,0,0,-186,317,316,0,0,1
lqr_sysid_csv,35897,320,settle,0,17,10,0,0,0,0,0,-186,317,316,0,0,1
lqr_sysid_csv,35907,320,settle,0,17,10,0,0,0,0,0,-186,317,316,0,0,1
lqr_sysid_csv,35917,320,settle,0,17,10,0,0,0,0,0,-186,317,316,0,0,1
lqr_sysid_csv,35927,320,settle,0,17,10,0,0,0,0,0,-186,317,316,0,0,1
lqr_sysid_csv,35937,320,settle,0,17,10,0,0,0,0,0,-186,317,316,0,0,1
lqr_sysid_csv,35947,320,settle,0,17,10,0,0,0,0,0,-186,317,316,0,0,1
lqr_sysid_csv,35957,320,settle,0,17,10,0,0,0,0,0,-186,317,316,0,0,1
lqr_sysid_csv,35967,320,settle,0,17,10,0,0,0,0,0,-186,317,316,0,0,1
lqr_sysid_csv,35977,320,settle,0,17,10,0,0,0,0,0,-186,317,316,0,0,1
lqr_sysid_csv,35987,320,settle,0,17,10,0,0,0,0,0,-186,317,316,0,0,1
lqr_sysid_csv,35997,320,settle,0,17,10,0,0,0,0,0,-186,317,316,0,0,1
lqr_sysid_csv,36007,320,settle,0,17,10,0,0,0,0,0,-186,317,316,0,0,1
lqr_sysid_csv,36018,320,settle,0,17,10,0,0,0,0,0,-186,317,316,0,0,1
lqr_sysid_csv,36027,320,settle,0,17,10,0,0,0,0,0,-186,317,316,0,0,1
lqr_sysid_csv,36037,320,settle,0,17,10,0,0,0,0,0,-186,317,316,0,0,1
lqr_sysid_csv,36047,320,settle,0,17,10,0,0,0,0,0,-186,317,316,0,0,1
lqr_sysid_csv,36057,320,settle,0,17,10,0,0,0,0,0,-186,317,316,0,0,1
lqr_sysid_csv,36067,320,settle,0,17,10,0,0,0,0,0,-186,317,316,0,0,1
lqr_sysid_csv,36077,320,settle,0,17,10,0,0,0,0,0,-186,317,316,0,0,1
lqr_sysid_csv,36088,320,settle,0,17,10,0,0,0,0,0,-186,317,316,0,0,1
lqr_sysid_csv,36098,320,settle,0,17,10,0,0,0,0,0,-186,317,316,0,0,1
lqr_sysid_csv,36108,320,settle,0,17,10,0,0,0,0,0,-186,317,316,0,0,1
lqr_sysid_csv,36118,320,settle,0,17,10,0,0,0,0,0,-186,317,316,0,0,1
lqr_sysid_csv,36128,320,settle,0,17,10,0,0,0,0,0,-186,317,316,0,0,1
lqr_sysid_csv,36138,320,settle,0,17,10,0,0,0,0,0,-186,317,316,0,0,1
lqr_sysid_csv,36148,320,settle,0,17,10,0,0,0,0,0,-186,317,316,0,0,1
lqr_sysid_csv,36159,320,settle,0,17,10,0,0,0,0,0,-186,317,316,0,0,1
lqr_sysid_csv,36169,320,settle,0,17,10,0,0,0,0,0,-187,317,316,0,0,1
lqr_sysid_csv,36179,320,settle,0,17,10,0,0,0,0,0,-187,317,316,0,0,1
lqr_sysid_csv,36189,320,settle,0,17,10,0,0,0,0,0,-187,317,316,0,0,1
lqr_sysid_csv,36199,320,settle,0,17,10,0,0,0,0,0,-187,317,316,0,0,1
lqr_sysid_csv,36209,320,settle,0,17,10,0,0,0,0,0,-187,317,316,0,0,1
lqr_sysid_csv,36219,320,settle,0,17,10,0,0,0,0,0,-187,317,316,0,0,1
lqr_sysid_csv,36230,320,settle,0,17,10,0,0,0,0,0,-187,317,316,0,0,1
lqr_sysid_csv,36247,320,settle,0,17,10,0,0,0,0,0,-187,317,316,0,0,1
lqr_sysid_csv,36257,320,settle,0,17,10,0,0,0,0,0,-187,317,316,0,0,1
lqr_sysid_csv,36267,320,settle,0,17,10,0,0,0,0,0,-187,317,316,0,0,1
lqr_sysid_csv,36277,320,settle,0,17,10,0,0,0,0,0,-187,317,316,0,0,1
lqr_sysid_csv,36287,320,settle,0,17,10,0,0,0,0,0,-187,317,316,0,0,1
lqr_sysid_csv,36297,320,settle,0,17,10,0,0,0,0,0,-187,317,316,0,0,1
lqr_sysid_csv,36307,320,settle,0,17,10,0,0,0,0,0,-187,317,316,0,0,1
lqr_sysid_csv,36317,320,settle,0,17,10,0,0,0,0,0,-187,317,316,0,0,1
lqr_sysid_csv,36327,320,settle,0,17,10,0,0,0,0,0,-187,317,316,0,0,1
lqr_sysid_csv,36337,320,settle,0,17,10,0,0,0,0,0,-187,317,316,0,0,1
lqr_sysid_csv,36347,320,settle,0,17,10,0,0,0,0,0,-187,317,316,0,0,1
lqr_sysid_csv,36357,320,settle,0,17,10,0,0,0,0,0,-187,317,316,0,0,1
lqr_sysid_csv,36367,320,settle,0,17,10,0,0,0,0,0,-187,317,316,0,0,1
lqr_sysid_csv,36378,320,settle,0,17,10,0,0,0,0,0,-187,317,316,0,0,1
lqr_sysid_csv,36388,320,settle,0,17,10,0,0,0,0,0,-187,317,316,0,0,1
lqr_sysid_csv,36398,320,settle,0,17,10,0,0,0,0,0,-187,317,316,0,0,1
lqr_sysid_csv,36408,320,settle,0,17,10,0,0,0,0,0,-187,317,316,0,0,1
lqr_sysid_csv,36418,320,settle,0,17,10,0,0,0,0,0,-187,317,316,0,0,1
lqr_sysid_csv,36428,320,settle,0,17,10,0,0,0,0,0,-187,317,316,0,0,1
lqr_sysid_csv,36438,320,settle,0,17,10,0,0,0,0,0,-187,317,316,0,0,1
lqr_sysid_csv,36449,320,settle,0,17,10,0,0,0,0,0,-187,317,316,0,0,1
lqr_sysid_csv,36458,320,settle,0,17,10,0,0,0,0,0,-187,317,316,0,0,1
lqr_sysid_csv,36468,320,settle,0,17,10,0,0,0,0,0,-187,317,316,0,0,1
lqr_sysid_csv,36478,320,settle,0,17,10,0,0,0,0,0,-187,317,316,0,0,1
lqr_sysid_csv,36488,320,settle,0,17,10,0,0,0,0,0,-187,317,316,0,0,1
lqr_sysid_csv,36498,320,settle,0,17,10,0,0,0,0,0,-187,317,316,0,0,1
lqr_sysid_csv,36508,320,settle,0,17,10,0,0,0,0,0,-187,317,316,0,0,1
lqr_sysid_csv,36518,320,settle,0,17,10,0,0,0,0,0,-187,317,316,0,0,1
lqr_sysid_csv,36528,320,settle,0,17,10,0,0,0,0,0,-187,317,316,0,0,1
lqr_sysid_csv,36538,320,settle,0,17,10,0,0,0,0,0,-187,317,316,0,0,1
lqr_sysid_csv,36548,320,settle,0,17,10,0,0,0,0,0,-187,317,316,0,0,1
lqr_sysid_csv,36558,320,settle,0,17,10,0,0,0,0,0,-187,317,316,0,0,1
lqr_sysid_csv,36568,320,settle,0,17,10,0,0,0,0,0,-187,317,316,0,0,1
lqr_sysid_csv,36578,320,settle,0,17,10,0,0,0,0,0,-187,317,316,0,0,1
lqr_sysid_csv,36588,320,settle,0,17,10,0,0,0,0,0,-187,317,316,0,0,1
lqr_sysid_csv,36598,320,settle,0,17,10,0,0,0,0,0,-187,317,316,0,0,1
lqr_sysid_csv,36608,320,settle,0,17,10,0,0,0,0,0,-187,317,316,0,0,1
lqr_sysid_csv,36618,320,settle,0,17,10,0,0,0,0,0,-187,317,316,0,0,1
lqr_sysid_csv,36628,320,settle,0,17,10,0,0,0,0,0,-187,317,316,0,0,1
lqr_sysid_csv,36638,320,settle,0,17,10,0,0,0,0,0,-187,317,316,0,0,1
lqr_sysid_csv,36648,320,settle,0,17,10,0,0,0,0,0,-187,317,316,0,0,1
lqr_sysid_csv,36658,320,settle,0,17,10,0,0,0,0,0,-187,317,316,0,0,1
lqr_sysid_csv,36668,320,settle,0,17,10,0,0,0,0,0,-187,317,316,0,0,1
lqr_sysid_csv,36678,320,settle,0,17,10,0,0,0,0,0,-187,317,316,0,0,1
lqr_sysid_csv,36688,320,settle,0,17,10,0,0,0,0,0,-187,317,316,0,0,1
lqr_sysid_csv,36698,320,settle,0,17,10,0,0,0,0,0,-187,317,316,0,0,1
lqr_sysid_csv,36708,320,settle,0,17,10,0,0,0,0,0,-187,317,316,0,0,1
lqr_sysid_csv,36718,320,settle,0,17,10,0,0,0,0,0,-187,317,316,0,0,1
lqr_sysid_csv,36728,320,settle,0,17,10,0,0,0,0,0,-187,317,316,0,0,1
lqr_sysid_csv,36738,320,settle,0,17,10,0,0,0,0,0,-187,317,316,0,0,1
lqr_sysid_csv,36749,320,settle,0,17,10,0,0,0,0,0,-187,317,316,0,0,1
lqr_sysid_csv,36759,320,settle,0,17,10,0,0,0,0,0,-187,317,316,0,0,1
lqr_sysid_csv,36769,320,settle,0,17,10,0,0,0,0,0,-187,317,316,0,0,1
lqr_sysid_csv,36779,320,settle,0,17,10,0,0,0,0,0,-187,317,316,0,0,1
lqr_sysid_csv,36790,320,settle,0,17,10,0,0,0,0,0,-187,317,316,0,0,1
lqr_sysid_csv,36807,320,settle,0,17,10,0,0,0,0,0,-187,317,316,0,0,1
lqr_sysid_csv,36817,320,settle,0,17,10,0,0,0,0,0,-187,317,316,0,0,1
lqr_sysid_csv,36827,320,settle,0,17,10,0,0,0,0,0,-187,317,316,0,0,1
lqr_sysid_csv,36837,320,settle,0,17,10,0,0,0,0,0,-187,317,316,0,0,1
lqr_sysid_csv,36847,320,settle,0,17,10,0,0,0,0,0,-187,317,316,0,0,1
lqr_sysid_csv,36857,320,settle,0,17,10,0,0,0,0,0,-187,317,316,0,0,1
lqr_sysid_csv,36867,320,settle,0,17,10,0,0,0,0,0,-187,317,316,0,0,1
lqr_sysid_csv,36877,320,settle,0,17,10,0,0,0,0,0,-187,317,316,0,0,1
lqr_sysid_csv,36887,320,settle,0,17,10,0,0,0,0,0,-187,317,316,0,0,1
lqr_sysid_csv,36897,320,settle,0,17,10,0,0,0,0,0,-187,317,316,0,0,1
lqr_sysid_csv,36907,320,settle,0,17,10,0,0,0,0,0,-187,317,316,0,0,1
lqr_sysid_csv,36917,320,settle,0,17,10,0,0,0,0,0,-187,317,316,0,0,1
lqr_sysid_csv,36927,320,settle,0,17,10,0,0,0,0,0,-187,317,316,0,0,1
lqr_sysid_csv,36937,320,settle,0,17,10,0,0,0,0,0,-187,317,316,0,0,1
lqr_sysid_csv,36947,320,settle,0,17,10,0,0,0,0,0,-187,317,316,0,0,1
lqr_sysid_csv,36957,320,settle,0,17,10,0,0,0,0,0,-187,317,316,0,0,1
lqr_sysid_csv,36967,320,settle,0,17,10,0,0,0,0,0,-187,317,316,0,0,1
lqr_sysid_csv,36977,320,settle,0,17,10,0,0,0,0,0,-187,317,316,0,0,1
lqr_sysid_csv,36987,320,settle,0,17,10,0,0,0,0,0,-187,317,316,0,0,1
lqr_sysid_csv,36997,320,settle,0,17,10,0,0,0,0,0,-187,317,316,0,0,1
lqr_sysid_csv,37007,320,settle,0,17,10,0,0,0,0,0,-187,317,316,0,0,1
lqr_sysid_csv,37017,320,settle,0,17,10,0,0,0,0,0,-187,317,316,0,0,1
lqr_sysid_csv,37027,320,settle,0,17,10,0,0,0,0,0,-187,317,316,0,0,1
lqr_sysid_csv,37037,320,settle,0,17,10,0,0,0,0,0,-187,317,316,0,0,1
lqr_sysid_csv,37047,320,settle,0,17,10,0,0,0,0,0,-187,317,316,0,0,1
lqr_sysid_csv,37057,320,settle,0,17,10,0,0,0,0,0,-187,317,316,0,0,1
lqr_sysid_csv,37067,320,settle,0,17,10,0,0,0,0,0,-187,317,316,0,0,1
lqr_sysid_csv,37077,320,settle,0,17,10,0,0,0,0,0,-187,317,316,0,0,1
lqr_sysid_csv,37087,320,settle,0,17,10,0,0,0,0,0,-187,317,316,0,0,1
lqr_sysid_csv,37097,320,settle,0,17,10,0,0,0,0,0,-187,317,316,0,0,1
lqr_sysid_csv,37107,320,settle,0,17,10,0,0,0,0,0,-187,317,316,0,0,1
lqr_sysid_csv,37118,320,settle,0,17,10,0,0,0,0,0,-187,317,316,0,0,1
lqr_sysid_csv,37128,320,settle,0,17,10,0,0,0,0,0,-187,317,316,0,0,1
lqr_sysid_csv,37138,320,settle,0,17,10,0,0,0,0,0,-187,317,316,0,0,1
lqr_sysid_csv,37149,320,settle,0,17,10,0,0,0,0,0,-187,317,316,0,0,1
lqr_sysid_csv,37159,320,settle,0,17,10,0,0,0,0,0,-187,317,316,0,0,1
lqr_sysid_csv,37169,320,settle,0,17,10,0,0,0,0,0,-187,317,316,0,0,1
lqr_sysid_csv,37179,320,settle,0,17,10,0,0,0,0,0,-187,317,316,0,0,1
lqr_sysid_csv,37189,320,settle,0,17,10,0,0,0,0,0,-187,317,316,0,0,1
lqr_sysid_csv,37199,320,settle,0,17,10,0,0,0,0,0,-187,317,316,0,0,1
lqr_sysid_csv,37209,320,settle,0,17,10,0,0,0,0,0,-187,317,316,0,0,1
lqr_sysid_csv,37219,320,settle,0,17,10,0,0,0,0,0,-187,317,316,0,0,1
lqr_sysid_csv,37229,320,settle,0,17,10,0,0,0,0,0,-187,317,316,0,0,1
lqr_sysid_csv,37239,320,settle,0,17,10,0,0,0,0,0,-187,317,316,0,0,1
lqr_sysid_csv,37249,320,settle,0,17,10,0,0,0,0,0,-187,317,316,0,0,1
lqr_sysid_csv,37259,320,settle,0,17,10,0,0,0,0,0,-187,317,316,0,0,1
lqr_sysid_csv,37270,320,settle,0,17,10,0,0,0,0,0,-187,317,316,0,0,1
lqr_sysid_csv,37280,320,settle,0,17,10,0,0,0,0,0,-187,317,316,0,0,1
lqr_sysid_csv,37289,320,settle,0,17,10,0,0,0,0,0,-187,317,316,0,0,1
lqr_sysid_csv,37299,320,settle,0,17,10,0,0,0,0,0,-187,317,316,0,0,1
lqr_sysid_csv,37309,320,sample,0,17,10,0,0,0,0,0,-387,317,316,0,0,1
lqr_sysid_csv,37319,320,sample,1,17,10,0,0,0,0,0,-387,317,316,0,0,1
lqr_sysid_csv,37330,320,sample,2,17,10,0,0,0,0,0,-387,317,316,0,0,1
lqr_sysid_csv,37340,320,sample,3,17,10,0,0,0,0,0,-387,317,316,0,0,1
lqr_sysid_csv,37350,320,sample,4,17,10,0,0,0,0,0,-387,317,316,0,0,1
lqr_sysid_csv,37361,320,sample,5,17,10,0,0,0,0,0,-387,317,316,0,0,1
lqr_sysid_csv,37371,320,sample,6,17,10,0,0,0,0,0,-387,317,316,0,0,1
lqr_sysid_csv,37381,320,sample,7,17,10,0,0,0,0,0,-387,317,316,0,0,1
lqr_sysid_csv,37392,320,sample,8,17,10,0,0,0,0,0,-387,317,316,0,0,1
lqr_sysid_csv,37402,320,sample,9,17,10,0,0,0,0,0,-387,317,316,0,0,1
lqr_sysid_csv,37412,320,sample,10,17,0,0,0,0,0,0,-381,317,317,0,0,1
lqr_sysid_csv,37423,320,sample,11,17,0,0,0,0,0,0,-376,317,317,0,0,1
lqr_sysid_csv,37433,320,sample,12,16,-17,0,0,0,0,0,-362,317,317,0,0,1
lqr_sysid_csv,37444,320,sample,13,16,-17,0,0,0,0,0,-355,317,317,0,0,1
lqr_sysid_csv,37455,320,sample,14,15,-73,0,0,0,0,0,-326,317,318,0,0,1
lqr_sysid_csv,37465,320,sample,15,14,-79,0,0,0,0,0,-285,317,318,0,0,1
lqr_sysid_csv,37476,320,sample,16,14,-79,0,0,0,0,0,-273,317,318,0,0,1
lqr_sysid_csv,37486,320,sample,17,14,-79,0,0,0,0,0,-268,317,318,0,0,1
lqr_sysid_csv,37497,320,sample,18,14,-79,0,0,0,0,0,-267,317,318,0,0,1
lqr_sysid_csv,37507,320,sample,19,14,-79,0,0,0,0,0,-267,317,318,0,0,1
lqr_sysid_csv,37518,320,sample,20,10,-101,0,0,0,0,0,-207,317,320,0,0,1
lqr_sysid_csv,37528,320,sample,21,10,-101,0,0,0,0,0,-202,317,320,0,0,1
lqr_sysid_csv,37539,320,sample,22,6,-107,0,0,0,0,0,-165,317,322,0,0,1
lqr_sysid_csv,37550,320,sample,23,6,-107,0,0,0,0,0,-162,317,322,0,0,1
lqr_sysid_csv,37560,320,sample,24,6,-107,0,0,0,0,0,-160,317,322,0,0,1
lqr_sysid_csv,37571,320,sample,25,6,-107,0,0,0,0,0,-160,317,322,0,0,1
lqr_sysid_csv,37581,320,sample,26,2,-62,0,0,0,0,0,-137,317,324,0,0,1
lqr_sysid_csv,37592,320,sample,27,2,-62,0,0,0,0,0,-156,317,324,0,0,1
lqr_sysid_csv,37602,320,sample,28,1,-45,0,0,0,0,0,-154,317,325,0,0,1
lqr_sysid_csv,37612,320,sample,29,1,-45,0,0,0,0,0,-163,317,325,0,0,1
lqr_sysid_csv,37623,320,sample,30,1,-45,0,0,0,0,0,-166,317,325,0,0,1
lqr_sysid_csv,37633,320,sample,31,1,-45,0,0,0,0,0,-167,317,325,0,0,1
lqr_sysid_csv,37643,320,sample,32,1,-72,0,0,0,0,0,245,317,325,0,0,1
lqr_sysid_csv,37653,320,sample,33,1,-50,0,0,0,0,0,240,317,325,0,0,1
lqr_sysid_csv,37663,320,sample,34,1,-50,0,0,0,0,0,238,317,325,0,0,1
lqr_sysid_csv,37673,320,sample,35,1,-45,0,0,0,0,0,238,317,325,0,0,1
lqr_sysid_csv,37683,320,sample,36,1,-45,0,0,0,0,0,235,317,325,0,0,1
lqr_sysid_csv,37693,320,sample,37,1,-45,0,0,0,0,0,234,317,325,0,0,1
lqr_sysid_csv,37703,320,sample,38,1,-45,0,0,0,0,0,233,317,325,0,0,1
lqr_sysid_csv,37714,320,sample,39,1,-45,0,0,0,0,0,233,317,325,0,0,1
lqr_sysid_csv,37724,320,sample,40,4,10,0,0,0,0,0,182,317,323,0,0,1
lqr_sysid_csv,37734,320,sample,41,4,10,0,0,0,0,0,158,317,323,0,0,1
lqr_sysid_csv,37744,320,sample,42,4,10,0,0,0,0,0,150,317,323,0,0,1
lqr_sysid_csv,37754,320,sample,43,4,10,0,0,0,0,0,148,317,323,0,0,1
lqr_sysid_csv,37764,320,sample,44,4,10,0,0,0,0,0,147,317,323,0,0,1
lqr_sysid_csv,37774,320,sample,45,4,10,0,0,0,0,0,147,317,323,0,0,1
lqr_sysid_csv,37784,320,sample,46,4,10,0,0,0,0,0,146,317,323,0,0,1
lqr_sysid_csv,37794,320,sample,47,4,10,0,0,0,0,0,146,317,323,0,0,1
lqr_sysid_csv,37804,320,sample,48,4,10,0,0,0,0,0,146,317,323,0,0,1
lqr_sysid_csv,37814,320,sample,49,4,10,0,0,0,0,0,146,317,323,0,0,1
lqr_sysid_csv,37824,320,sample,50,4,10,0,0,0,0,0,146,317,323,0,0,1
lqr_sysid_csv,37834,320,sample,51,4,10,0,0,0,0,0,146,317,323,0,0,1
lqr_sysid_csv,37844,320,sample,52,4,10,0,0,0,0,0,146,317,323,0,0,1
lqr_sysid_csv,37855,320,sample,53,4,10,0,0,0,0,0,145,317,323,0,0,1
lqr_sysid_csv,37865,320,sample,54,4,10,0,0,0,0,0,145,317,323,0,0,1
lqr_sysid_csv,37875,320,sample,55,8,67,0,0,0,0,0,64,317,321,0,0,1
lqr_sysid_csv,37885,320,sample,56,8,67,0,0,0,0,0,52,317,321,0,0,1
lqr_sysid_csv,37895,320,sample,57,8,67,0,0,0,0,0,48,317,321,0,0,1
lqr_sysid_csv,37905,320,sample,58,8,67,0,0,0,0,0,47,317,321,0,0,1
lqr_sysid_csv,37915,320,sample,59,8,99,0,0,0,0,0,23,317,321,0,0,1
lqr_sysid_csv,37925,320,sample,60,8,88,0,0,0,0,0,22,317,321,0,0,1
lqr_sysid_csv,37935,320,sample,61,9,120,0,0,0,0,0,-1,317,321,0,0,1
lqr_sysid_csv,37945,320,sample,62,9,83,0,0,0,0,0,10,317,322,0,0,1
lqr_sysid_csv,37955,320,sample,63,9,99,0,0,0,0,0,7,317,322,0,0,1
lqr_sysid_csv,37965,320,sample,64,10,94,0,0,0,0,0,-399,317,322,0,0,1
lqr_sysid_csv,37976,320,sample,65,15,67,0,0,0,0,0,-432,317,319,0,0,1
lqr_sysid_csv,37986,320,sample,66,15,22,0,0,0,0,0,-425,317,319,0,0,1
lqr_sysid_csv,37997,320,sample,67,15,22,0,0,0,0,0,-395,317,319,0,0,1
lqr_sysid_csv,38007,320,sample,68,16,17,0,0,0,0,0,-384,318,319,0,0,1
lqr_sysid_csv,38018,320,sample,69,16,17,0,0,0,0,0,-379,318,319,0,0,1
lqr_sysid_csv,38028,320,sample,70,14,-50,0,0,0,0,0,-356,318,320,0,0,1
lqr_sysid_csv,38039,320,sample,71,14,-50,0,0,0,0,0,-316,318,320,0,0,1
lqr_sysid_csv,38049,320,sample,72,15,-28,0,0,0,0,0,-318,318,320,0,0,1
lqr_sysid_csv,38060,320,sample,73,15,-28,0,0,0,0,0,-324,318,320,0,0,1
lqr_sysid_csv,38070,320,sample,74,13,-28,0,0,0,0,0,-298,319,322,0,0,1
lqr_sysid_csv,38081,320,sample,75,12,-22,0,0,0,0,0,-293,319,322,0,0,1
lqr_sysid_csv,38092,320,sample,76,12,-28,0,0,0,0,0,-297,319,322,0,0,1
lqr_sysid_csv,38102,320,sample,77,12,-28,0,0,0,0,0,-297,319,322,0,0,1
lqr_sysid_csv,38112,320,sample,78,10,-11,0,0,0,0,0,-288,319,323,0,0,1
lqr_sysid_csv,38123,320,sample,79,11,-62,0,0,0,0,0,-283,319,323,0,0,1
lqr_sysid_csv,38133,320,sample,80,11,-94,0,0,0,0,0,-242,319,323,0,0,1
lqr_sysid_csv,38144,320,sample,81,8,-93,0,0,0,0,0,-196,319,324,0,0,1
lqr_sysid_csv,38154,320,sample,82,8,-61,0,0,0,0,0,-206,319,324,0,0,1
lqr_sysid_csv,38165,320,sample,83,7,-61,0,0,0,0,0,-215,319,324,0,0,1
lqr_sysid_csv,38175,320,sample,84,7,-9,0,0,0,0,0,-213,319,324,0,0,1
lqr_sysid_csv,38186,320,sample,85,7,17,0,0,0,0,0,-255,319,324,0,0,1
lqr_sysid_csv,38201,320,sample,86,7,44,0,0,0,0,0,-317,319,324,0,0,1
lqr_sysid_csv,38211,320,sample,87,7,44,0,0,0,0,0,-321,319,324,0,0,1
lqr_sysid_csv,38221,320,sample,88,7,44,0,0,0,0,0,-323,319,324,0,0,1
lqr_sysid_csv,38231,320,sample,89,7,44,0,0,0,0,0,-323,319,324,0,0,1
lqr_sysid_csv,38241,320,sample,90,7,44,0,0,0,0,0,-324,319,324,0,0,1
lqr_sysid_csv,38251,320,sample,91,7,44,0,0,0,0,0,-324,319,324,0,0,1
lqr_sysid_csv,38261,320,sample,92,7,44,0,0,0,0,0,-324,319,324,0,0,1
lqr_sysid_csv,38271,320,sample,93,7,44,0,0,0,0,0,-324,319,324,0,0,1
lqr_sysid_csv,38281,320,sample,94,7,44,0,0,0,0,0,-324,319,324,0,0,1
lqr_sysid_csv,38292,320,sample,95,7,44,0,0,0,0,0,-324,319,324,0,0,1
lqr_sysid_csv,38302,320,sample,96,7,44,0,0,0,0,0,-324,319,324,0,0,1
lqr_sysid_csv,38312,320,sample,97,11,22,0,0,0,0,0,-349,319,322,0,0,1
lqr_sysid_csv,38323,320,sample,98,11,22,0,0,0,0,0,-339,319,322,0,0,1
lqr_sysid_csv,38333,320,sample,99,11,22,0,0,0,0,0,-336,319,322,0,0,1
lqr_sysid_csv,38344,320,sample,100,11,43,0,0,0,0,0,-351,319,322,0,0,1
lqr_sysid_csv,38354,320,sample,101,11,10,0,0,0,0,0,-337,319,322,0,0,1
lqr_sysid_csv,38365,320,sample,102,11,10,0,0,0,0,0,-328,319,322,0,0,1
lqr_sysid_csv,38375,320,sample,103,11,16,0,0,0,0,0,-327,319,322,0,0,1
lqr_sysid_csv,38386,320,sample,104,11,0,0,0,0,0,0,-318,319,322,0,0,1
lqr_sysid_csv,38397,320,sample,105,11,0,0,0,0,0,0,-313,319,322,0,0,1
lqr_sysid_csv,38407,320,sample,106,10,-22,0,0,0,0,0,-301,319,322,0,0,1
lqr_sysid_csv,38418,320,sample,107,10,0,0,0,0,0,0,-293,319,323,0,0,1
lqr_sysid_csv,38428,320,sample,108,10,-5,0,0,0,0,0,-296,319,323,0,0,1
lqr_sysid_csv,38439,320,sample,109,10,-5,0,0,0,0,0,-296,319,323,0,0,1
lqr_sysid_csv,38449,320,sample,110,10,-5,0,0,0,0,0,-296,319,323,0,0,1
lqr_sysid_csv,38460,320,sample,111,10,-38,0,0,0,0,0,-276,319,322,0,0,1
lqr_sysid_csv,38470,320,sample,112,10,-11,0,0,0,0,0,-281,319,322,0,0,1
lqr_sysid_csv,38481,320,sample,113,10,-5,0,0,0,0,0,-290,319,322,0,0,1
lqr_sysid_csv,38497,320,sample,114,9,21,0,0,0,0,0,-309,319,323,0,0,1
lqr_sysid_csv,38508,320,sample,115,9,16,0,0,0,0,0,-315,319,323,0,0,1
lqr_sysid_csv,38518,320,sample,116,9,16,0,0,0,0,0,-310,319,323,0,0,1
lqr_sysid_csv,38529,320,sample,117,9,10,0,0,0,0,0,-309,319,323,0,0,1
lqr_sysid_csv,38539,320,sample,118,9,10,0,0,0,0,0,-309,319,323,0,0,1
lqr_sysid_csv,38549,320,sample,119,9,10,0,0,0,0,0,-309,319,323,0,0,1
lqr_sysid_csv,38560,320,sample,120,9,10,0,0,0,0,0,-309,319,323,0,0,1
lqr_sysid_csv,38570,320,sample,121,9,5,0,0,0,0,0,-307,319,323,0,0,1
lqr_sysid_csv,38581,320,sample,122,9,-15,0,0,0,0,0,-289,319,323,0,0,1
lqr_sysid_csv,38591,320,sample,123,9,10,0,0,0,0,0,-301,319,323,0,0,1
lqr_sysid_csv,38602,320,sample,124,9,10,0,0,0,0,0,-305,319,323,0,0,1
lqr_sysid_csv,38612,320,sample,125,10,33,0,0,0,0,0,-320,319,322,0,0,1
lqr_sysid_csv,38623,320,sample,126,10,33,0,0,0,0,0,66,319,322,0,0,1
lqr_sysid_csv,38633,320,sample,127,10,33,0,0,0,0,0,63,319,322,0,0,1
lqr_sysid_csv,38643,320,sample,128,10,33,0,0,0,0,0,62,319,322,0,0,1
lqr_sysid_csv,38653,320,sample,129,10,33,0,0,0,0,0,61,319,322,0,0,1
lqr_sysid_csv,38664,320,sample,130,10,33,0,0,0,0,0,61,319,322,0,0,1
lqr_sysid_csv,38674,320,sample,131,10,33,0,0,0,0,0,63,319,322,0,0,1
lqr_sysid_csv,38685,320,sample,132,10,43,0,0,0,0,0,55,319,322,0,0,1
lqr_sysid_csv,38695,320,sample,133,10,21,0,0,0,0,0,69,319,322,0,0,1
lqr_sysid_csv,38705,320,sample,134,10,16,0,0,0,0,0,74,319,322,0,0,1
lqr_sysid_csv,38715,320,sample,135,10,10,0,0,0,0,0,79,319,322,0,0,1
lqr_sysid_csv,38725,320,sample,136,10,10,0,0,0,0,0,81,319,322,0,0,1
lqr_sysid_csv,38736,320,sample,137,10,10,0,0,0,0,0,82,319,322,0,0,1
lqr_sysid_csv,38746,320,sample,138,10,10,0,0,0,0,0,83,319,322,0,0,1
lqr_sysid_csv,38756,320,sample,139,10,10,0,0,0,0,0,83,319,322,0,0,1
lqr_sysid_csv,38766,320,sample,140,10,10,0,0,0,0,0,83,319,322,0,0,1
lqr_sysid_csv,38776,320,sample,141,10,10,0,0,0,0,0,83,319,322,0,0,1
lqr_sysid_csv,38787,320,sample,142,10,10,0,0,0,0,0,83,319,322,0,0,1
lqr_sysid_csv,38797,320,sample,143,10,10,0,0,0,0,0,83,319,322,0,0,1
lqr_sysid_csv,38808,320,sample,144,10,10,0,0,0,0,0,83,319,322,0,0,1
lqr_sysid_csv,38818,320,sample,145,10,10,0,0,0,0,0,83,319,322,0,0,1
lqr_sysid_csv,38828,320,sample,146,10,10,0,0,0,0,0,83,319,322,0,0,1
lqr_sysid_csv,38838,320,sample,147,10,10,0,0,0,0,0,83,319,322,0,0,1
lqr_sysid_csv,38848,320,sample,148,10,10,0,0,0,0,0,83,319,322,0,0,1
lqr_sysid_csv,38858,320,sample,149,10,10,0,0,0,0,0,83,319,322,0,0,1
lqr_sysid_csv,38869,320,sample,150,10,10,0,0,0,0,0,83,319,322,0,0,1
lqr_sysid_csv,38879,320,sample,151,10,10,0,0,0,0,0,83,319,322,0,0,1
lqr_sysid_csv,38890,320,sample,152,10,10,0,0,0,0,0,83,319,322,0,0,1
lqr_sysid_csv,38900,320,sample,153,10,10,0,0,0,0,0,83,319,322,0,0,1
lqr_sysid_csv,38911,320,sample,154,10,10,0,0,0,0,0,83,319,322,0,0,1
lqr_sysid_csv,38921,320,sample,155,10,10,0,0,0,0,0,83,319,322,0,0,1
lqr_sysid_csv,38932,320,sample,156,10,10,0,0,0,0,0,83,319,322,0,0,1
lqr_sysid_csv,38942,320,sample,157,10,10,0,0,0,0,0,83,319,322,0,0,1
lqr_sysid_csv,38953,320,sample,158,10,10,0,0,0,0,0,-316,319,322,0,0,1
lqr_sysid_csv,38963,320,sample,159,10,10,0,0,0,0,0,-316,319,322,0,0,1
lqr_sysid_csv,38974,320,sample,160,10,10,0,0,0,0,0,-316,319,322,0,0,1
lqr_sysid_csv,38984,320,sample,161,10,10,0,0,0,0,0,-316,319,322,0,0,1
lqr_sysid_csv,38995,320,sample,162,10,10,0,0,0,0,0,-316,319,322,0,0,1
lqr_sysid_csv,39006,320,sample,163,10,10,0,0,0,0,0,-316,319,322,0,0,1
lqr_sysid_csv,39016,320,sample,164,10,10,0,0,0,0,0,-316,319,322,0,0,1
lqr_sysid_csv,39027,320,sample,165,10,10,0,0,0,0,0,-316,319,322,0,0,1
lqr_sysid_csv,39037,320,sample,166,10,10,0,0,0,0,0,-316,319,322,0,0,1
lqr_sysid_csv,39048,320,sample,167,10,10,0,0,0,0,0,-316,319,322,0,0,1
lqr_sysid_csv,39059,320,sample,168,10,10,0,0,0,0,0,-316,319,322,0,0,1
lqr_sysid_csv,39069,320,sample,169,10,10,0,0,0,0,0,-316,319,322,0,0,1
lqr_sysid_csv,39080,320,sample,170,10,10,0,0,0,0,0,-316,319,322,0,0,1
lqr_sysid_csv,39090,320,sample,171,10,10,0,0,0,0,0,-316,319,322,0,0,1
lqr_sysid_csv,39101,320,sample,172,10,10,0,0,0,0,0,-316,319,322,0,0,1
lqr_sysid_csv,39112,320,sample,173,10,10,0,0,0,0,0,-316,319,322,0,0,1
lqr_sysid_csv,39129,320,sample,174,10,10,0,0,0,0,0,-316,319,322,0,0,1
lqr_sysid_csv,39139,320,sample,175,10,10,0,0,0,0,0,-316,319,322,0,0,1
lqr_sysid_csv,39150,320,sample,176,10,10,0,0,0,0,0,-316,319,322,0,0,1
lqr_sysid_csv,39161,320,sample,177,10,10,0,0,0,0,0,-316,319,322,0,0,1
lqr_sysid_csv,39172,320,sample,178,10,10,0,0,0,0,0,-316,319,322,0,0,1
lqr_sysid_csv,39183,320,sample,179,10,10,0,0,0,0,0,-316,319,322,0,0,1
lqr_sysid_csv,39193,320,sample,180,10,10,0,0,0,0,0,-316,319,322,0,0,1
lqr_sysid_csv,39204,320,sample,181,10,10,0,0,0,0,0,-316,319,322,0,0,1
lqr_sysid_csv,39215,320,sample,182,10,10,0,0,0,0,0,-316,319,322,0,0,1
lqr_sysid_csv,39225,320,sample,183,10,10,0,0,0,0,0,-316,319,322,0,0,1
lqr_sysid_csv,39235,320,sample,184,10,10,0,0,0,0,0,-316,319,322,0,0,1
lqr_sysid_csv,39246,320,sample,185,10,10,0,0,0,0,0,-316,319,322,0,0,1
lqr_sysid_csv,39257,320,sample,186,10,10,0,0,0,0,0,-316,319,322,0,0,1
lqr_sysid_csv,39267,320,sample,187,10,10,0,0,0,0,0,-316,319,322,0,0,1
lqr_sysid_csv,39277,320,sample,188,10,10,0,0,0,0,0,-316,319,322,0,0,1
lqr_sysid_csv,39288,320,sample,189,10,10,0,0,0,0,0,-316,319,322,0,0,1
lqr_sysid_csv,39298,320,sample,190,10,10,0,0,0,0,0,-316,319,322,0,0,1
lqr_sysid_csv,39308,320,sample,191,10,10,0,0,0,0,0,-316,319,322,0,0,1
lqr_sysid_csv,39319,320,sample,192,10,10,0,0,0,0,0,-316,319,322,0,0,1
lqr_sysid_csv,39329,320,sample,193,10,10,0,0,0,0,0,-316,319,322,0,0,1
lqr_sysid_csv,39339,320,sample,194,10,10,0,0,0,0,0,-316,319,322,0,0,1
lqr_sysid_csv,39350,320,sample,195,10,10,0,0,0,0,0,-316,319,322,0,0,1
lqr_sysid_csv,39360,320,sample,196,10,10,0,0,0,0,0,-316,319,322,0,0,1
lqr_sysid_csv,39371,320,sample,197,10,10,0,0,0,0,0,-316,319,322,0,0,1
lqr_sysid_csv,39382,320,sample,198,10,10,0,0,0,0,0,-316,319,322,0,0,1
lqr_sysid_csv,39393,320,sample,199,10,10,0,0,0,0,0,-316,319,322,0,0,1
lqr_sysid_csv,39403,320,sample,200,10,10,0,0,0,0,0,-316,319,322,0,0,1
lqr_sysid_csv,39414,320,sample,201,10,10,0,0,0,0,0,-316,319,322,0,0,1
lqr_sysid_csv,39424,320,sample,202,10,10,0,0,0,0,0,-316,319,322,0,0,1
lqr_sysid_csv,39441,320,sample,203,10,10,0,0,0,0,0,-316,319,322,0,0,1
lqr_sysid_csv,39452,320,sample,204,10,10,0,0,0,0,0,-316,319,322,0,0,1
lqr_sysid_csv,39462,320,sample,205,10,10,0,0,0,0,0,-316,319,322,0,0,1
lqr_sysid_csv,39473,320,sample,206,10,10,0,0,0,0,0,-316,319,322,0,0,1
lqr_sysid_csv,39483,320,sample,207,10,10,0,0,0,0,0,-316,319,322,0,0,1
lqr_sysid_csv,39494,320,sample,208,10,10,0,0,0,0,0,-316,319,322,0,0,1
lqr_sysid_csv,39504,320,sample,209,10,10,0,0,0,0,0,-316,319,322,0,0,1
lqr_sysid_csv,39515,320,sample,210,10,10,0,0,0,0,0,-316,319,322,0,0,1
lqr_sysid_csv,39525,320,sample,211,10,10,0,0,0,0,0,-316,319,322,0,0,1
lqr_sysid_csv,39536,320,sample,212,10,10,0,0,0,0,0,-316,319,322,0,0,1
lqr_sysid_csv,39546,320,sample,213,10,10,0,0,0,0,0,-316,319,322,0,0,1
lqr_sysid_csv,39557,320,sample,214,10,10,0,0,0,0,0,-316,319,322,0,0,1
lqr_sysid_csv,39568,320,sample,215,10,10,0,0,0,0,0,-316,319,322,0,0,1
lqr_sysid_csv,39579,320,sample,216,10,10,0,0,0,0,0,-316,319,322,0,0,1
lqr_sysid_csv,39590,320,sample,217,10,10,0,0,0,0,0,-316,319,322,0,0,1
lqr_sysid_csv,39600,320,sample,218,10,10,0,0,0,0,0,-316,319,322,0,0,1
lqr_sysid_csv,39611,320,sample,219,10,10,0,0,0,0,0,-316,319,322,0,0,1
lqr_sysid_csv,39621,320,sample,220,10,10,0,0,0,0,0,83,319,322,0,0,1
lqr_sysid_csv,39631,320,sample,221,10,10,0,0,0,0,0,83,319,322,0,0,1
lqr_sysid_csv,39641,320,sample,222,10,10,0,0,0,0,0,83,319,322,0,0,1
lqr_sysid_csv,39651,320,sample,223,10,10,0,0,0,0,0,83,319,322,0,0,1
lqr_sysid_csv,39661,320,sample,224,10,10,0,0,0,0,0,83,319,322,0,0,1
lqr_sysid_csv,39671,320,sample,225,10,10,0,0,0,0,0,83,319,322,0,0,1
lqr_sysid_csv,39682,320,sample,226,10,10,0,0,0,0,0,83,319,322,0,0,1
lqr_sysid_csv,39692,320,sample,227,10,10,0,0,0,0,0,83,319,322,0,0,1
lqr_sysid_csv,39703,320,sample,228,10,10,0,0,0,0,0,83,319,322,0,0,1
lqr_sysid_csv,39713,320,sample,229,10,10,0,0,0,0,0,83,319,322,0,0,1
lqr_sysid_csv,39723,320,sample,230,10,10,0,0,0,0,0,83,319,322,0,0,1
lqr_sysid_csv,39733,320,sample,231,10,10,0,0,0,0,0,83,319,322,0,0,1
lqr_sysid_csv,39744,320,sample,232,10,10,0,0,0,0,0,83,319,322,0,0,1
lqr_sysid_csv,39754,320,sample,233,10,10,0,0,0,0,0,83,319,322,0,0,1
lqr_sysid_csv,39764,320,sample,234,10,10,0,0,0,0,0,83,319,322,0,0,1
lqr_sysid_csv,39775,320,sample,235,10,10,0,0,0,0,0,83,319,322,0,0,1
lqr_sysid_csv,39784,320,sample,236,10,10,0,0,0,0,0,83,319,322,0,0,1
lqr_sysid_csv,39795,320,sample,237,10,10,0,0,0,0,0,83,319,322,0,0,1
lqr_sysid_csv,39804,320,sample,238,10,10,0,0,0,0,0,83,319,322,0,0,1
lqr_sysid_csv,39815,320,sample,239,10,10,0,0,0,0,0,83,319,322,0,0,1
lqr_sysid_csv,39825,320,sample,240,10,10,0,0,0,0,0,83,319,322,0,0,1
lqr_sysid_csv,39835,320,sample,241,10,10,0,0,0,0,0,83,319,322,0,0,1
lqr_sysid_csv,39845,320,sample,242,10,10,0,0,0,0,0,83,319,322,0,0,1
lqr_sysid_csv,39855,320,sample,243,10,10,0,0,0,0,0,83,319,322,0,0,1
lqr_sysid_csv,39865,320,sample,244,10,10,0,0,0,0,0,83,319,322,0,0,1
lqr_sysid_csv,39875,320,sample,245,10,10,0,0,0,0,0,83,319,322,0,0,1
lqr_sysid_csv,39886,320,sample,246,10,10,0,0,0,0,0,83,319,322,0,0,1
lqr_sysid_csv,39896,320,sample,247,10,10,0,0,0,0,0,83,319,322,0,0,1
lqr_sysid_csv,39907,320,sample,248,10,10,0,0,0,0,0,83,319,322,0,0,1
lqr_sysid_csv,39917,320,sample,249,10,10,0,0,0,0,0,83,319,322,0,0,1
lqr_sysid_csv,39927,320,sample,250,10,10,0,0,0,0,0,83,319,322,0,0,1
lqr_sysid_csv,39944,320,sample,251,10,10,0,0,0,0,0,-316,319,322,0,0,1
lqr_sysid_csv,39954,320,sample,252,10,10,0,0,0,0,0,-316,319,322,0,0,1
lqr_sysid_csv,39965,320,sample,253,10,10,0,0,0,0,0,-316,319,322,0,0,1
lqr_sysid_csv,39976,320,sample,254,10,10,0,0,0,0,0,-316,319,322,0,0,1
lqr_sysid_csv,39987,320,sample,255,10,10,0,0,0,0,0,-316,319,322,0,0,1
lqr_sysid_csv,39997,320,sample,256,10,10,0,0,0,0,0,-316,319,322,0,0,1
lqr_sysid_csv,40008,320,sample,257,10,10,0,0,0,0,0,-316,319,322,0,0,1
l8,10,10,0,0,0,0,0,-316,319,322,0,0,1
lqr_sysid_csv,40029,320,sample,259,10,10,0,0,0,0,0,-316,319,322,0,0,1
lqr_sysid_csv,40039,320,sample,260,10,10,0,0,0,0,0,-316,319,322,0,0,1
lqr_sysid_csv,40050,320,sample,261,10,10,0,0,0,0,0,-316,319,322,0,0,1
lqr_sysid_csv,40060,320,sample,262,10,10,0,0,0,0,0,-316,319,322,0,0,1
lqr_sysid_csv,40070,320,sample,263,10,10,0,0,0,0,0,-316,319,322,0,0,1
lqr_sysid_csv,40081,320,sample,264,10,10,0,0,0,0,0,-316,319,322,0,0,1
lqr_sysid_csv,40092,320,sample,265,10,10,0,0,0,0,0,-316,319,322,0,0,1
lqr_sysid_csv,40103,320,sample,266,10,10,0,0,0,0,0,-316,319,322,0,0,1
lqr_sysid_csv,40113,320,sample,267,10,10,0,0,0,0,0,-316,319,322,0,0,1
lqr_sysid_csv,40124,320,sample,268,10,10,0,0,0,0,0,-316,319,322,0,0,1
lqr_sysid_csv,40134,320,sample,269,10,10,0,0,0,0,0,-316,319,322,0,0,1
lqr_sysid_csv,40145,320,sample,270,10,10,0,0,0,0,0,-316,319,322,0,0,1
lqr_sysid_csv,40155,320,sample,271,10,10,0,0,0,0,0,-316,319,322,0,0,1
lqr_sysid_csv,40166,320,sample,272,10,10,0,0,0,0,0,-316,319,322,0,0,1
lqr_sysid_csv,40177,320,sample,273,10,10,0,0,0,0,0,-316,319,322,0,0,1
lqr_sysid_csv,40187,320,sample,274,10,10,0,0,0,0,0,-316,319,322,0,0,1
lqr_sysid_csv,40198,320,sample,275,10,10,0,0,0,0,0,-316,319,322,0,0,1
lqr_sysid_csv,40208,320,sample,276,10,10,0,0,0,0,0,-316,319,322,0,0,1
lqr_sysid_csv,40219,320,sample,277,10,10,0,0,0,0,0,-316,319,322,0,0,1
lqr_sysid_csv,40230,320,sample,278,10,10,0,0,0,0,0,-316,319,322,0,0,1
lqr_sysid_csv,40240,320,sample,279,10,10,0,0,0,0,0,-316,319,322,0,0,1
lqr_sysid_csv,40251,320,sample,280,10,10,0,0,0,0,0,-316,319,322,0,0,1
lqr_sysid_csv,40261,320,sample,281,10,10,0,0,0,0,0,-316,319,322,0,0,1
lqr_sysid_csv,40272,320,sample,282,10,10,0,0,0,0,0,-316,319,322,0,0,1
lqr_sysid_csv,40283,320,sample,283,10,10,0,0,0,0,0,83,319,322,0,0,1
lqr_sysid_csv,40293,320,sample,284,10,10,0,0,0,0,0,83,319,322,0,0,1
lqr_sysid_csv,40303,320,sample,285,10,10,0,0,0,0,0,83,319,322,0,0,1
lqr_sysid_csv,40313,320,sample,286,10,10,0,0,0,0,0,83,319,322,0,0,1
lqr_sysid_csv,40324,320,sample,287,10,10,0,0,0,0,0,83,319,322,0,0,1
lqr_sysid_csv,40334,320,sample,288,10,10,0,0,0,0,0,83,319,322,0,0,1
lqr_sysid_csv,40344,320,sample,289,10,10,0,0,0,0,0,83,319,322,0,0,1
lqr_sysid_csv,40354,320,sample,290,10,10,0,0,0,0,0,83,319,322,0,0,1
lqr_sysid_csv,40364,320,sample,291,10,10,0,0,0,0,0,83,319,322,0,0,1
lqr_sysid_csv,40375,320,sample,292,10,10,0,0,0,0,0,83,319,322,0,0,1
lqr_sysid_csv,40385,320,sample,293,10,10,0,0,0,0,0,83,319,322,0,0,1
lqr_sysid_csv,40396,320,sample,294,10,10,0,0,0,0,0,83,319,322,0,0,1
lqr_sysid_csv,40406,320,sample,295,10,10,0,0,0,0,0,83,319,322,0,0,1
lqr_sysid_csv,40416,320,sample,296,10,10,0,0,0,0,0,83,319,322,0,0,1
lqr_sysid_csv,40426,320,sample,297,10,10,0,0,0,0,0,83,319,322,0,0,1
lqr_sysid_csv,40436,320,sample,298,10,10,0,0,0,0,0,83,319,322,0,0,1
lqr_sysid_csv,40446,320,sample,299,10,10,0,0,0,0,0,83,319,322,0,0,1
lqr_sysid_csv,40456,320,sample,300,10,10,0,0,0,0,0,83,319,322,0,0,1
lqr_sysid_csv,40467,320,sample,301,10,10,0,0,0,0,0,83,319,322,0,0,1
lqr_sysid_csv,40477,320,sample,302,10,10,0,0,0,0,0,83,319,322,0,0,1
lqr_sysid_csv,40487,320,sample,303,10,10,0,0,0,0,0,83,319,322,0,0,1
lqr_sysid_csv,40497,320,sample,304,10,10,0,0,0,0,0,83,319,322,0,0,1
lqr_sysid_csv,40507,320,sample,305,10,10,0,0,0,0,0,83,319,322,0,0,1
lqr_sysid_csv,40517,320,sample,306,10,10,0,0,0,0,0,83,319,322,0,0,1
lqr_sysid_csv,40527,320,sample,307,10,10,0,0,0,0,0,83,319,322,0,0,1
lqr_sysid_csv,40538,320,sample,308,10,10,0,0,0,0,0,83,319,322,0,0,1
lqr_sysid_csv,40548,320,sample,309,10,10,0,0,0,0,0,83,319,322,0,0,1
lqr_sysid_csv,40559,320,sample,310,10,10,0,0,0,0,0,83,319,322,0,0,1
lqr_sysid_csv,40569,320,sample,311,10,10,0,0,0,0,0,83,319,322,0,0,1
lqr_sysid_csv,40579,320,sample,312,10,10,0,0,0,0,0,83,319,322,0,0,1
lqr_sysid_csv,40589,320,sample,313,10,10,0,0,0,0,0,83,319,322,0,0,1
lqr_sysid_csv,40600,320,sample,314,10,10,0,0,0,0,0,83,319,322,0,0,1
lqr_sysid_csv,40610,320,sample,315,10,10,0,0,0,0,0,83,319,322,0,0,1
lqr_sysid_csv,40620,320,sample,316,10,10,0,0,0,0,0,83,319,322,0,0,1
lqr_sysid_csv,40631,320,sample,317,10,10,0,0,0,0,0,83,319,322,0,0,1
lqr_sysid_csv,40641,320,sample,318,10,10,0,0,0,0,0,83,319,322,0,0,1
lqr_sysid_csv,40651,320,sample,319,10,10,0,0,0,0,0,83,319,322,0,0,1
lqr_sysid_csv,40662,320,sample,320,10,10,0,0,0,0,0,83,319,322,0,0,1
lqr_sysid_csv,40672,320,sample,321,10,10,0,0,0,0,0,83,319,322,0,0,1
lqr_sysid_csv,40682,320,sample,322,10,10,0,0,0,0,0,83,319,322,0,0,1
lqr_sysid_csv,40692,320,sample,323,10,10,0,0,0,0,0,83,319,322,0,0,1
lqr_sysid_csv,40702,320,sample,324,10,10,0,0,0,0,0,83,319,322,0,0,1
lqr_sysid_csv,40712,320,sample,325,10,10,0,0,0,0,0,83,319,322,0,0,1
lqr_sysid_csv,40722,320,sample,326,10,10,0,0,0,0,0,83,319,322,0,0,1
lqr_sysid_csv,40732,320,sample,327,10,10,0,0,0,0,0,83,319,322,0,0,1
lqr_sysid_csv,40742,320,sample,328,10,10,0,0,0,0,0,83,319,322,0,0,1
lqr_sysid_csv,40752,320,sample,329,10,10,0,0,0,0,0,83,319,322,0,0,1
lqr_sysid_csv,40762,320,sample,330,10,10,0,0,0,0,0,83,319,322,0,0,1
lqr_sysid_csv,40772,320,sample,331,10,10,0,0,0,0,0,83,319,322,0,0,1
lqr_sysid_csv,40783,320,sample,332,10,10,0,0,0,0,0,83,319,322,0,0,1
lqr_sysid_csv,40793,320,sample,333,10,10,0,0,0,0,0,83,319,322,0,0,1
lqr_sysid_csv,40803,320,sample,334,10,10,0,0,0,0,0,83,319,322,0,0,1
lqr_sysid_csv,40813,320,sample,335,10,10,0,0,0,0,0,83,319,322,0,0,1
lqr_sysid_csv,40824,320,sample,336,10,10,0,0,0,0,0,83,319,322,0,0,1
lqr_sysid_csv,40834,320,sample,337,10,10,0,0,0,0,0,83,319,322,0,0,1
lqr_sysid_csv,40844,320,sample,338,10,10,0,0,0,0,0,83,319,322,0,0,1
lqr_sysid_csv,40854,320,sample,339,10,10,0,0,0,0,0,83,319,322,0,0,1
lqr_sysid_csv,40864,320,sample,340,10,10,0,0,0,0,0,83,319,322,0,0,1
lqr_sysid_csv,40875,320,sample,341,10,10,0,0,0,0,0,83,319,322,0,0,1
lqr_sysid_csv,40885,320,sample,342,10,10,0,0,0,0,0,83,319,322,0,0,1
lqr_sysid_csv,40895,320,sample,343,10,10,0,0,0,0,0,83,319,322,0,0,1
lqr_sysid_csv,40905,320,sample,344,10,10,0,0,0,0,0,83,319,322,0,0,1
lqr_sysid_csv,40916,320,sample,345,10,10,0,0,0,0,0,83,319,322,0,0,1
lqr_sysid_csv,40926,320,sample,346,10,10,0,0,0,0,0,83,319,322,0,0,1
lqr_sysid_csv,40936,320,sample,347,10,10,0,0,0,0,0,-316,319,322,0,0,1
lqr_sysid_csv,40947,320,sample,348,10,10,0,0,0,0,0,-316,319,322,0,0,1
lqr_sysid_csv,40957,320,sample,349,10,10,0,0,0,0,0,-316,319,322,0,0,1
lqr_sysid_csv,40968,320,sample,350,10,10,0,0,0,0,0,-316,319,322,0,0,1
lqr_sysid_csv,40978,320,sample,351,10,10,0,0,0,0,0,-316,319,322,0,0,1
lqr_sysid_csv,40989,320,sample,352,10,10,0,0,0,0,0,-316,319,322,0,0,1
lqr_sysid_csv,40999,320,sample,353,10,10,0,0,0,0,0,-316,319,322,0,0,1
lqr_sysid_csv,41010,320,sample,354,10,10,0,0,0,0,0,-316,319,322,0,0,1
lqr_sysid_csv,41020,320,sample,355,10,10,0,0,0,0,0,-316,319,322,0,0,1
lqr_sysid_csv,41031,320,sample,356,10,10,0,0,0,0,0,-316,319,322,0,0,1
lqr_sysid_csv,41041,320,sample,357,10,10,0,0,0,0,0,-316,319,322,0,0,1
lqr_sysid_csv,41052,320,sample,358,10,10,0,0,0,0,0,-316,319,322,0,0,1
lqr_sysid_csv,41063,320,sample,359,10,10,0,0,0,0,0,-316,319,322,0,0,1
lqr_sysid_csv,41073,320,sample,360,10,10,0,0,0,0,0,-316,319,322,0,0,1
lqr_sysid_csv,41084,320,sample,361,10,10,0,0,0,0,0,-316,319,322,0,0,1
lqr_sysid_csv,41095,320,sample,362,10,10,0,0,0,0,0,-316,319,322,0,0,1
lqr_sysid_csv,41111,320,sample,363,10,10,0,0,0,0,0,-316,319,322,0,0,1
lqr_sysid_csv,41122,320,sample,364,10,10,0,0,0,0,0,-316,319,322,0,0,1
lqr_sysid_csv,41132,320,sample,365,10,10,0,0,0,0,0,-316,319,322,0,0,1
lqr_sysid_csv,41142,320,sample,366,10,10,0,0,0,0,0,-316,319,322,0,0,1
lqr_sysid_csv,41160,320,sample,367,10,10,0,0,0,0,0,-316,319,322,0,0,1
lqr_sysid_csv,41170,320,sample,368,10,10,0,0,0,0,0,-316,319,322,0,0,1
lqr_sysid_csv,41188,320,sample,369,10,10,0,0,0,0,0,-316,319,322,0,0,1
lqr_sysid_csv,41198,320,sample,370,10,10,0,0,0,0,0,-316,319,322,0,0,1
lqr_sysid_csv,41209,320,sample,371,10,10,0,0,0,0,0,-316,319,322,0,0,1
lqr_sysid_csv,41220,320,sample,372,10,10,0,0,0,0,0,-316,319,322,0,0,1
lqr_sysid_csv,41230,320,sample,373,10,10,0,0,0,0,0,-316,319,322,0,0,1
lqr_sysid_csv,41241,320,sample,374,10,10,0,0,0,0,0,-316,319,322,0,0,1
lqr_sysid_csv,41251,320,sample,375,10,10,0,0,0,0,0,-316,319,322,0,0,1
lqr_sysid_csv,41262,320,sample,376,10,10,0,0,0,0,0,83,319,322,0,0,1
lqr_sysid_csv,41272,320,sample,377,10,10,0,0,0,0,0,83,319,322,0,0,1
lqr_sysid_csv,41282,320,sample,378,10,10,0,0,0,0,0,83,319,322,0,0,1
lqr_sysid_csv,41292,320,sample,379,10,10,0,0,0,0,0,83,319,322,0,0,1
lqr_sysid_csv,41302,320,sample,380,10,10,0,0,0,0,0,83,319,322,0,0,1
lqr_sysid_csv,41313,320,sample,381,10,10,0,0,0,0,0,83,319,322,0,0,1
lqr_sysid_csv,41323,320,sample,382,10,10,0,0,0,0,0,83,319,322,0,0,1
lqr_sysid_csv,41334,320,sample,383,10,10,0,0,0,0,0,83,319,322,0,0,1
lqr_sysid_csv,41351,320,sample,384,10,10,0,0,0,0,0,83,319,322,0,0,1
lqr_sysid_csv,41361,320,sample,385,10,10,0,0,0,0,0,83,319,322,0,0,1
lqr_sysid_csv,41371,320,sample,386,10,10,0,0,0,0,0,83,319,322,0,0,1
lqr_sysid_csv,41382,320,sample,387,10,10,0,0,0,0,0,83,319,322,0,0,1
lqr_sysid_csv,41392,320,sample,388,10,10,0,0,0,0,0,83,319,322,0,0,1
lqr_sysid_csv,41402,320,sample,389,10,10,0,0,0,0,0,83,319,322,0,0,1
lqr_sysid_csv,41413,320,sample,390,10,10,0,0,0,0,0,83,319,322,0,0,1
lqr_sysid_csv,41423,320,sample,391,10,10,0,0,0,0,0,83,319,322,0,0,1
lqr_sysid_csv,41433,320,sample,392,10,10,0,0,0,0,0,83,319,322,0,0,1
lqr_sysid_csv,41444,320,sample,393,10,10,0,0,0,0,0,83,319,322,0,0,1
lqr_sysid_csv,41454,320,sample,394,10,10,0,0,0,0,0,83,319,322,0,0,1
lqr_sysid_csv,41465,320,sample,395,10,10,0,0,0,0,0,83,319,322,0,0,1
lqr_sysid_csv,41475,320,sample,396,10,10,0,0,0,0,0,83,319,322,0,0,1
lqr_sysid_csv,41486,320,sample,397,10,10,0,0,0,0,0,83,319,322,0,0,1
lqr_sysid_csv,41496,320,sample,398,10,10,0,0,0,0,0,83,319,322,0,0,1
lqr_sysid_csv,41506,320,sample,399,10,10,0,0,0,0,0,83,319,322,0,0,1
lqr_sysid_csv,41516,320,sample,400,10,10,0,0,0,0,0,83,319,322,0,0,1
lqr_sysid_csv,41526,320,sample,401,10,10,0,0,0,0,0,83,319,322,0,0,1
lqr_sysid_csv,41537,320,sample,402,10,10,0,0,0,0,0,83,319,322,0,0,1
lqr_sysid_csv,41547,320,sample,403,10,10,0,0,0,0,0,83,319,322,0,0,1
lqr_sysid_csv,41558,320,sample,404,10,10,0,0,0,0,0,83,319,322,0,0,1
lqr_sysid_csv,41568,320,sample,405,10,10,0,0,0,0,0,83,319,322,0,0,1
lqr_sysid_csv,41578,320,sample,406,10,10,0,0,0,0,0,83,319,322,0,0,1
lqr_sysid_csv,41588,320,sample,407,10,10,0,0,0,0,0,83,319,322,0,0,1
lqr_sysid_csv,41598,320,sample,408,10,10,0,0,0,0,0,83,319,322,0,0,1
lqr_sysid_csv,41609,320,sample,409,10,10,0,0,0,0,0,83,319,322,0,0,1
lqr_sysid_csv,41619,320,sample,410,10,10,0,0,0,0,0,83,319,322,0,0,1
lqr_sysid_csv,41630,320,sample,411,10,10,0,0,0,0,0,83,319,322,0,0,1
lqr_sysid_csv,41640,320,sample,412,10,10,0,0,0,0,0,83,319,322,0,0,1
lqr_sysid_csv,41650,320,sample,413,10,10,0,0,0,0,0,83,319,322,0,0,1
lqr_sysid_csv,41660,320,sample,414,10,10,0,0,0,0,0,83,319,322,0,0,1
lqr_sysid_csv,41670,320,sample,415,10,10,0,0,0,0,0,83,319,322,0,0,1
lqr_sysid_csv,41681,320,sample,416,10,10,0,0,0,0,0,83,319,322,0,0,1
lqr_sysid_csv,41691,320,sample,417,10,10,0,0,0,0,0,83,319,322,0,0,1
lqr_sysid_csv,41702,320,sample,418,10,10,0,0,0,0,0,83,319,322,0,0,1
lqr_sysid_csv,41712,320,sample,419,10,10,0,0,0,0,0,83,319,322,0,0,1
lqr_sysid_csv,41723,320,sample,420,10,10,0,0,0,0,0,83,319,322,0,0,1
lqr_sysid_csv,41733,320,sample,421,10,10,0,0,0,0,0,83,319,322,0,0,1
lqr_sysid_csv,41744,320,sample,422,10,10,0,0,0,0,0,83,319,322,0,0,1
lqr_sysid_csv,41754,320,sample,423,10,10,0,0,0,0,0,83,319,322,0,0,1
lqr_sysid_csv,41764,320,sample,424,10,10,0,0,0,0,0,83,319,322,0,0,1
lqr_sysid_csv,41774,320,sample,425,10,10,0,0,0,0,0,83,319,322,0,0,1
lqr_sysid_csv,41784,320,sample,426,10,10,0,0,0,0,0,83,319,322,0,0,1
lqr_sysid_csv,41795,320,sample,427,10,10,0,0,0,0,0,83,319,322,0,0,1
lqr_sysid_csv,41805,320,sample,428,10,10,0,0,0,0,0,83,319,322,0,0,1
lqr_sysid_csv,41815,320,sample,429,10,10,0,0,0,0,0,83,319,322,0,0,1
lqr_sysid_csv,41826,320,sample,430,10,10,0,0,0,0,0,83,319,322,0,0,1
lqr_sysid_csv,41836,320,sample,431,10,10,0,0,0,0,0,83,319,322,0,0,1
lqr_sysid_csv,41846,320,sample,432,10,10,0,0,0,0,0,83,319,322,0,0,1
lqr_sysid_csv,41856,320,sample,433,10,10,0,0,0,0,0,83,319,322,0,0,1
lqr_sysid_csv,41866,320,sample,434,10,10,0,0,0,0,0,83,319,322,0,0,1
lqr_sysid_csv,41876,320,sample,435,10,10,0,0,0,0,0,83,319,322,0,0,1
lqr_sysid_csv,41887,320,sample,436,10,10,0,0,0,0,0,83,319,322,0,0,1
lqr_sysid_csv,41897,320,sample,437,10,10,0,0,0,0,0,83,319,322,0,0,1
lqr_sysid_csv,41907,320,sample,438,10,10,0,0,0,0,0,83,319,322,0,0,1
lqr_sysid_csv,41918,320,sample,439,10,10,0,0,0,0,0,-316,319,322,0,0,1
lqr_sysid_csv,41928,320,sample,440,10,10,0,0,0,0,0,-316,319,322,0,0,1
lqr_sysid_csv,41939,320,sample,441,10,10,0,0,0,0,0,-316,319,322,0,0,1
lqr_sysid_csv,41949,320,sample,442,10,10,0,0,0,0,0,-316,319,322,0,0,1
lqr_sysid_csv,41960,320,sample,443,10,10,0,0,0,0,0,-316,319,322,0,0,1
lqr_sysid_csv,41970,320,sample,444,10,10,0,0,0,0,0,-316,319,322,0,0,1
lqr_sysid_csv,41981,320,sample,445,10,10,0,0,0,0,0,-316,319,322,0,0,1
lqr_sysid_csv,41992,320,sample,446,10,10,0,0,0,0,0,-316,319,322,0,0,1
lqr_sysid_csv,42002,320,sample,447,10,10,0,0,0,0,0,-316,319,322,0,0,1
lqr_sysid_csv,42013,320,sample,448,10,10,0,0,0,0,0,-316,319,322,0,0,1
lqr_sysid_csv,42024,320,sample,449,10,10,0,0,0,0,0,-316,319,322,0,0,1
lqr_sysid_csv,42035,320,sample,450,10,10,0,0,0,0,0,-316,319,322,0,0,1
lqr_sysid_csv,42045,320,sample,451,10,10,0,0,0,0,0,-316,319,322,0,0,1
lqr_sysid_csv,42056,320,sample,452,10,10,0,0,0,0,0,-316,319,322,0,0,1
lqr_sysid_csv,42066,320,sample,453,10,10,0,0,0,0,0,-316,319,322,0,0,1
lqr_sysid_csv,42077,320,sample,454,10,10,0,0,0,0,0,-316,319,322,0,0,1
lqr_sysid_csv,42087,320,sample,455,10,10,0,0,0,0,0,-316,319,322,0,0,1
lqr_sysid_csv,42098,320,sample,456,10,10,0,0,0,0,0,-316,319,322,0,0,1
lqr_sysid_csv,42108,320,sample,457,10,10,0,0,0,0,0,-316,319,322,0,0,1
lqr_sysid_csv,42119,320,sample,458,10,10,0,0,0,0,0,-316,319,322,0,0,1
lqr_sysid_csv,42129,320,sample,459,10,10,0,0,0,0,0,-316,319,322,0,0,1
lqr_sysid_csv,42140,320,sample,460,10,10,0,0,0,0,0,-316,319,322,0,0,1
lqr_sysid_csv,42150,320,sample,461,10,10,0,0,0,0,0,-316,319,322,0,0,1
lqr_sysid_csv,42161,320,sample,462,10,10,0,0,0,0,0,-316,319,322,0,0,1
lqr_sysid_csv,42171,320,sample,463,10,10,0,0,0,0,0,-316,319,322,0,0,1
lqr_sysid_csv,42182,320,sample,464,10,10,0,0,0,0,0,-316,319,322,0,0,1
lqr_sysid_csv,42192,320,sample,465,10,10,0,0,0,0,0,-316,319,322,0,0,1
lqr_sysid_csv,42202,320,sample,466,10,10,0,0,0,0,0,-316,319,322,0,0,1
lqr_sysid_csv,42213,320,sample,467,10,10,0,0,0,0,0,-316,319,322,0,0,1
lqr_sysid_csv,42229,320,sample,468,10,10,0,0,0,0,0,-316,319,322,0,0,1
lqr_sysid_csv,42240,320,sample,469,10,10,0,0,0,0,0,-316,319,322,0,0,1
lqr_sysid_csv,42250,320,sample,470,10,10,0,0,0,0,0,83,319,322,0,0,1
lqr_sysid_csv,42260,320,sample,471,10,10,0,0,0,0,0,83,319,322,0,0,1
lqr_sysid_csv,42270,320,sample,472,10,10,0,0,0,0,0,83,319,322,0,0,1
lqr_sysid_csv,42280,320,sample,473,10,10,0,0,0,0,0,83,319,322,0,0,1
lqr_sysid_csv,42291,320,sample,474,10,10,0,0,0,0,0,83,319,322,0,0,1
lqr_sysid_csv,42307,320,sample,475,10,10,0,0,0,0,0,83,319,322,0,0,1
lqr_sysid_csv,42317,320,sample,476,10,10,0,0,0,0,0,83,319,322,0,0,1
lqr_sysid_csv,42328,320,sample,477,10,10,0,0,0,0,0,83,319,322,0,0,1
lqr_sysid_csv,42338,320,sample,478,10,10,0,0,0,0,0,83,319,322,0,0,1
lqr_sysid_csv,42348,320,sample,479,10,10,0,0,0,0,0,83,319,322,0,0,1
lqr_sysid_csv,42358,320,sample,480,10,10,0,0,0,0,0,83,319,322,0,0,1
lqr_sysid_csv,42368,320,sample,481,10,10,0,0,0,0,0,83,319,322,0,0,1
lqr_sysid_csv,42378,320,sample,482,10,10,0,0,0,0,0,83,319,322,0,0,1
lqr_sysid_csv,42388,320,sample,483,10,10,0,0,0,0,0,83,319,322,0,0,1
lqr_sysid_csv,42399,320,sample,484,10,10,0,0,0,0,0,83,319,322,0,0,1
lqr_sysid_csv,42410,320,sample,485,10,10,0,0,0,0,0,83,319,322,0,0,1
lqr_sysid_csv,42420,320,sample,486,10,10,0,0,0,0,0,83,319,322,0,0,1
lqr_sysid_csv,42430,320,sample,487,10,10,0,0,0,0,0,83,319,322,0,0,1
lqr_sysid_csv,42440,320,sample,488,10,10,0,0,0,0,0,83,319,322,0,0,1
lqr_sysid_csv,42451,320,sample,489,10,10,0,0,0,0,0,83,319,322,0,0,1
lqr_sysid_csv,42461,320,sample,490,10,10,0,0,0,0,0,83,319,322,0,0,1
lqr_sysid_csv,42471,320,sample,491,10,10,0,0,0,0,0,83,319,322,0,0,1
lqr_sysid_csv,42481,320,sample,492,10,10,0,0,0,0,0,83,319,322,0,0,1
lqr_sysid_csv,42491,320,sample,493,10,10,0,0,0,0,0,83,319,322,0,0,1
lqr_sysid_csv,42501,320,sample,494,10,10,0,0,0,0,0,83,319,322,0,0,1
lqr_sysid_csv,42511,320,sample,495,10,10,0,0,0,0,0,83,319,322,0,0,1
lqr_sysid_csv,42521,320,sample,496,10,10,0,0,0,0,0,83,319,322,0,0,1
lqr_sysid_csv,42531,320,sample,497,10,10,0,0,0,0,0,83,319,322,0,0,1
lqr_sysid_csv,42541,320,sample,498,10,10,0,0,0,0,0,83,319,322,0,0,1
lqr_sysid_csv,42552,320,sample,499,10,10,0,0,0,0,0,83,319,322,0,0,1
lqr_sysid_csv,42562,320,sample,500,10,10,0,0,0,0,0,83,319,322,0,0,1
lqr_sysid_csv,42572,320,sample,501,10,10,0,0,0,0,0,83,319,322,0,0,1
lqr_sysid_csv,42582,320,sample,502,10,10,0,0,0,0,0,83,319,322,0,0,1
lqr_sysid_csv,42592,320,sample,503,10,10,0,0,0,0,0,83,319,322,0,0,1
lqr_sysid_csv,42602,320,sample,504,10,10,0,0,0,0,0,83,319,322,0,0,1
lqr_sysid_csv,42612,320,sample,505,10,10,0,0,0,0,0,83,319,322,0,0,1
lqr_sysid_csv,42623,320,sample,506,10,10,0,0,0,0,0,83,319,322,0,0,1
lqr_sysid_csv,42633,320,sample,507,10,10,0,0,0,0,0,83,319,322,0,0,1
lqr_sysid_csv,42643,320,sample,508,10,10,0,0,0,0,0,83,319,322,0,0,1
lqr_sysid_csv,42653,320,sample,509,10,10,0,0,0,0,0,83,319,322,0,0,1
lqr_sysid_csv,42663,320,sample,510,10,10,0,0,0,0,0,83,319,322,0,0,1
lqr_sysid_csv,42673,320,sample,511,10,10,0,0,0,0,0,83,319,322,0,0,1
lqr_sysid_csv,42683,320,sample,512,10,10,0,0,0,0,0,83,319,322,0,0,1
lqr_sysid_csv,42693,320,sample,513,10,10,0,0,0,0,0,83,319,322,0,0,1
lqr_sysid_csv,42710,320,sample,514,10,10,0,0,0,0,0,83,319,322,0,0,1
lqr_sysid_csv,42720,320,sample,515,10,10,0,0,0,0,0,83,319,322,0,0,1
lqr_sysid_csv,42730,320,sample,516,10,10,0,0,0,0,0,83,319,322,0,0,1
lqr_sysid_csv,42740,320,sample,517,10,10,0,0,0,0,0,83,319,322,0,0,1
lqr_sysid_csv,42750,320,sample,518,10,10,0,0,0,0,0,83,319,322,0,0,1
lqr_sysid_csv,42760,320,sample,519,10,10,0,0,0,0,0,83,319,322,0,0,1
lqr_sysid_csv,42770,320,sample,520,10,10,0,0,0,0,0,83,319,322,0,0,1
lqr_sysid_csv,42780,320,sample,521,10,10,0,0,0,0,0,83,319,322,0,0,1
lqr_sysid_csv,42791,320,sample,522,10,10,0,0,0,0,0,83,319,322,0,0,1
lqr_sysid_csv,42801,320,sample,523,10,10,0,0,0,0,0,83,319,322,0,0,1
lqr_sysid_csv,42811,320,sample,524,10,10,0,0,0,0,0,83,319,322,0,0,1
lqr_sysid_csv,42821,320,sample,525,10,10,0,0,0,0,0,83,319,322,0,0,1
lqr_sysid_csv,42832,320,sample,526,10,10,0,0,0,0,0,83,319,322,0,0,1
lqr_sysid_csv,42842,320,sample,527,10,10,0,0,0,0,0,83,319,322,0,0,1
lqr_sysid_csv,42852,320,sample,528,10,10,0,0,0,0,0,83,319,322,0,0,1
lqr_sysid_csv,42863,320,sample,529,10,10,0,0,0,0,0,83,319,322,0,0,1
lqr_sysid_csv,42873,320,sample,530,10,10,0,0,0,0,0,83,319,322,0,0,1
lqr_sysid_csv,42883,320,sample,531,10,10,0,0,0,0,0,83,319,322,0,0,1
lqr_sysid_csv,42894,320,sample,532,10,10,0,0,0,0,0,-316,319,322,0,0,1
lqr_sysid_csv,42904,320,sample,533,10,10,0,0,0,0,0,-316,319,322,0,0,1
lqr_sysid_csv,42915,320,sample,534,10,10,0,0,0,0,0,-316,319,322,0,0,1
lqr_sysid_csv,42925,320,sample,535,10,10,0,0,0,0,0,-316,319,322,0,0,1
lqr_sysid_csv,42936,320,sample,536,10,10,0,0,0,0,0,-316,319,322,0,0,1
lqr_sysid_csv,42947,320,sample,537,10,10,0,0,0,0,0,-316,319,322,0,0,1
lqr_sysid_csv,42964,320,sample,538,10,10,0,0,0,0,0,-316,319,322,0,0,1
lqr_sysid_csv,42974,320,sample,539,10,10,0,0,0,0,0,-316,319,322,0,0,1
lqr_sysid_csv,42985,320,sample,540,10,10,0,0,0,0,0,-316,319,322,0,0,1
lqr_sysid_csv,42995,320,sample,541,10,10,0,0,0,0,0,-316,319,322,0,0,1
lqr_sysid_csv,43006,320,sample,542,10,10,0,0,0,0,0,-316,319,322,0,0,1
lqr_sysid_csv,43017,320,sample,543,10,10,0,0,0,0,0,-316,319,322,0,0,1
lqr_sysid_csv,43027,320,sample,544,10,10,0,0,0,0,0,-316,319,322,0,0,1
lqr_sysid_csv,43038,320,sample,545,10,10,0,0,0,0,0,-316,319,322,0,0,1
lqr_sysid_csv,43048,320,sample,546,10,10,0,0,0,0,0,-316,319,322,0,0,1
lqr_sysid_csv,43064,320,sample,547,10,10,0,0,0,0,0,-316,319,322,0,0,1
lqr_sysid_csv,43075,320,sample,548,10,10,0,0,0,0,0,-316,319,322,0,0,1
lqr_sysid_csv,43085,320,sample,549,10,10,0,0,0,0,0,-316,319,322,0,0,1
lqr_sysid_csv,43095,320,sample,550,10,10,0,0,0,0,0,-316,319,322,0,0,1
lqr_sysid_csv,43106,320,sample,551,10,10,0,0,0,0,0,-316,319,322,0,0,1
lqr_sysid_csv,43117,320,sample,552,10,10,0,0,0,0,0,-316,319,322,0,0,1
lqr_sysid_csv,43128,320,sample,553,10,10,0,0,0,0,0,-316,319,322,0,0,1
lqr_sysid_csv,43139,320,sample,554,10,10,0,0,0,0,0,-316,319,322,0,0,1
lqr_sysid_csv,43149,320,sample,555,10,10,0,0,0,0,0,-316,319,322,0,0,1
lqr_sysid_csv,43159,320,sample,556,10,10,0,0,0,0,0,-316,319,322,0,0,1
lqr_sysid_csv,43176,320,sample,557,10,10,0,0,0,0,0,-316,319,322,0,0,1
lqr_sysid_csv,43187,320,sample,558,10,10,0,0,0,0,0,-316,319,322,0,0,1
lqr_sysid_csv,43197,320,sample,559,10,10,0,0,0,0,0,-316,319,322,0,0,1
lqr_sysid_csv,43208,320,sample,560,10,10,0,0,0,0,0,-316,319,322,0,0,1
lqr_sysid_csv,43218,320,sample,561,10,10,0,0,0,0,0,83,319,322,0,0,1
lqr_sysid_csv,43229,320,sample,562,10,10,0,0,0,0,0,83,319,322,0,0,1
lqr_sysid_csv,43244,320,sample,563,10,10,0,0,0,0,0,83,319,322,0,0,1
lqr_sysid_csv,43255,320,sample,564,10,10,0,0,0,0,0,83,319,322,0,0,1
lqr_sysid_csv,43265,320,sample,565,10,10,0,0,0,0,0,83,319,322,0,0,1
lqr_sysid_csv,43275,320,sample,566,10,10,0,0,0,0,0,83,319,322,0,0,1
lqr_sysid_csv,43286,320,sample,567,10,10,0,0,0,0,0,83,319,322,0,0,1
lqr_sysid_csv,43296,320,sample,568,10,10,0,0,0,0,0,83,319,322,0,0,1
lqr_sysid_csv,43307,320,sample,569,10,10,0,0,0,0,0,83,319,322,0,0,1
lqr_sysid_csv,43317,320,sample,570,10,10,0,0,0,0,0,83,319,322,0,0,1
lqr_sysid_csv,43327,320,sample,571,10,10,0,0,0,0,0,83,319,322,0,0,1
lqr_sysid_csv,43337,320,sample,572,10,10,0,0,0,0,0,83,319,322,0,0,1
lqr_sysid_csv,43347,320,sample,573,10,10,0,0,0,0,0,83,319,322,0,0,1
lqr_sysid_csv,43358,320,sample,574,10,10,0,0,0,0,0,83,319,322,0,0,1
lqr_sysid_csv,43369,320,sample,575,10,10,0,0,0,0,0,83,319,322,0,0,1
lqr_sysid_csv,43379,320,sample,576,10,10,0,0,0,0,0,83,319,322,0,0,1
lqr_sysid_csv,43389,320,sample,577,10,10,0,0,0,0,0,83,319,322,0,0,1
lqr_sysid_csv,43400,320,sample,578,10,10,0,0,0,0,0,83,319,322,0,0,1
lqr_sysid_csv,43416,320,sample,579,10,10,0,0,0,0,0,83,319,322,0,0,1
lqr_sysid_csv,43427,320,sample,580,10,10,0,0,0,0,0,83,319,322,0,0,1
lqr_sysid_csv,43437,320,sample,581,10,10,0,0,0,0,0,83,319,322,0,0,1
lqr_sysid_csv,43447,320,sample,582,10,10,0,0,0,0,0,83,319,322,0,0,1
lqr_sysid_csv,43457,320,sample,583,10,10,0,0,0,0,0,83,319,322,0,0,1
lqr_sysid_csv,43467,320,sample,584,10,10,0,0,0,0,0,83,319,322,0,0,1
lqr_sysid_csv,43478,320,sample,585,10,10,0,0,0,0,0,83,319,322,0,0,1
lqr_sysid_csv,43488,320,sample,586,10,10,0,0,0,0,0,83,319,322,0,0,1
lqr_sysid_csv,43497,320,sample,587,10,10,0,0,0,0,0,83,319,322,0,0,1
lqr_sysid_csv,43508,320,sample,588,10,10,0,0,0,0,0,83,319,322,0,0,1
lqr_sysid_csv,43517,320,sample,589,10,10,0,0,0,0,0,83,319,322,0,0,1
lqr_sysid_csv,43528,320,sample,590,10,10,0,0,0,0,0,83,319,322,0,0,1
lqr_sysid_csv,43538,320,sample,591,10,10,0,0,0,0,0,83,319,322,0,0,1
lqr_sysid_csv,43548,320,sample,592,10,10,0,0,0,0,0,83,319,322,0,0,1
lqr_sysid_csv,43558,320,sample,593,10,10,0,0,0,0,0,83,319,322,0,0,1
lqr_sysid_csv,43569,320,sample,594,10,10,0,0,0,0,0,83,319,322,0,0,1
lqr_sysid_csv,43579,320,sample,595,10,10,0,0,0,0,0,83,319,322,0,0,1
lqr_sysid_csv,43589,320,sample,596,10,10,0,0,0,0,0,83,319,322,0,0,1
lqr_sysid_csv,43599,320,sample,597,10,10,0,0,0,0,0,83,319,322,0,0,1
lqr_sysid_csv,43609,320,sample,598,10,10,0,0,0,0,0,83,319,322,0,0,1
lqr_sysid_csv,43619,320,sample,599,10,10,0,0,0,0,0,83,319,322,0,0,1
lqr_sysid_csv,43629,320,sample,600,10,10,0,0,0,0,0,83,319,322,0,0,1
lqr_sysid_csv,43639,320,sample,601,10,10,0,0,0,0,0,83,319,322,0,0,1
lqr_sysid_csv,43649,320,sample,602,10,10,0,0,0,0,0,83,319,322,0,0,1
lqr_sysid_csv,43659,320,sample,603,10,10,0,0,0,0,0,83,319,322,0,0,1
lqr_sysid_csv,43669,320,sample,604,10,10,0,0,0,0,0,83,319,322,0,0,1
lqr_sysid_csv,43679,320,sample,605,10,10,0,0,0,0,0,83,319,322,0,0,1
lqr_sysid_csv,43689,320,sample,606,10,10,0,0,0,0,0,83,319,322,0,0,1
lqr_sysid_csv,43699,320,sample,607,10,10,0,0,0,0,0,83,319,322,0,0,1
lqr_sysid_csv,43709,320,sample,608,10,10,0,0,0,0,0,83,319,322,0,0,1
lqr_sysid_csv,43720,320,sample,609,10,10,0,0,0,0,0,83,319,322,0,0,1
lqr_sysid_csv,43730,320,sample,610,10,10,0,0,0,0,0,83,319,322,0,0,1
lqr_sysid_csv,43740,320,sample,611,10,10,0,0,0,0,0,83,319,322,0,0,1
lqr_sysid_csv,43751,320,sample,612,10,10,0,0,0,0,0,83,319,322,0,0,1
lqr_sysid_csv,43761,320,sample,613,10,10,0,0,0,0,0,83,319,322,0,0,1
lqr_sysid_csv,43771,320,sample,614,10,10,0,0,0,0,0,83,319,322,0,0,1
lqr_sysid_csv,43781,320,sample,615,10,10,0,0,0,0,0,83,319,322,0,0,1
lqr_sysid_csv,43791,320,sample,616,10,10,0,0,0,0,0,83,319,322,0,0,1
lqr_sysid_csv,43802,320,sample,617,10,10,0,0,0,0,0,83,319,322,0,0,1
lqr_sysid_csv,43812,320,sample,618,10,10,0,0,0,0,0,83,319,322,0,0,1
lqr_sysid_csv,43823,320,sample,619,10,10,0,0,0,0,0,83,319,322,0,0,1
lqr_sysid_csv,43833,320,sample,620,10,10,0,0,0,0,0,83,319,322,0,0,1
lqr_sysid_csv,43844,320,sample,621,10,10,0,0,0,0,0,83,319,322,0,0,1
lqr_sysid_csv,43854,320,sample,622,10,10,0,0,0,0,0,83,319,322,0,0,1
lqr_sysid_csv,43864,320,sample,623,10,10,0,0,0,0,0,-316,319,322,0,0,1
lqr_sysid_csv,43875,320,sample,624,10,10,0,0,0,0,0,-316,319,322,0,0,1
lqr_sysid_csv,43886,320,sample,625,10,10,0,0,0,0,0,-316,319,322,0,0,1
lqr_sysid_csv,43896,320,sample,626,10,10,0,0,0,0,0,-316,319,322,0,0,1
lqr_sysid_csv,43907,320,sample,627,10,10,0,0,0,0,0,-316,319,322,0,0,1
lqr_sysid_csv,43918,320,sample,628,10,10,0,0,0,0,0,-316,319,322,0,0,1
lqr_sysid_csv,43928,320,sample,629,10,10,0,0,0,0,0,-316,319,322,0,0,1
lqr_sysid_csv,43939,320,sample,630,10,10,0,0,0,0,0,-316,319,322,0,0,1
lqr_sysid_csv,43949,320,sample,631,10,10,0,0,0,0,0,-316,319,322,0,0,1
lqr_sysid_csv,43960,320,sample,632,10,10,0,0,0,0,0,-316,319,322,0,0,1
lqr_sysid_csv,43971,320,sample,633,10,10,0,0,0,0,0,-316,319,322,0,0,1
lqr_sysid_csv,43981,320,sample,634,10,10,0,0,0,0,0,-316,319,322,0,0,1
lqr_sysid_csv,43992,320,sample,635,10,10,0,0,0,0,0,-316,319,322,0,0,1
lqr_sysid_csv,44002,320,sample,636,10,10,0,0,0,0,0,-316,319,322,0,0,1
lqr_sysid_csv,44013,320,sample,637,10,10,0,0,0,0,0,-316,319,322,0,0,1
lqr_sysid_csv,44024,320,sample,638,10,10,0,0,0,0,0,-316,319,322,0,0,1
lqr_sysid_csv,44035,320,sample,639,10,10,0,0,0,0,0,-316,319,322,0,0,1
lqr_sysid_csv,44046,320,sample,640,10,10,0,0,0,0,0,-316,319,322,0,0,1
lqr_sysid_csv,44056,320,sample,641,10,10,0,0,0,0,0,-316,319,322,0,0,1
lqr_sysid_csv,44067,320,sample,642,10,10,0,0,0,0,0,-316,319,322,0,0,1
lqr_sysid_csv,44077,320,sample,643,10,10,0,0,0,0,0,-316,319,322,0,0,1
lqr_sysid_csv,44089,320,sample,644,10,10,0,0,0,0,0,-316,319,322,0,0,1
lqr_sysid_csv,44099,320,sample,645,10,10,0,0,0,0,0,-316,319,322,0,0,1
lqr_sysid_csv,44110,320,sample,646,10,10,0,0,0,0,0,-316,319,322,0,0,1
lqr_sysid_csv,44121,320,sample,647,10,10,0,0,0,0,0,-316,319,322,0,0,1
lqr_sysid_csv,44131,320,sample,648,10,10,0,0,0,0,0,-316,319,322,0,0,1
lqr_sysid_csv,44142,320,sample,649,10,10,0,0,0,0,0,-316,319,322,0,0,1
lqr_sysid_csv,44152,320,sample,650,10,10,0,0,0,0,0,-316,319,322,0,0,1
lqr_sysid_csv,44163,320,sample,651,10,10,0,0,0,0,0,-316,319,322,0,0,1
lqr_sysid_csv,44173,320,sample,652,10,10,0,0,0,0,0,-316,319,322,0,0,1
lqr_sysid_csv,44184,320,sample,653,10,10,0,0,0,0,0,-316,319,322,0,0,1
lqr_sysid_csv,44194,320,sample,654,10,10,0,0,0,0,0,-316,319,322,0,0,1
lqr_sysid_csv,44205,320,sample,655,10,10,0,0,0,0,0,83,319,322,0,0,1
lqr_sysid_csv,44215,320,sample,656,10,10,0,0,0,0,0,83,319,322,0,0,1
lqr_sysid_csv,44225,320,sample,657,10,10,0,0,0,0,0,83,319,322,0,0,1
lqr_sysid_csv,44236,320,sample,658,10,10,0,0,0,0,0,83,319,322,0,0,1
lqr_sysid_csv,44246,320,sample,659,10,10,0,0,0,0,0,83,319,322,0,0,1
lqr_sysid_csv,44257,320,sample,660,10,10,0,0,0,0,0,83,319,322,0,0,1
lqr_sysid_csv,44267,320,sample,661,10,10,0,0,0,0,0,83,319,322,0,0,1
lqr_sysid_csv,44278,320,sample,662,10,10,0,0,0,0,0,83,319,322,0,0,1
lqr_sysid_csv,44294,320,sample,663,10,10,0,0,0,0,0,83,319,322,0,0,1
lqr_sysid_csv,44304,320,sample,664,10,10,0,0,0,0,0,83,319,322,0,0,1
lqr_sysid_csv,44315,320,sample,665,10,10,0,0,0,0,0,83,319,322,0,0,1
lqr_sysid_csv,44325,320,sample,666,10,10,0,0,0,0,0,83,319,322,0,0,1
lqr_sysid_csv,44335,320,sample,667,10,10,0,0,0,0,0,83,319,322,0,0,1
lqr_sysid_csv,44345,320,sample,668,10,10,0,0,0,0,0,83,319,322,0,0,1
lqr_sysid_csv,44355,320,sample,669,10,10,0,0,0,0,0,83,319,322,0,0,1
lqr_sysid_csv,44365,320,sample,670,10,10,0,0,0,0,0,83,319,322,0,0,1
lqr_sysid_csv,44376,320,sample,671,10,10,0,0,0,0,0,83,319,322,0,0,1
lqr_sysid_csv,44385,320,sample,672,10,10,0,0,0,0,0,83,319,322,0,0,1
lqr_sysid_csv,44396,320,sample,673,10,10,0,0,0,0,0,83,319,322,0,0,1
lqr_sysid_csv,44406,320,sample,674,10,10,0,0,0,0,0,83,319,322,0,0,1
lqr_sysid_csv,44416,320,sample,675,10,10,0,0,0,0,0,83,319,322,0,0,1
lqr_sysid_csv,44426,320,sample,676,10,10,0,0,0,0,0,83,319,322,0,0,1
lqr_sysid_csv,44436,320,sample,677,10,10,0,0,0,0,0,83,319,322,0,0,1
lqr_sysid_csv,44447,320,sample,678,10,10,0,0,0,0,0,83,319,322,0,0,1
lqr_sysid_csv,44457,320,sample,679,10,10,0,0,0,0,0,83,319,322,0,0,1
lqr_sysid_csv,44467,320,sample,680,10,10,0,0,0,0,0,83,319,322,0,0,1
lqr_sysid_csv,44477,320,sample,681,10,10,0,0,0,0,0,83,319,322,0,0,1
lqr_sysid_csv,44487,320,sample,682,10,10,0,0,0,0,0,83,319,322,0,0,1
lqr_sysid_csv,44497,320,sample,683,10,10,0,0,0,0,0,83,319,322,0,0,1
lqr_sysid_csv,44507,320,sample,684,10,10,0,0,0,0,0,83,319,322,0,0,1
lqr_sysid_csv,44517,320,sample,685,10,10,0,0,0,0,0,83,319,322,0,0,1
lqr_sysid_csv,44527,320,sample,686,10,10,0,0,0,0,0,-316,319,322,0,0,1
lqr_sysid_csv,44538,320,sample,687,10,10,0,0,0,0,0,-316,319,322,0,0,1
lqr_sysid_csv,44548,320,sample,688,10,10,0,0,0,0,0,-316,319,322,0,0,1
lqr_sysid_csv,44559,320,sample,689,10,10,0,0,0,0,0,-316,319,322,0,0,1
lqr_sysid_csv,44569,320,sample,690,10,10,0,0,0,0,0,-316,319,322,0,0,1
lqr_sysid_csv,44580,320,sample,691,10,10,0,0,0,0,0,-316,319,322,0,0,1
lqr_sysid_csv,44590,320,sample,692,10,10,0,0,0,0,0,-316,319,322,0,0,1
lqr_sysid_csv,44601,320,sample,693,10,10,0,0,0,0,0,-316,319,322,0,0,1
lqr_sysid_csv,44611,320,sample,694,10,10,0,0,0,0,0,-316,319,322,0,0,1
lqr_sysid_csv,44622,320,sample,695,10,10,0,0,0,0,0,-316,319,322,0,0,1
lqr_sysid_csv,44632,320,sample,696,10,10,0,0,0,0,0,-316,319,322,0,0,1
lqr_sysid_csv,44643,320,sample,697,10,10,0,0,0,0,0,-316,319,322,0,0,1
lqr_sysid_csv,44653,320,sample,698,10,10,0,0,0,0,0,-316,319,322,0,0,1
lqr_sysid_csv,44664,320,sample,699,10,10,0,0,0,0,0,-316,319,322,0,0,1
lqr_sysid_csv,44674,320,sample,700,10,10,0,0,0,0,0,-316,319,322,0,0,1
lqr_sysid_csv,44685,320,sample,701,10,10,0,0,0,0,0,-316,319,322,0,0,1
lqr_sysid_csv,44695,320,sample,702,10,10,0,0,0,0,0,-316,319,322,0,0,1
lqr_sysid_csv,44706,320,sample,703,10,10,0,0,0,0,0,-316,319,322,0,0,1
lqr_sysid_csv,44716,320,sample,704,10,10,0,0,0,0,0,-316,319,322,0,0,1
lqr_sysid_csv,44727,320,sample,705,10,10,0,0,0,0,0,-316,319,322,0,0,1
lqr_sysid_csv,44737,320,sample,706,10,10,0,0,0,0,0,-316,319,322,0,0,1
lqr_sysid_csv,44748,320,sample,707,10,10,0,0,0,0,0,-316,319,322,0,0,1
lqr_sysid_csv,44764,320,sample,708,10,10,0,0,0,0,0,-316,319,322,0,0,1
lqr_sysid_csv,44775,320,sample,709,10,10,0,0,0,0,0,-316,319,322,0,0,1
lqr_sysid_csv,44785,320,sample,710,10,10,0,0,0,0,0,-316,319,322,0,0,1
lqr_sysid_csv,44796,320,sample,711,10,10,0,0,0,0,0,-316,319,322,0,0,1
lqr_sysid_csv,44806,320,sample,712,10,10,0,0,0,0,0,-316,319,322,0,0,1
lqr_sysid_csv,44817,320,sample,713,10,10,0,0,0,0,0,-316,319,322,0,0,1
lqr_sysid_csv,44827,320,sample,714,10,10,0,0,0,0,0,-316,319,322,0,0,1
lqr_sysid_csv,44838,320,sample,715,10,10,0,0,0,0,0,-316,319,322,0,0,1
lqr_sysid_csv,44848,320,sample,716,10,10,0,0,0,0,0,-316,319,322,0,0,1
lqr_sysid_csv,44859,320,sample,717,10,10,0,0,0,0,0,-316,319,322,0,0,1
lqr_sysid_csv,44870,320,sample,718,10,10,0,0,0,0,0,-316,319,322,0,0,1
lqr_sysid_csv,44880,320,sample,719,10,10,0,0,0,0,0,-316,319,322,0,0,1
lqr_sysid_csv,44891,320,sample,720,10,10,0,0,0,0,0,-316,319,322,0,0,1
lqr_sysid_csv,44901,320,sample,721,10,10,0,0,0,0,0,-316,319,322,0,0,1
lqr_sysid_csv,44911,320,sample,722,10,10,0,0,0,0,0,-316,319,322,0,0,1
lqr_sysid_csv,44922,320,sample,723,10,10,0,0,0,0,0,-316,319,322,0,0,1
lqr_sysid_csv,44933,320,sample,724,10,10,0,0,0,0,0,-316,319,322,0,0,1
lqr_sysid_csv,44943,320,sample,725,10,10,0,0,0,0,0,-316,319,322,0,0,1
lqr_sysid_csv,44953,320,sample,726,10,10,0,0,0,0,0,-316,319,322,0,0,1
lqr_sysid_csv,44964,320,sample,727,10,10,0,0,0,0,0,-316,319,322,0,0,1
lqr_sysid_csv,44975,320,sample,728,10,10,0,0,0,0,0,-316,319,322,0,0,1
lqr_sysid_csv,44985,320,sample,729,10,10,0,0,0,0,0,-316,319,322,0,0,1
lqr_sysid_csv,44996,320,sample,730,10,10,0,0,0,0,0,-316,319,322,0,0,1
lqr_sysid_csv,45006,320,sample,731,10,10,0,0,0,0,0,-316,319,322,0,0,1
lqr_sysid_csv,45016,320,sample,732,10,10,0,0,0,0,0,-316,319,322,0,0,1
lqr_sysid_csv,45033,320,sample,733,10,10,0,0,0,0,0,-316,319,322,0,0,1
lqr_sysid_csv,45044,320,sample,734,10,10,0,0,0,0,0,-316,319,322,0,0,1
lqr_sysid_csv,45054,320,sample,735,10,10,0,0,0,0,0,-316,319,322,0,0,1
lqr_sysid_csv,45065,320,sample,736,10,10,0,0,0,0,0,-316,319,322,0,0,1
lqr_sysid_csv,45075,320,sample,737,10,10,0,0,0,0,0,-316,319,322,0,0,1
lqr_sysid_csv,45086,320,sample,738,10,10,0,0,0,0,0,-316,319,322,0,0,1
lqr_sysid_csv,45096,320,sample,739,10,10,0,0,0,0,0,-316,319,322,0,0,1
lqr_sysid_csv,45107,320,sample,740,10,10,0,0,0,0,0,-316,319,322,0,0,1
lqr_sysid_csv,45117,320,sample,741,10,10,0,0,0,0,0,-316,319,322,0,0,1
lqr_sysid_csv,45128,320,sample,742,10,10,0,0,0,0,0,-316,319,322,0,0,1
lqr_sysid_csv,45139,320,sample,743,10,10,0,0,0,0,0,-316,319,322,0,0,1
lqr_sysid_csv,45149,320,sample,744,10,10,0,0,0,0,0,-316,319,322,0,0,1
lqr_sysid_csv,45160,320,sample,745,10,10,0,0,0,0,0,-316,319,322,0,0,1
lqr_sysid_csv,45170,320,sample,746,10,10,0,0,0,0,0,-316,319,322,0,0,1
lqr_sysid_csv,45187,320,sample,747,10,10,0,0,0,0,0,83,319,322,0,0,1
lqr_sysid_csv,45198,320,sample,748,10,10,0,0,0,0,0,83,319,322,0,0,1
lqr_sysid_csv,45208,320,sample,749,10,10,0,0,0,0,0,83,319,322,0,0,1
lqr_sysid_csv,45218,320,sample,750,10,10,0,0,0,0,0,83,319,322,0,0,1
lqr_sysid_csv,45228,320,sample,751,10,10,0,0,0,0,0,83,319,322,0,0,1
lqr_sysid_csv,45238,320,sample,752,10,10,0,0,0,0,0,83,319,322,0,0,1
lqr_sysid_csv,45249,320,sample,753,10,10,0,0,0,0,0,83,319,322,0,0,1
lqr_sysid_csv,45260,320,sample,754,10,10,0,0,0,0,0,83,319,322,0,0,1
lqr_sysid_csv,45270,320,sample,755,10,10,0,0,0,0,0,83,319,322,0,0,1
lqr_sysid_csv,45281,320,sample,756,10,10,0,0,0,0,0,83,319,322,0,0,1
lqr_sysid_csv,45291,320,sample,757,10,10,0,0,0,0,0,83,319,322,0,0,1
lqr_sysid_csv,45302,320,sample,758,10,10,0,0,0,0,0,83,319,322,0,0,1
lqr_sysid_csv,45312,320,sample,759,10,10,0,0,0,0,0,83,319,322,0,0,1
lqr_sysid_csv,45323,320,sample,760,10,10,0,0,0,0,0,83,319,322,0,0,1
lqr_sysid_csv,45333,320,sample,761,10,10,0,0,0,0,0,83,319,322,0,0,1
lqr_sysid_csv,45344,320,sample,762,10,10,0,0,0,0,0,83,319,322,0,0,1
lqr_sysid_csv,45354,320,sample,763,10,10,0,0,0,0,0,83,319,322,0,0,1
lqr_sysid_csv,45364,320,sample,764,10,10,0,0,0,0,0,83,319,322,0,0,1
lqr_sysid_csv,45374,320,sample,765,10,10,0,0,0,0,0,83,319,322,0,0,1
lqr_sysid_csv,45384,320,sample,766,10,10,0,0,0,0,0,83,319,322,0,0,1
lqr_sysid_csv,45395,320,sample,767,10,10,0,0,0,0,0,83,319,322,0,0,1
lqr_sysid_csv,45405,320,sample,768,10,10,0,0,0,0,0,83,319,322,0,0,1
lqr_sysid_csv,45415,320,sample,769,10,10,0,0,0,0,0,83,319,322,0,0,1
lqr_sysid_csv,45425,320,sample,770,10,10,0,0,0,0,0,83,319,322,0,0,1
lqr_sysid_csv,45436,320,sample,771,10,10,0,0,0,0,0,83,319,322,0,0,1
lqr_sysid_csv,45446,320,sample,772,10,10,0,0,0,0,0,83,319,322,0,0,1
lqr_sysid_csv,45456,320,sample,773,10,10,0,0,0,0,0,83,319,322,0,0,1
lqr_sysid_csv,45466,320,sample,774,10,10,0,0,0,0,0,83,319,322,0,0,1
lqr_sysid_csv,45476,320,sample,775,10,10,0,0,0,0,0,83,319,322,0,0,1
lqr_sysid_csv,45487,320,sample,776,10,10,0,0,0,0,0,83,319,322,0,0,1
lqr_sysid_csv,45497,320,sample,777,10,10,0,0,0,0,0,83,319,322,0,0,1
lqr_sysid_csv,45508,320,sample,778,10,10,0,0,0,0,0,83,319,322,0,0,1
lqr_sysid_csv,45518,320,sample,779,10,10,0,0,0,0,0,-316,319,322,0,0,1
lqr_sysid_csv,45529,320,sample,780,10,10,0,0,0,0,0,-316,319,322,0,0,1
lqr_sysid_csv,45539,320,sample,781,10,10,0,0,0,0,0,-316,319,322,0,0,1
lqr_sysid_csv,45550,320,sample,782,10,10,0,0,0,0,0,-316,319,322,0,0,1
lqr_sysid_csv,45560,320,sample,783,10,10,0,0,0,0,0,-316,319,322,0,0,1
lqr_sysid_csv,45571,320,sample,784,10,10,0,0,0,0,0,-316,319,322,0,0,1
lqr_sysid_csv,45581,320,sample,785,10,10,0,0,0,0,0,-316,319,322,0,0,1
lqr_sysid_csv,45592,320,sample,786,10,10,0,0,0,0,0,-316,319,322,0,0,1
lqr_sysid_csv,45608,320,sample,787,10,10,0,0,0,0,0,-316,319,322,0,0,1
lqr_sysid_csv,45618,320,sample,788,10,10,0,0,0,0,0,-316,319,322,0,0,1
lqr_sysid_csv,45630,320,sample,789,10,10,0,0,0,0,0,-316,319,322,0,0,1
lqr_sysid_csv,45640,320,sample,790,10,10,0,0,0,0,0,-316,319,322,0,0,1
lqr_sysid_csv,45652,320,sample,791,10,10,0,0,0,0,0,-316,319,322,0,0,1
lqr_sysid_csv,45662,320,sample,792,10,10,0,0,0,0,0,-316,319,322,0,0,1
lqr_sysid_csv,45673,320,sample,793,10,10,0,0,0,0,0,-316,319,322,0,0,1
lqr_sysid_csv,45683,320,sample,794,10,10,0,0,0,0,0,-316,319,322,0,0,1
lqr_sysid_csv,45694,320,sample,795,10,10,0,0,0,0,0,-316,319,322,0,0,1
lqr_sysid_csv,45704,320,sample,796,10,10,0,0,0,0,0,-316,319,322,0,0,1
lqr_sysid_csv,45715,320,sample,797,10,10,0,0,0,0,0,-316,319,322,0,0,1
lqr_sysid_csv,45726,320,sample,798,10,10,0,0,0,0,0,-316,319,322,0,0,1
lqr_sysid_csv,45736,320,sample,799,10,10,0,0,0,0,0,-316,319,322,0,0,1
lqr_sysid_csv,45747,320,sample,800,10,10,0,0,0,0,0,-315,319,322,0,0,1
lqr_sysid_csv,45757,320,sample,801,10,10,0,0,0,0,0,-315,319,322,0,0,1
lqr_sysid_csv,45768,320,sample,802,10,10,0,0,0,0,0,-315,319,322,0,0,1
lqr_sysid_csv,45779,320,sample,803,10,10,0,0,0,0,0,-315,319,322,0,0,1
lqr_sysid_csv,45789,320,sample,804,10,10,0,0,0,0,0,-315,319,322,0,0,1
lqr_sysid_csv,45800,320,sample,805,10,10,0,0,0,0,0,-315,319,322,0,0,1
lqr_sysid_csv,45810,320,sample,806,10,10,0,0,0,0,0,-315,319,322,0,0,1
lqr_sysid_csv,45827,320,sample,807,10,10,0,0,0,0,0,-315,319,322,0,0,1
lqr_sysid_csv,45838,320,sample,808,10,10,0,0,0,0,0,-315,319,322,0,0,1
lqr_sysid_csv,45848,320,sample,809,10,10,0,0,0,0,0,-315,319,322,0,0,1
lqr_sysid_csv,45859,320,sample,810,10,10,0,0,0,0,0,-315,319,322,0,0,1
lqr_sysid_csv,45869,320,sample,811,10,10,0,0,0,0,0,-315,319,322,0,0,1
lqr_sysid_csv,45880,320,sample,812,10,10,0,0,0,0,0,-315,319,322,0,0,1
lqr_sysid_csv,45890,320,sample,813,10,10,0,0,0,0,0,-315,319,322,0,0,1
lqr_sysid_csv,45901,320,sample,814,10,10,0,0,0,0,0,-315,319,322,0,0,1
lqr_sysid_csv,45911,320,sample,815,10,10,0,0,0,0,0,-315,319,322,0,0,1
lqr_sysid_csv,45922,320,sample,816,10,10,0,0,0,0,0,-315,319,322,0,0,1
lqr_sysid_csv,45932,320,sample,817,10,10,0,0,0,0,0,-315,319,322,0,0,1
lqr_sysid_csv,45943,320,sample,818,10,10,0,0,0,0,0,-315,319,322,0,0,1
lqr_sysid_csv,45953,320,sample,819,10,10,0,0,0,0,0,-315,319,322,0,0,1
lqr_sysid_csv,45964,320,sample,820,10,10,0,0,0,0,0,-315,319,322,0,0,1
lqr_sysid_csv,45974,320,sample,821,10,10,0,0,0,0,0,-315,319,322,0,0,1
lqr_sysid_csv,45985,320,sample,822,10,10,0,0,0,0,0,-315,319,322,0,0,1
lqr_sysid_csv,45995,320,sample,823,10,10,0,0,0,0,0,-315,319,322,0,0,1
lqr_sysid_csv,46005,320,sample,824,10,10,0,0,0,0,0,-315,319,322,0,0,1
lqr_sysid_csv,46021,320,sample,825,10,10,0,0,0,0,0,-315,319,322,0,0,1
lqr_sysid_csv,46032,320,sample,826,10,10,0,0,0,0,0,-315,319,322,0,0,1
lqr_sysid_csv,46042,320,sample,827,10,10,0,0,0,0,0,-315,319,322,0,0,1
lqr_sysid_csv,46053,320,sample,828,10,10,0,0,0,0,0,-315,319,322,0,0,1
lqr_sysid_csv,46063,320,sample,829,10,10,0,0,0,0,0,-315,319,322,0,0,1
lqr_sysid_csv,46074,320,sample,830,10,10,0,0,0,0,0,-315,319,322,0,0,1
lqr_sysid_csv,46084,320,sample,831,10,10,0,0,0,0,0,-315,319,322,0,0,1
lqr_sysid_csv,46095,320,sample,832,10,10,0,0,0,0,0,-315,319,322,0,0,1
lqr_sysid_csv,46106,320,sample,833,10,10,0,0,0,0,0,-315,319,322,0,0,1
lqr_sysid_csv,46116,320,sample,834,10,10,0,0,0,0,0,-315,319,322,0,0,1
lqr_sysid_csv,46127,320,sample,835,10,10,0,0,0,0,0,-315,319,322,0,0,1
lqr_sysid_csv,46137,320,sample,836,10,10,0,0,0,0,0,-315,319,322,0,0,1
lqr_sysid_csv,46148,320,sample,837,10,10,0,0,0,0,0,-315,319,322,0,0,1
lqr_sysid_csv,46158,320,sample,838,10,10,0,0,0,0,0,-315,319,322,0,0,1
lqr_sysid_csv,46169,320,sample,839,10,10,0,0,0,0,0,-315,319,322,0,0,1
lqr_sysid_csv,46179,320,sample,840,10,10,0,0,0,0,0,84,319,322,0,0,1
lqr_sysid_csv,46189,320,sample,841,10,10,0,0,0,0,0,84,319,322,0,0,1
lqr_sysid_csv,46200,320,sample,842,10,10,0,0,0,0,0,84,319,322,0,0,1
lqr_sysid_csv,46210,320,sample,843,10,10,0,0,0,0,0,84,319,322,0,0,1
lqr_sysid_csv,46220,320,sample,844,10,10,0,0,0,0,0,84,319,322,0,0,1
lqr_sysid_csv,46231,320,sample,845,10,10,0,0,0,0,0,84,319,322,0,0,1
lqr_sysid_csv,46241,320,sample,846,10,10,0,0,0,0,0,84,319,322,0,0,1
lqr_sysid_csv,46252,320,sample,847,10,10,0,0,0,0,0,84,319,322,0,0,1
lqr_sysid_csv,46262,320,sample,848,10,10,0,0,0,0,0,84,319,322,0,0,1
lqr_sysid_csv,46273,320,sample,849,10,10,0,0,0,0,0,84,319,322,0,0,1
lqr_sysid_csv,46283,320,sample,850,10,10,0,0,0,0,0,84,319,322,0,0,1
lqr_sysid_csv,46293,320,sample,851,10,10,0,0,0,0,0,84,319,322,0,0,1
lqr_sysid_csv,46304,320,sample,852,10,10,0,0,0,0,0,84,319,322,0,0,1
lqr_sysid_csv,46314,320,sample,853,10,10,0,0,0,0,0,84,319,322,0,0,1
lqr_sysid_csv,46324,320,sample,854,10,10,0,0,0,0,0,84,319,322,0,0,1
lqr_sysid_csv,46335,320,sample,855,10,10,0,0,0,0,0,84,319,322,0,0,1
lqr_sysid_csv,46345,320,sample,856,10,10,0,0,0,0,0,84,319,322,0,0,1
lqr_sysid_csv,46355,320,sample,857,10,10,0,0,0,0,0,84,319,322,0,0,1
lqr_sysid_csv,46366,320,sample,858,10,10,0,0,0,0,0,84,319,322,0,0,1
lqr_sysid_csv,46376,320,sample,859,10,10,0,0,0,0,0,84,319,322,0,0,1
lqr_sysid_csv,46386,320,sample,860,10,10,0,0,0,0,0,84,319,322,0,0,1
lqr_sysid_csv,46396,320,sample,861,10,10,0,0,0,0,0,84,319,322,0,0,1
lqr_sysid_csv,46407,320,sample,862,10,10,0,0,0,0,0,84,319,322,0,0,1
lqr_sysid_csv,46417,320,sample,863,10,10,0,0,0,0,0,84,319,322,0,0,1
lqr_sysid_csv,46427,320,sample,864,10,10,0,0,0,0,0,84,319,322,0,0,1
lqr_sysid_csv,46437,320,sample,865,10,10,0,0,0,0,0,84,319,322,0,0,1
lqr_sysid_csv,46448,320,sample,866,10,10,0,0,0,0,0,84,319,322,0,0,1
lqr_sysid_csv,46458,320,sample,867,10,10,0,0,0,0,0,84,319,322,0,0,1
lqr_sysid_csv,46468,320,sample,868,10,10,0,0,0,0,0,84,319,322,0,0,1
lqr_sysid_csv,46479,320,sample,869,10,10,0,0,0,0,0,84,319,322,0,0,1
lqr_sysid_csv,46489,320,sample,870,10,10,0,0,0,0,0,84,319,322,0,0,1
lqr_sysid_csv,46499,320,sample,871,10,10,0,0,0,0,0,84,319,322,0,0,1
lqr_sysid_csv,46509,320,sample,872,10,10,0,0,0,0,0,-315,319,322,0,0,1
lqr_sysid_csv,46520,320,sample,873,10,10,0,0,0,0,0,-315,319,322,0,0,1
lqr_sysid_csv,46531,320,sample,874,10,10,0,0,0,0,0,-315,319,322,0,0,1
lqr_sysid_csv,46541,320,sample,875,10,10,0,0,0,0,0,-315,319,322,0,0,1
lqr_sysid_csv,46552,320,sample,876,10,10,0,0,0,0,0,-315,319,322,0,0,1
lqr_sysid_csv,46562,320,sample,877,10,10,0,0,0,0,0,-315,319,322,0,0,1
lqr_sysid_csv,46573,320,sample,878,10,10,0,0,0,0,0,-315,319,322,0,0,1
lqr_sysid_csv,46583,320,sample,879,10,10,0,0,0,0,0,-315,319,322,0,0,1
lqr_sysid_csv,46594,320,sample,880,10,10,0,0,0,0,0,-315,319,322,0,0,1
lqr_sysid_csv,46604,320,sample,881,10,10,0,0,0,0,0,-315,319,322,0,0,1
lqr_sysid_csv,46615,320,sample,882,10,10,0,0,0,0,0,-315,319,322,0,0,1
lqr_sysid_csv,46625,320,sample,883,10,10,0,0,0,0,0,-315,319,322,0,0,1
lqr_sysid_csv,46636,320,sample,884,10,10,0,0,0,0,0,-315,319,322,0,0,1
lqr_sysid_csv,46647,320,sample,885,10,10,0,0,0,0,0,-315,319,322,0,0,1
lqr_sysid_csv,46657,320,sample,886,10,10,0,0,0,0,0,-315,319,322,0,0,1
lqr_sysid_csv,46668,320,sample,887,10,10,0,0,0,0,0,-315,319,322,0,0,1
lqr_sysid_csv,46678,320,sample,888,10,10,0,0,0,0,0,-315,319,322,0,0,1
lqr_sysid_csv,46688,320,sample,889,10,10,0,0,0,0,0,-315,319,322,0,0,1
lqr_sysid_csv,46699,320,sample,890,10,10,0,0,0,0,0,-315,319,322,0,0,1
lqr_sysid_csv,46710,320,sample,891,10,10,0,0,0,0,0,-315,319,322,0,0,1
lqr_sysid_csv,46720,320,sample,892,10,10,0,0,0,0,0,-315,319,322,0,0,1
lqr_sysid_csv,46730,320,sample,893,10,10,0,0,0,0,0,-315,319,322,0,0,1
lqr_sysid_csv,46741,320,sample,894,10,10,0,0,0,0,0,-315,319,322,0,0,1
lqr_sysid_csv,46751,320,sample,895,10,10,0,0,0,0,0,-315,319,322,0,0,1
lqr_sysid_csv,46761,320,sample,896,10,10,0,0,0,0,0,-315,319,322,0,0,1
lqr_sysid_csv,46772,320,sample,897,10,10,0,0,0,0,0,-315,319,322,0,0,1
lqr_sysid_csv,46783,320,sample,898,10,10,0,0,0,0,0,-315,319,322,0,0,1
lqr_sysid_csv,46794,320,sample,899,10,10,0,0,0,0,0,-315,319,322,0,0,1
lqr_sysid_csv,46804,320,sample,900,10,10,0,0,0,0,0,-315,319,322,0,0,1
lqr_sysid_csv,46814,320,sample,901,10,10,0,0,0,0,0,-315,319,322,0,0,1
lqr_sysid_csv,46825,320,sample,902,10,10,0,0,0,0,0,-315,319,322,0,0,1
lqr_sysid_csv,46835,320,sample,903,10,10,0,0,0,0,0,-315,319,322,0,0,1
lqr_sysid_csv,46845,320,sample,904,10,10,0,0,0,0,0,-315,319,322,0,0,1
lqr_sysid_csv,46855,320,sample,905,10,10,0,0,0,0,0,-315,319,322,0,0,1
lqr_sysid_csv,46866,320,sample,906,10,10,0,0,0,0,0,-315,319,322,0,0,1
lqr_sysid_csv,46876,320,sample,907,10,10,0,0,0,0,0,-315,319,322,0,0,1
lqr_sysid_csv,46886,320,sample,908,10,10,0,0,0,0,0,-315,319,322,0,0,1
lqr_sysid_csv,46897,320,sample,909,10,10,0,0,0,0,0,-315,319,322,0,0,1
lqr_sysid_csv,46908,320,sample,910,10,10,0,0,0,0,0,-315,319,322,0,0,1
lqr_sysid_csv,46918,320,sample,911,10,10,0,0,0,0,0,-315,319,322,0,0,1
lqr_sysid_csv,46929,320,sample,912,10,10,0,0,0,0,0,-315,319,322,0,0,1
lqr_sysid_csv,46939,320,sample,913,10,10,0,0,0,0,0,-315,319,322,0,0,1
lqr_sysid_csv,46950,320,sample,914,10,10,0,0,0,0,0,-315,319,322,0,0,1
lqr_sysid_csv,46960,320,sample,915,10,10,0,0,0,0,0,-315,319,322,0,0,1
lqr_sysid_csv,46971,320,sample,916,10,10,0,0,0,0,0,-315,319,322,0,0,1
lqr_sysid_csv,46981,320,sample,917,10,10,0,0,0,0,0,-315,319,322,0,0,1
lqr_sysid_csv,46992,320,sample,918,10,10,0,0,0,0,0,-315,319,322,0,0,1
lqr_sysid_csv,47003,320,sample,919,10,10,0,0,0,0,0,-315,319,322,0,0,1
lqr_sysid_csv,47020,320,sample,920,10,10,0,0,0,0,0,-315,319,322,0,0,1
lqr_sysid_csv,47030,320,sample,921,10,10,0,0,0,0,0,-315,319,322,0,0,1
lqr_sysid_csv,47041,320,sample,922,10,10,0,0,0,0,0,-315,319,322,0,0,1
lqr_sysid_csv,47051,320,sample,923,10,10,0,0,0,0,0,-315,319,322,0,0,1
lqr_sysid_csv,47062,320,sample,924,10,10,0,0,0,0,0,-315,319,322,0,0,1
lqr_sysid_csv,47072,320,sample,925,10,10,0,0,0,0,0,-315,319,322,0,0,1
lqr_sysid_csv,47083,320,sample,926,10,10,0,0,0,0,0,-315,319,322,0,0,1
lqr_sysid_csv,47093,320,sample,927,10,10,0,0,0,0,0,-315,319,322,0,0,1
lqr_sysid_csv,47104,320,sample,928,10,10,0,0,0,0,0,-315,319,322,0,0,1
lqr_sysid_csv,47115,320,sample,929,10,10,0,0,0,0,0,-315,319,322,0,0,1
lqr_sysid_csv,47125,320,sample,930,10,10,0,0,0,0,0,-315,319,322,0,0,1
lqr_sysid_csv,47136,320,sample,931,10,10,0,0,0,0,0,-315,319,322,0,0,1
lqr_sysid_csv,47146,320,sample,932,10,10,0,0,0,0,0,-315,319,322,0,0,1
lqr_sysid_csv,47157,320,sample,933,10,10,0,0,0,0,0,-315,319,322,0,0,1
lqr_sysid_csv,47167,320,sample,934,10,10,0,0,0,0,0,-315,319,322,0,0,1
lqr_sysid_csv,47177,320,sample,935,10,10,0,0,0,0,0,84,319,322,0,0,1
lqr_sysid_csv,47188,320,sample,936,10,10,0,0,0,0,0,84,319,322,0,0,1
lqr_sysid_csv,47199,320,sample,937,10,10,0,0,0,0,0,84,319,322,0,0,1
lqr_sysid_csv,47209,320,sample,938,10,10,0,0,0,0,0,84,319,322,0,0,1
lqr_sysid_csv,47219,320,sample,939,10,10,0,0,0,0,0,84,319,322,0,0,1
lqr_sysid_csv,47229,320,sample,940,10,10,0,0,0,0,0,84,319,322,0,0,1
lqr_sysid_csv,47239,320,sample,941,10,10,0,0,0,0,0,84,319,322,0,0,1
lqr_sysid_csv,47249,320,sample,942,10,10,0,0,0,0,0,84,319,322,0,0,1
lqr_sysid_csv,47260,320,sample,943,10,10,0,0,0,0,0,84,319,322,0,0,1
lqr_sysid_csv,47270,320,sample,944,10,10,0,0,0,0,0,84,319,322,0,0,1
lqr_sysid_csv,47281,320,sample,945,10,10,0,0,0,0,0,84,319,322,0,0,1
lqr_sysid_csv,47291,320,sample,946,10,10,0,0,0,0,0,84,319,322,0,0,1
lqr_sysid_csv,47301,320,sample,947,10,10,0,0,0,0,0,84,319,322,0,0,1
lqr_sysid_csv,47312,320,sample,948,10,10,0,0,0,0,0,84,319,322,0,0,1
lqr_sysid_csv,47322,320,sample,949,10,10,0,0,0,0,0,84,319,322,0,0,1
lqr_sysid_csv,47332,320,sample,950,10,10,0,0,0,0,0,84,319,322,0,0,1
lqr_sysid_csv,47342,320,sample,951,10,10,0,0,0,0,0,84,319,322,0,0,1
lqr_sysid_csv,47353,320,sample,952,10,10,0,0,0,0,0,84,319,322,0,0,1
lqr_sysid_csv,47363,320,sample,953,10,10,0,0,0,0,0,84,319,322,0,0,1
lqr_sysid_csv,47373,320,sample,954,10,10,0,0,0,0,0,84,319,322,0,0,1
lqr_sysid_csv,47384,320,sample,955,10,10,0,0,0,0,0,84,319,322,0,0,1
lqr_sysid_csv,47394,320,sample,956,10,10,0,0,0,0,0,84,319,322,0,0,1
lqr_sysid_csv,47404,320,sample,957,10,10,0,0,0,0,0,84,319,322,0,0,1
lqr_sysid_csv,47414,320,sample,958,10,10,0,0,0,0,0,84,319,322,0,0,1
lqr_sysid_csv,47425,320,sample,959,10,10,0,0,0,0,0,84,319,322,0,0,1
lqr_sysid_csv,47435,320,sample,960,10,10,0,0,0,0,0,84,319,322,0,0,1
lqr_sysid_csv,47445,320,sample,961,10,10,0,0,0,0,0,84,319,322,0,0,1
lqr_sysid_csv,47455,320,sample,962,10,10,0,0,0,0,0,84,319,322,0,0,1
lqr_sysid_csv,47465,320,sample,963,10,10,0,0,0,0,0,84,319,322,0,0,1
lqr_sysid_csv,47476,320,sample,964,10,10,0,0,0,0,0,84,319,322,0,0,1
lqr_sysid_csv,47486,320,sample,965,10,10,0,0,0,0,0,84,319,322,0,0,1
lqr_sysid_csv,47496,320,sample,966,10,10,0,0,0,0,0,84,319,322,0,0,1
lqr_sysid_csv,47506,320,sample,967,10,10,0,0,0,0,0,-315,319,322,0,0,1
lqr_sysid_csv,47517,320,sample,968,10,10,0,0,0,0,0,-315,319,322,0,0,1
lqr_sysid_csv,47528,320,sample,969,10,10,0,0,0,0,0,-315,319,322,0,0,1
lqr_sysid_csv,47538,320,sample,970,10,10,0,0,0,0,0,-315,319,322,0,0,1
lqr_sysid_csv,47549,320,sample,971,10,10,0,0,0,0,0,-315,319,322,0,0,1
lqr_sysid_csv,47559,320,sample,972,10,10,0,0,0,0,0,-315,319,322,0,0,1
lqr_sysid_csv,47570,320,sample,973,10,10,0,0,0,0,0,-315,319,322,0,0,1
lqr_sysid_csv,47580,320,sample,974,10,10,0,0,0,0,0,-315,319,322,0,0,1
lqr_sysid_csv,47591,320,sample,975,10,10,0,0,0,0,0,-315,319,322,0,0,1
lqr_sysid_csv,47601,320,sample,976,10,10,0,0,0,0,0,-315,319,322,0,0,1
lqr_sysid_csv,47612,320,sample,977,10,10,0,0,0,0,0,-315,319,322,0,0,1
lqr_sysid_csv,47622,320,sample,978,10,10,0,0,0,0,0,-315,319,322,0,0,1
lqr_sysid_csv,47634,320,sample,979,10,10,0,0,0,0,0,-315,319,322,0,0,1
lqr_sysid_csv,47644,320,sample,980,10,10,0,0,0,0,0,-315,319,322,0,0,1
lqr_sysid_csv,47654,320,sample,981,10,10,0,0,0,0,0,-315,319,322,0,0,1
lqr_sysid_csv,47665,320,sample,982,10,10,0,0,0,0,0,-315,319,322,0,0,1
lqr_sysid_csv,47676,320,sample,983,10,10,0,0,0,0,0,-315,319,322,0,0,1
lqr_sysid_csv,47686,320,sample,984,10,10,0,0,0,0,0,-315,319,322,0,0,1
lqr_sysid_csv,47697,320,sample,985,10,10,0,0,0,0,0,-315,319,322,0,0,1
lqr_sysid_csv,47707,320,sample,986,10,10,0,0,0,0,0,-315,319,322,0,0,1
lqr_sysid_csv,47718,320,sample,987,10,10,0,0,0,0,0,-315,319,322,0,0,1
lqr_sysid_csv,47728,320,sample,988,10,10,0,0,0,0,0,-315,319,322,0,0,1
lqr_sysid_csv,47739,320,sample,989,10,10,0,0,0,0,0,-315,319,322,0,0,1
lqr_sysid_csv,47749,320,sample,990,10,10,0,0,0,0,0,-315,319,322,0,0,1
lqr_sysid_csv,47760,320,sample,991,10,10,0,0,0,0,0,-315,319,322,0,0,1
lqr_sysid_csv,47771,320,sample,992,10,10,0,0,0,0,0,-315,319,322,0,0,1
lqr_sysid_csv,47781,320,sample,993,10,10,0,0,0,0,0,-315,319,322,0,0,1
lqr_sysid_csv,47792,320,sample,994,10,10,0,0,0,0,0,-315,319,322,0,0,1
lqr_sysid_csv,47802,320,sample,995,10,10,0,0,0,0,0,-315,319,322,0,0,1
lqr_sysid_csv,47813,320,sample,996,10,10,0,0,0,0,0,-315,319,322,0,0,1
lqr_sysid_csv,47824,320,sample,997,10,10,0,0,0,0,0,-315,319,322,0,0,1
lqr_sysid_csv,47834,320,sample,998,10,10,0,0,0,0,0,-315,319,322,0,0,1
lqr_sysid_csv,47845,320,sample,999,10,10,0,0,0,0,0,84,319,322,0,0,1
lqr_sysid_csv,47855,320,sample,1000,10,10,0,0,0,0,0,84,319,322,0,0,1
lqr_sysid_csv,47866,320,sample,1001,10,10,0,0,0,0,0,84,319,322,0,0,1
lqr_sysid_csv,47876,320,sample,1002,10,10,0,0,0,0,0,84,319,322,0,0,1
lqr_sysid_csv,47886,320,sample,1003,10,10,0,0,0,0,0,84,319,322,0,0,1
lqr_sysid_csv,47897,320,sample,1004,10,10,0,0,0,0,0,84,319,322,0,0,1
lqr_sysid_csv,47907,320,sample,1005,10,10,0,0,0,0,0,84,319,322,0,0,1
lqr_sysid_csv,47918,320,sample,1006,10,10,0,0,0,0,0,84,319,322,0,0,1
lqr_sysid_csv,47928,320,sample,1007,10,10,0,0,0,0,0,84,319,322,0,0,1
lqr_sysid_csv,47939,320,sample,1008,10,10,0,0,0,0,0,84,319,322,0,0,1
lqr_sysid_csv,47949,320,sample,1009,10,10,0,0,0,0,0,84,319,322,0,0,1
lqr_sysid_csv,47960,320,sample,1010,10,10,0,0,0,0,0,84,319,322,0,0,1
lqr_sysid_csv,47970,320,sample,1011,10,10,0,0,0,0,0,84,319,322,0,0,1
lqr_sysid_csv,47981,320,sample,1012,10,10,0,0,0,0,0,84,319,322,0,0,1
lqr_sysid_csv,47991,320,sample,1013,10,10,0,0,0,0,0,84,319,322,0,0,1
lqr_sysid_csv,48002,320,sample,1014,10,10,0,0,0,0,0,84,319,322,0,0,1
lqr_sysid_csv,48012,320,sample,1015,10,10,0,0,0,0,0,84,319,322,0,0,1
lqr_sysid_csv,48023,320,sample,1016,10,10,0,0,0,0,0,84,319,322,0,0,1
lqr_sysid_csv,48033,320,sample,1017,10,10,0,0,0,0,0,84,319,322,0,0,1
lqr_sysid_csv,48044,320,sample,1018,10,10,0,0,0,0,0,84,319,322,0,0,1
lqr_sysid_csv,48054,320,sample,1019,10,10,0,0,0,0,0,84,319,322,0,0,1
lqr_sysid_csv,48065,320,sample,1020,10,10,0,0,0,0,0,84,319,322,0,0,1
lqr_sysid_csv,48075,320,sample,1021,10,10,0,0,0,0,0,84,319,322,0,0,1
lqr_sysid_csv,48086,320,sample,1022,10,10,0,0,0,0,0,84,319,322,0,0,1
lqr_sysid_csv,48096,320,sample,1023,10,10,0,0,0,0,0,84,319,322,0,0,1
lqr_sysid_csv,48107,320,sample,1024,10,10,0,0,0,0,0,84,319,322,0,0,1
lqr_sysid_csv,48117,320,sample,1025,10,10,0,0,0,0,0,84,319,322,0,0,1
lqr_sysid_csv,48128,320,sample,1026,10,10,0,0,0,0,0,84,319,322,0,0,1
lqr_sysid_csv,48138,320,sample,1027,10,10,0,0,0,0,0,84,319,322,0,0,1
lqr_sysid_csv,48149,320,sample,1028,10,10,0,0,0,0,0,84,319,322,0,0,1
lqr_sysid_csv,48159,320,sample,1029,10,10,0,0,0,0,0,84,319,322,0,0,1
lqr_sysid_csv,48169,320,sample,1030,10,10,0,0,0,0,0,84,319,322,0,0,1
lqr_sysid_csv,48180,320,sample,1031,10,10,0,0,0,0,0,84,319,322,0,0,1
lqr_sysid_csv,48190,320,sample,1032,10,10,0,0,0,0,0,84,319,322,0,0,1
lqr_sysid_csv,48201,320,sample,1033,10,10,0,0,0,0,0,84,319,322,0,0,1
lqr_sysid_csv,48211,320,sample,1034,10,10,0,0,0,0,0,84,319,322,0,0,1
lqr_sysid_csv,48221,320,sample,1035,10,10,0,0,0,0,0,84,319,322,0,0,1
lqr_sysid_csv,48239,320,sample,1036,10,10,0,0,0,0,0,84,319,322,0,0,1
lqr_sysid_csv,48249,320,sample,1037,10,10,0,0,0,0,0,84,319,322,0,0,1
lqr_sysid_csv,48259,320,sample,1038,10,10,0,0,0,0,0,84,319,322,0,0,1
lqr_sysid_csv,48270,320,sample,1039,10,10,0,0,0,0,0,84,319,322,0,0,1
lqr_sysid_csv,48280,320,sample,1040,10,10,0,0,0,0,0,84,319,322,0,0,1
lqr_sysid_csv,48290,320,sample,1041,10,10,0,0,0,0,0,84,319,322,0,0,1
lqr_sysid_csv,48300,320,sample,1042,10,10,0,0,0,0,0,84,319,322,0,0,1
lqr_sysid_csv,48311,320,sample,1043,10,10,0,0,0,0,0,84,319,322,0,0,1
lqr_sysid_csv,48321,320,sample,1044,10,10,0,0,0,0,0,84,319,322,0,0,1
lqr_sysid_csv,48332,320,sample,1045,10,10,0,0,0,0,0,84,319,322,0,0,1
lqr_sysid_csv,48342,320,sample,1046,10,10,0,0,0,0,0,84,319,322,0,0,1
lqr_sysid_csv,48353,320,sample,1047,10,10,0,0,0,0,0,84,319,322,0,0,1
lqr_sysid_csv,48364,320,sample,1048,10,10,0,0,0,0,0,84,319,322,0,0,1
lqr_sysid_csv,48374,320,sample,1049,10,10,0,0,0,0,0,84,319,322,0,0,1
lqr_sysid_csv,48385,320,sample,1050,10,10,0,0,0,0,0,84,319,322,0,0,1
lqr_sysid_csv,48395,320,sample,1051,10,10,0,0,0,0,0,84,319,322,0,0,1
lqr_sysid_csv,48406,320,sample,1052,10,10,0,0,0,0,0,84,319,322,0,0,1
lqr_sysid_csv,48417,320,sample,1053,10,10,0,0,0,0,0,84,319,322,0,0,1
lqr_sysid_csv,48427,320,sample,1054,10,10,0,0,0,0,0,84,319,322,0,0,1
lqr_sysid_csv,48437,320,sample,1055,10,10,0,0,0,0,0,84,319,322,0,0,1
lqr_sysid_csv,48448,320,sample,1056,10,10,0,0,0,0,0,84,319,322,0,0,1
lqr_sysid_csv,48459,320,sample,1057,10,10,0,0,0,0,0,84,319,322,0,0,1
lqr_sysid_csv,48469,320,sample,1058,10,10,0,0,0,0,0,84,319,322,0,0,1
lqr_sysid_csv,48480,320,sample,1059,10,10,0,0,0,0,0,84,319,322,0,0,1
lqr_sysid_csv,48490,320,sample,1060,10,10,0,0,0,0,0,84,319,322,0,0,1
lqr_sysid_csv,48500,320,sample,1061,10,10,0,0,0,0,0,84,319,322,0,0,1
lqr_sysid_csv,48511,320,sample,1062,10,10,0,0,0,0,0,-315,319,322,0,0,1
lqr_sysid_csv,48521,320,sample,1063,10,10,0,0,0,0,0,-315,319,322,0,0,1
lqr_sysid_csv,48532,320,sample,1064,10,10,0,0,0,0,0,-315,319,322,0,0,1
lqr_sysid_csv,48542,320,sample,1065,10,10,0,0,0,0,0,-315,319,322,0,0,1
lqr_sysid_csv,48553,320,sample,1066,10,10,0,0,0,0,0,-315,319,322,0,0,1
lqr_sysid_csv,48564,320,sample,1067,10,10,0,0,0,0,0,-315,319,322,0,0,1
lqr_sysid_csv,48575,320,sample,1068,10,10,0,0,0,0,0,-315,319,322,0,0,1
lqr_sysid_csv,48586,320,sample,1069,10,10,0,0,0,0,0,-315,319,322,0,0,1
lqr_sysid_csv,48596,320,sample,1070,10,10,0,0,0,0,0,-315,319,322,0,0,1
lqr_sysid_csv,48608,320,sample,1071,10,10,0,0,0,0,0,-315,319,322,0,0,1
lqr_sysid_csv,48618,320,sample,1072,10,10,0,0,0,0,0,-315,319,322,0,0,1
lqr_sysid_csv,48630,320,sample,1073,10,10,0,0,0,0,0,-315,319,322,0,0,1
lqr_sysid_csv,48640,320,sample,1074,10,10,0,0,0,0,0,-315,319,322,0,0,1
lqr_sysid_csv,48651,320,sample,1075,10,10,0,0,0,0,0,-315,319,322,0,0,1
lqr_sysid_csv,48662,320,sample,1076,10,10,0,0,0,0,0,-315,319,322,0,0,1
lqr_sysid_csv,48678,320,sample,1077,10,10,0,0,0,0,0,-315,319,322,0,0,1
lqr_sysid_csv,48689,320,sample,1078,10,10,0,0,0,0,0,-315,319,322,0,0,1
lqr_sysid_csv,48706,320,sample,1079,10,10,0,0,0,0,0,-315,319,322,0,0,1
lqr_sysid_csv,48717,320,sample,1080,10,10,0,0,0,0,0,-315,319,322,0,0,1
lqr_sysid_csv,48728,320,sample,1081,10,10,0,0,0,0,0,-315,319,322,0,0,1
lqr_sysid_csv,48739,320,sample,1082,10,10,0,0,0,0,0,-315,319,322,0,0,1
lqr_sysid_csv,48749,320,sample,1083,10,10,0,0,0,0,0,-315,319,322,0,0,1
lqr_sysid_csv,48760,320,sample,1084,10,10,0,0,0,0,0,-315,319,322,0,0,1
lqr_sysid_csv,48770,320,sample,1085,10,10,0,0,0,0,0,-315,319,322,0,0,1
lqr_sysid_csv,48781,320,sample,1086,10,10,0,0,0,0,0,-315,319,322,0,0,1
lqr_sysid_csv,48792,320,sample,1087,10,10,0,0,0,0,0,-315,319,322,0,0,1
lqr_sysid_csv,48803,320,sample,1088,10,10,0,0,0,0,0,-315,319,322,0,0,1
lqr_sysid_csv,48814,320,sample,1089,10,10,0,0,0,0,0,-315,319,322,0,0,1
lqr_sysid_csv,48825,320,sample,1090,10,10,0,0,0,0,0,-315,319,322,0,0,1
lqr_sysid_csv,48836,320,sample,1091,10,10,0,0,0,0,0,-315,319,322,0,0,1
lqr_sysid_csv,48846,320,sample,1092,10,10,0,0,0,0,0,84,319,322,0,0,1
lqr_sysid_csv,48856,320,sample,1093,10,10,0,0,0,0,0,84,319,322,0,0,1
lqr_sysid_csv,48867,320,sample,1094,10,10,0,0,0,0,0,84,319,322,0,0,1
lqr_sysid_csv,48877,320,sample,1095,10,10,0,0,0,0,0,84,319,322,0,0,1
lqr_sysid_csv,48888,320,sample,1096,10,10,0,0,0,0,0,84,319,322,0,0,1
lqr_sysid_csv,48904,320,sample,1097,10,10,0,0,0,0,0,84,319,322,0,0,1
lqr_sysid_csv,48915,320,sample,1098,10,10,0,0,0,0,0,84,319,322,0,0,1
lqr_sysid_csv,48925,320,sample,1099,10,10,0,0,0,0,0,84,319,322,0,0,1
lqr_sysid_csv,48936,320,sample,1100,10,10,0,0,0,0,0,84,319,322,0,0,1
lqr_sysid_csv,48946,320,sample,1101,10,10,0,0,0,0,0,84,319,322,0,0,1
lqr_sysid_csv,48957,320,sample,1102,10,10,0,0,0,0,0,84,319,322,0,0,1
lqr_sysid_csv,48967,320,sample,1103,10,10,0,0,0,0,0,83,319,322,0,0,1
lqr_sysid_csv,48977,320,sample,1104,10,10,0,0,0,0,0,83,319,322,0,0,1
lqr_sysid_csv,48988,320,sample,1105,10,10,0,0,0,0,0,83,319,322,0,0,1
lqr_sysid_csv,48998,320,sample,1106,10,10,0,0,0,0,0,83,319,322,0,0,1
lqr_sysid_csv,49008,320,sample,1107,10,10,0,0,0,0,0,83,319,322,0,0,1
lqr_sysid_csv,49019,320,sample,1108,10,10,0,0,0,0,0,83,319,322,0,0,1
lqr_sysid_csv,49030,320,sample,1109,10,10,0,0,0,0,0,83,319,322,0,0,1
lqr_sysid_csv,49040,320,sample,1110,10,10,0,0,0,0,0,83,319,322,0,0,1
lqr_sysid_csv,49051,320,sample,1111,10,10,0,0,0,0,0,83,319,322,0,0,1
lqr_sysid_csv,49061,320,sample,1112,10,10,0,0,0,0,0,83,319,322,0,0,1
lqr_sysid_csv,49071,320,sample,1113,10,10,0,0,0,0,0,83,319,322,0,0,1
lqr_sysid_csv,49081,320,sample,1114,10,10,0,0,0,0,0,83,319,322,0,0,1
lqr_sysid_csv,49092,320,sample,1115,10,10,0,0,0,0,0,83,319,322,0,0,1
lqr_sysid_csv,49102,320,sample,1116,10,10,0,0,0,0,0,83,319,322,0,0,1
lqr_sysid_csv,49113,320,sample,1117,10,10,0,0,0,0,0,83,319,322,0,0,1
lqr_sysid_csv,49123,320,sample,1118,10,10,0,0,0,0,0,83,319,322,0,0,1
lqr_sysid_csv,49134,320,sample,1119,10,10,0,0,0,0,0,83,319,322,0,0,1
lqr_sysid_csv,49144,320,sample,1120,10,10,0,0,0,0,0,83,319,322,0,0,1
lqr_sysid_csv,49155,320,sample,1121,10,10,0,0,0,0,0,83,319,322,0,0,1
lqr_sysid_csv,49165,320,sample,1122,10,10,0,0,0,0,0,83,319,322,0,0,1
lqr_sysid_csv,49176,320,sample,1123,10,10,0,0,0,0,0,83,319,322,0,0,1
lqr_sysid_csv,49192,320,sample,1124,10,10,0,0,0,0,0,83,319,322,0,0,1
lqr_sysid_csv,49203,320,sample,1125,10,10,0,0,0,0,0,83,319,322,0,0,1
lqr_sysid_csv,49213,320,sample,1126,10,10,0,0,0,0,0,83,319,322,0,0,1
lqr_sysid_csv,49224,320,sample,1127,10,10,0,0,0,0,0,83,319,322,0,0,1
lqr_sysid_csv,49234,320,sample,1128,10,10,0,0,0,0,0,83,319,322,0,0,1
lqr_sysid_csv,49245,320,sample,1129,10,10,0,0,0,0,0,83,319,322,0,0,1
lqr_sysid_csv,49255,320,sample,1130,10,10,0,0,0,0,0,83,319,322,0,0,1
lqr_sysid_csv,49265,320,sample,1131,10,10,0,0,0,0,0,83,319,322,0,0,1
lqr_sysid_csv,49276,320,sample,1132,10,10,0,0,0,0,0,83,319,322,0,0,1
lqr_sysid_csv,49286,320,sample,1133,10,10,0,0,0,0,0,83,319,322,0,0,1
lqr_sysid_csv,49296,320,sample,1134,10,10,0,0,0,0,0,83,319,322,0,0,1
lqr_sysid_csv,49307,320,sample,1135,10,10,0,0,0,0,0,83,319,322,0,0,1
lqr_sysid_csv,49318,320,sample,1136,10,10,0,0,0,0,0,83,319,322,0,0,1
lqr_sysid_csv,49328,320,sample,1137,10,10,0,0,0,0,0,83,319,322,0,0,1
lqr_sysid_csv,49339,320,sample,1138,10,10,0,0,0,0,0,83,319,322,0,0,1
lqr_sysid_csv,49349,320,sample,1139,10,10,0,0,0,0,0,83,319,322,0,0,1
lqr_sysid_csv,49359,320,sample,1140,10,10,0,0,0,0,0,83,319,322,0,0,1
lqr_sysid_csv,49370,320,sample,1141,10,10,0,0,0,0,0,83,319,322,0,0,1
lqr_sysid_csv,49380,320,sample,1142,10,10,0,0,0,0,0,83,319,322,0,0,1
lqr_sysid_csv,49391,320,sample,1143,10,10,0,0,0,0,0,83,319,322,0,0,1
lqr_sysid_csv,49401,320,sample,1144,10,10,0,0,0,0,0,83,319,322,0,0,1
lqr_sysid_csv,49411,320,sample,1145,10,10,0,0,0,0,0,83,319,322,0,0,1
lqr_sysid_csv,49422,320,sample,1146,10,10,0,0,0,0,0,83,319,322,0,0,1
lqr_sysid_csv,49432,320,sample,1147,10,10,0,0,0,0,0,83,319,322,0,0,1
lqr_sysid_csv,49442,320,sample,1148,10,10,0,0,0,0,0,83,319,322,0,0,1
lqr_sysid_csv,49452,320,sample,1149,10,10,0,0,0,0,0,83,319,322,0,0,1
lqr_sysid_csv,49462,320,sample,1150,10,10,0,0,0,0,0,83,319,322,0,0,1
lqr_sysid_csv,49479,320,sample,1151,10,10,0,0,0,0,0,83,319,322,0,0,1
lqr_sysid_csv,49490,320,sample,1152,10,10,0,0,0,0,0,83,319,322,0,0,1
lqr_sysid_csv,49500,320,sample,1153,10,10,0,0,0,0,0,-316,319,322,0,0,1
lqr_sysid_csv,49511,320,sample,1154,10,10,0,0,0,0,0,-316,319,322,0,0,1
lqr_sysid_csv,49522,320,sample,1155,10,10,0,0,0,0,0,-316,319,322,0,0,1
lqr_sysid_csv,49532,320,sample,1156,10,10,0,0,0,0,0,-316,319,322,0,0,1
lqr_sysid_csv,49543,320,sample,1157,10,10,0,0,0,0,0,-316,319,322,0,0,1
lqr_sysid_csv,49554,320,sample,1158,10,10,0,0,0,0,0,-316,319,322,0,0,1
lqr_sysid_csv,49565,320,sample,1159,10,10,0,0,0,0,0,-316,319,322,0,0,1
lqr_sysid_csv,49576,320,sample,1160,10,10,0,0,0,0,0,-316,319,322,0,0,1
lqr_sysid_csv,49586,320,sample,1161,10,10,0,0,0,0,0,-316,319,322,0,0,1
lqr_sysid_csv,49597,320,sample,1162,10,10,0,0,0,0,0,-316,319,322,0,0,1
lqr_sysid_csv,49607,320,sample,1163,10,10,0,0,0,0,0,-316,319,322,0,0,1
lqr_sysid_csv,49618,320,sample,1164,10,10,0,0,0,0,0,-316,319,322,0,0,1
lqr_sysid_csv,49628,320,sample,1165,10,10,0,0,0,0,0,-316,319,322,0,0,1
lqr_sysid_csv,49639,320,sample,1166,10,10,0,0,0,0,0,-316,319,322,0,0,1
lqr_sysid_csv,49650,320,sample,1167,10,10,0,0,0,0,0,-316,319,322,0,0,1
lqr_sysid_csv,49660,320,sample,1168,10,10,0,0,0,0,0,-316,319,322,0,0,1
lqr_sysid_csv,49671,320,sample,1169,10,10,0,0,0,0,0,-316,319,322,0,0,1
lqr_sysid_csv,49682,320,sample,1170,10,10,0,0,0,0,0,-316,319,322,0,0,1
lqr_sysid_csv,49693,320,sample,1171,10,10,0,0,0,0,0,-316,319,322,0,0,1
lqr_sysid_csv,49703,320,sample,1172,10,10,0,0,0,0,0,-316,319,322,0,0,1
lqr_sysid_csv,49714,320,sample,1173,10,10,0,0,0,0,0,-316,319,322,0,0,1
lqr_sysid_csv,49725,320,sample,1174,10,10,0,0,0,0,0,-316,319,322,0,0,1
lqr_sysid_csv,49736,320,sample,1175,10,10,0,0,0,0,0,-316,319,322,0,0,1
lqr_sysid_csv,49747,320,sample,1176,10,10,0,0,0,0,0,-316,319,322,0,0,1
lqr_sysid_csv,49764,320,sample,1177,10,10,0,0,0,0,0,-316,319,322,0,0,1
lqr_sysid_csv,49775,320,sample,1178,10,10,0,0,0,0,0,-316,319,322,0,0,1
lqr_sysid_csv,49785,320,sample,1179,10,10,0,0,0,0,0,-316,319,322,0,0,1
lqr_sysid_csv,49796,320,sample,1180,10,10,0,0,0,0,0,-316,319,322,0,0,1
lqr_sysid_csv,49806,320,sample,1181,10,10,0,0,0,0,0,-316,319,322,0,0,1
lqr_sysid_csv,49817,320,sample,1182,10,10,0,0,0,0,0,-316,319,322,0,0,1
lqr_sysid_csv,49827,320,sample,1183,10,10,0,0,0,0,0,-316,319,322,0,0,1
lqr_sysid_csv,49845,320,sample,1184,10,10,0,0,0,0,0,83,319,322,0,0,1
lqr_sysid_csv,49855,320,sample,1185,10,10,0,0,0,0,0,83,319,322,0,0,1
lqr_sysid_csv,49866,320,sample,1186,10,10,0,0,0,0,0,83,319,322,0,0,1
lqr_sysid_csv,49876,320,sample,1187,10,10,0,0,0,0,0,83,319,322,0,0,1
lqr_sysid_csv,49886,320,sample,1188,10,10,0,0,0,0,0,83,319,322,0,0,1
lqr_sysid_csv,49897,320,sample,1189,10,10,0,0,0,0,0,83,319,322,0,0,1
lqr_sysid_csv,49907,320,sample,1190,10,10,0,0,0,0,0,83,319,322,0,0,1
lqr_sysid_csv,49918,320,sample,1191,10,10,0,0,0,0,0,83,319,322,0,0,1
lqr_sysid_csv,49928,320,sample,1192,10,10,0,0,0,0,0,83,319,322,0,0,1
lqr_sysid_csv,49945,320,sample,1193,10,10,0,0,0,0,0,83,319,322,0,0,1
lqr_sysid_csv,49955,320,sample,1194,10,10,0,0,0,0,0,83,319,322,0,0,1
lqr_sysid_csv,49966,320,sample,1195,10,10,0,0,0,0,0,83,319,322,0,0,1
lqr_sysid_csv,49976,320,sample,1196,10,10,0,0,0,0,0,83,319,322,0,0,1
lqr_sysid_csv,49986,320,sample,1197,10,10,0,0,0,0,0,83,319,322,0,0,1
lqr_sysid_csv,49996,320,sample,1198,10,10,0,0,0,0,0,83,319,322,0,0,1
lqr_sysid_csv,50007,320,sample,1199,10,10,0,0,0,0,0,83,319,322,0,0,1
lqr_sysid_csv,50017,320,sample,1200,10,10,0,0,0,0,0,83,319,322,0,0,1
lqr_sysid_csv,50028,320,sample,1201,10,10,0,0,0,0,0,83,319,322,0,0,1
lqr_sysid_csv,50038,320,sample,1202,10,10,0,0,0,0,0,83,319,322,0,0,1
lqr_sysid_csv,50048,320,sample,1203,10,10,0,0,0,0,0,83,319,322,0,0,1
lqr_sysid_csv,50059,320,sample,1204,10,10,0,0,0,0,0,83,319,322,0,0,1
lqr_sysid_csv,50070,320,sample,1205,10,10,0,0,0,0,0,83,319,322,0,0,1
lqr_sysid_csv,50080,320,sample,1206,10,10,0,0,0,0,0,83,319,322,0,0,1
lqr_sysid_csv,50091,320,sample,1207,10,10,0,0,0,0,0,83,319,322,0,0,1
lqr_sysid_csv,50107,320,sample,1208,10,10,0,0,0,0,0,83,319,322,0,0,1
lqr_sysid_csv,50118,320,sample,1209,10,10,0,0,0,0,0,83,319,322,0,0,1
lqr_sysid_csv,50128,320,sample,1210,10,10,0,0,0,0,0,83,319,322,0,0,1
lqr_sysid_csv,50139,320,sample,1211,10,10,0,0,0,0,0,83,319,322,0,0,1
lqr_sysid_csv,50149,320,sample,1212,10,10,0,0,0,0,0,83,319,322,0,0,1
lqr_sysid_csv,50160,320,sample,1213,10,10,0,0,0,0,0,83,319,322,0,0,1
lqr_sysid_csv,50170,320,sample,1214,10,10,0,0,0,0,0,83,319,322,0,0,1
lqr_sysid_csv,50180,320,sample,1215,10,10,0,0,0,0,0,83,319,322,0,0,1
lqr_sysid_csv,50191,320,sample,1216,10,10,0,0,0,0,0,83,319,322,0,0,1
lqr_sysid_csv,50201,320,sample,1217,10,10,0,0,0,0,0,83,319,322,0,0,1
lqr_sysid_csv,50212,320,sample,1218,10,10,0,0,0,0,0,83,319,322,0,0,1
lqr_sysid_csv,50222,320,sample,1219,10,10,0,0,0,0,0,83,319,322,0,0,1
lqr_sysid_csv,50233,320,sample,1220,10,10,0,0,0,0,0,83,319,322,0,0,1
lqr_sysid_csv,50243,320,sample,1221,10,10,0,0,0,0,0,83,319,322,0,0,1
lqr_sysid_csv,50254,320,sample,1222,10,10,0,0,0,0,0,83,319,322,0,0,1
lqr_sysid_csv,50264,320,sample,1223,10,10,0,0,0,0,0,83,319,322,0,0,1
lqr_sysid_csv,50275,320,sample,1224,10,10,0,0,0,0,0,83,319,322,0,0,1
lqr_sysid_csv,50285,320,sample,1225,10,10,0,0,0,0,0,83,319,322,0,0,1
lqr_sysid_csv,50295,320,sample,1226,10,10,0,0,0,0,0,83,319,322,0,0,1
lqr_sysid_csv,50306,320,sample,1227,10,10,0,0,0,0,0,83,319,322,0,0,1
lqr_sysid_csv,50316,320,sample,1228,10,10,0,0,0,0,0,83,319,322,0,0,1
lqr_sysid_csv,50326,320,sample,1229,10,10,0,0,0,0,0,83,319,322,0,0,1
lqr_sysid_csv,50336,320,sample,1230,10,10,0,0,0,0,0,83,319,322,0,0,1
lqr_sysid_csv,50346,320,sample,1231,10,10,0,0,0,0,0,83,319,322,0,0,1
lqr_sysid_csv,50356,320,sample,1232,10,10,0,0,0,0,0,83,319,322,0,0,1
lqr_sysid_csv,50366,320,sample,1233,10,10,0,0,0,0,0,83,319,322,0,0,1
lqr_sysid_csv,50376,320,sample,1234,10,10,0,0,0,0,0,83,319,322,0,0,1
lqr_sysid_csv,50386,320,sample,1235,10,10,0,0,0,0,0,83,319,322,0,0,1
lqr_sysid_csv,50396,320,sample,1236,10,10,0,0,0,0,0,83,319,322,0,0,1
lqr_sysid_csv,50406,320,sample,1237,10,10,0,0,0,0,0,83,319,322,0,0,1
lqr_sysid_csv,50417,320,sample,1238,10,10,0,0,0,0,0,83,319,322,0,0,1
lqr_sysid_csv,50427,320,sample,1239,10,10,0,0,0,0,0,83,319,322,0,0,1
lqr_sysid_csv,50438,320,sample,1240,10,10,0,0,0,0,0,83,319,322,0,0,1
lqr_sysid_csv,50448,320,sample,1241,10,10,0,0,0,0,0,83,319,322,0,0,1
lqr_sysid_csv,50458,320,sample,1242,10,10,0,0,0,0,0,83,319,322,0,0,1
lqr_sysid_csv,50468,320,sample,1243,10,10,0,0,0,0,0,83,319,322,0,0,1
lqr_sysid_csv,50479,320,sample,1244,10,10,0,0,0,0,0,83,319,322,0,0,1
lqr_sysid_csv,50489,320,sample,1245,10,10,0,0,0,0,0,-316,319,322,0,0,1
lqr_sysid_csv,50500,320,sample,1246,10,10,0,0,0,0,0,-316,319,322,0,0,1
lqr_sysid_csv,50511,320,sample,1247,10,10,0,0,0,0,0,-316,319,322,0,0,1
lqr_sysid_csv,50522,320,sample,1248,10,10,0,0,0,0,0,-316,319,322,0,0,1
lqr_sysid_csv,50532,320,sample,1249,10,10,0,0,0,0,0,-316,319,322,0,0,1
lqr_sysid_csv,50543,320,sample,1250,10,10,0,0,0,0,0,-316,319,322,0,0,1
lqr_sysid_csv,50554,320,sample,1251,10,10,0,0,0,0,0,-316,319,322,0,0,1
lqr_sysid_csv,50571,320,sample,1252,10,10,0,0,0,0,0,-316,319,322,0,0,1
lqr_sysid_csv,50582,320,sample,1253,10,10,0,0,0,0,0,-316,319,322,0,0,1
lqr_sysid_csv,50593,320,sample,1254,10,10,0,0,0,0,0,-316,319,322,0,0,1
lqr_sysid_csv,50604,320,sample,1255,10,10,0,0,0,0,0,-316,319,322,0,0,1
lqr_sysid_csv,50615,320,sample,1256,10,10,0,0,0,0,0,-316,319,322,0,0,1
lqr_sysid_csv,50626,320,sample,1257,10,10,0,0,0,0,0,-316,319,322,0,0,1
lqr_sysid_csv,50644,320,sample,1258,10,10,0,0,0,0,0,-316,319,322,0,0,1
lqr_sysid_csv,50654,320,sample,1259,10,10,0,0,0,0,0,-316,319,322,0,0,1
lqr_sysid_csv,50665,320,sample,1260,10,10,0,0,0,0,0,-316,319,322,0,0,1
lqr_sysid_csv,50676,320,sample,1261,10,10,0,0,0,0,0,-316,319,322,0,0,1
lqr_sysid_csv,50694,320,sample,1262,10,10,0,0,0,0,0,-316,319,322,0,0,1
lqr_sysid_csv,50704,320,sample,1263,10,10,0,0,0,0,0,-316,319,322,0,0,1
lqr_sysid_csv,50715,320,sample,1264,10,10,0,0,0,0,0,-316,319,322,0,0,1
lqr_sysid_csv,50726,320,sample,1265,10,10,0,0,0,0,0,-316,319,322,0,0,1
lqr_sysid_csv,50737,320,sample,1266,10,10,0,0,0,0,0,-316,319,322,0,0,1
lqr_sysid_csv,50748,320,sample,1267,10,10,0,0,0,0,0,-316,319,322,0,0,1
lqr_sysid_csv,50759,320,sample,1268,10,10,0,0,0,0,0,-316,319,322,0,0,1
lqr_sysid_csv,50770,320,sample,1269,10,10,0,0,0,0,0,-316,319,322,0,0,1
lqr_sysid_csv,50781,320,sample,1270,10,10,0,0,0,0,0,-316,319,322,0,0,1
lqr_sysid_csv,50792,320,sample,1271,10,10,0,0,0,0,0,-316,319,322,0,0,1
lqr_sysid_csv,50803,320,sample,1272,10,10,0,0,0,0,0,-316,319,322,0,0,1
lqr_sysid_csv,50813,320,sample,1273,10,10,0,0,0,0,0,-316,319,322,0,0,1
lqr_sysid_csv,50830,320,sample,1274,10,10,0,0,0,0,0,83,319,322,0,0,1
lqr_sysid_csv,50840,320,sample,1275,10,10,0,0,0,0,0,83,319,322,0,0,1
lqr_sysid_csv,50850,320,sample,1276,10,10,0,0,0,0,0,83,319,322,0,0,1
lqr_sysid_csv,50861,320,sample,1277,10,10,0,0,0,0,0,83,319,322,0,0,1
lqr_sysid_csv,50878,320,sample,1278,10,10,0,0,0,0,0,83,319,322,0,0,1
lqr_sysid_csv,50888,320,sample,1279,10,10,0,0,0,0,0,83,319,322,0,0,1
lqr_sysid_csv,50898,320,sample,1280,10,10,0,0,0,0,0,83,319,322,0,0,1
lqr_sysid_csv,50909,320,sample,1281,10,10,0,0,0,0,0,83,319,322,0,0,1
lqr_sysid_csv,50919,320,sample,1282,10,10,0,0,0,0,0,83,319,322,0,0,1
lqr_sysid_csv,50930,320,sample,1283,10,10,0,0,0,0,0,83,319,322,0,0,1
lqr_sysid_csv,50940,320,sample,1284,10,10,0,0,0,0,0,83,319,322,0,0,1
lqr_sysid_csv,50950,320,sample,1285,10,10,0,0,0,0,0,83,319,322,0,0,1
lqr_sysid_csv,50960,320,sample,1286,10,10,0,0,0,0,0,83,319,322,0,0,1
lqr_sysid_csv,50970,320,sample,1287,10,10,0,0,0,0,0,83,319,322,0,0,1
lqr_sysid_csv,50981,320,sample,1288,10,10,0,0,0,0,0,83,319,322,0,0,1
lqr_sysid_csv,50991,320,sample,1289,10,10,0,0,0,0,0,83,319,322,0,0,1
lqr_sysid_csv,51001,320,sample,1290,10,10,0,0,0,0,0,83,319,322,0,0,1
lqr_sysid_csv,51011,320,sample,1291,10,10,0,0,0,0,0,83,319,322,0,0,1
lqr_sysid_csv,51022,320,sample,1292,10,10,0,0,0,0,0,83,319,322,0,0,1
lqr_sysid_csv,51032,320,sample,1293,10,10,0,0,0,0,0,83,319,322,0,0,1
lqr_sysid_csv,51042,320,sample,1294,10,10,0,0,0,0,0,83,319,322,0,0,1
lqr_sysid_csv,51053,320,sample,1295,10,10,0,0,0,0,0,83,319,322,0,0,1
lqr_sysid_csv,51063,320,sample,1296,10,10,0,0,0,0,0,83,319,322,0,0,1
lqr_sysid_csv,51073,320,sample,1297,10,10,0,0,0,0,0,83,319,322,0,0,1
lqr_sysid_csv,51084,320,sample,1298,10,10,0,0,0,0,0,83,319,322,0,0,1
lqr_sysid_csv,51094,320,sample,1299,10,10,0,0,0,0,0,83,319,322,0,0,1
lqr_sysid_csv,51104,320,sample,1300,10,10,0,0,0,0,0,83,319,322,0,0,1
lqr_sysid_csv,51115,320,sample,1301,10,10,0,0,0,0,0,83,319,322,0,0,1
lqr_sysid_csv,51132,320,sample,1302,10,10,0,0,0,0,0,83,319,322,0,0,1
lqr_sysid_csv,51142,320,sample,1303,10,10,0,0,0,0,0,83,319,322,0,0,1
lqr_sysid_csv,51153,320,sample,1304,10,10,0,0,0,0,0,83,319,322,0,0,1
lqr_sysid_csv,51163,320,sample,1305,10,10,0,0,0,0,0,83,319,322,0,0,1
lqr_sysid_csv,51173,320,sample,1306,10,10,0,0,0,0,0,83,319,322,0,0,1
lqr_sysid_csv,51184,320,sample,1307,10,10,0,0,0,0,0,83,319,322,0,0,1
lqr_sysid_csv,51194,320,sample,1308,10,10,0,0,0,0,0,83,319,322,0,0,1
lqr_sysid_csv,51205,320,sample,1309,10,10,0,0,0,0,0,83,319,322,0,0,1
lqr_sysid_csv,51215,320,sample,1310,10,10,0,0,0,0,0,83,319,322,0,0,1
lqr_sysid_csv,51226,320,sample,1311,10,10,0,0,0,0,0,83,319,322,0,0,1
lqr_sysid_csv,51237,320,sample,1312,10,10,0,0,0,0,0,83,319,322,0,0,1
lqr_sysid_csv,51247,320,sample,1313,10,10,0,0,0,0,0,83,319,322,0,0,1
lqr_sysid_csv,51257,320,sample,1314,10,10,0,0,0,0,0,83,319,322,0,0,1
lqr_sysid_csv,51267,320,sample,1315,10,10,0,0,0,0,0,83,319,322,0,0,1
lqr_sysid_csv,51284,320,sample,1316,10,10,0,0,0,0,0,83,319,322,0,0,1
lqr_sysid_csv,51295,320,sample,1317,10,10,0,0,0,0,0,83,319,322,0,0,1
lqr_sysid_csv,51305,320,sample,1318,10,10,0,0,0,0,0,83,319,322,0,0,1
lqr_sysid_csv,51316,320,sample,1319,10,10,0,0,0,0,0,83,319,322,0,0,1
lqr_sysid_csv,51326,320,sample,1320,10,10,0,0,0,0,0,83,319,322,0,0,1
lqr_sysid_csv,51337,320,sample,1321,10,10,0,0,0,0,0,83,319,322,0,0,1
lqr_sysid_csv,51347,320,sample,1322,10,10,0,0,0,0,0,83,319,322,0,0,1
lqr_sysid_csv,51357,320,sample,1323,10,10,0,0,0,0,0,83,319,322,0,0,1
lqr_sysid_csv,51368,320,sample,1324,10,10,0,0,0,0,0,83,319,322,0,0,1
lqr_sysid_csv,51384,320,sample,1325,10,10,0,0,0,0,0,83,319,322,0,0,1
lqr_sysid_csv,51394,320,sample,1326,10,10,0,0,0,0,0,83,319,322,0,0,1
lqr_sysid_csv,51405,320,sample,1327,10,10,0,0,0,0,0,83,319,322,0,0,1
lqr_sysid_csv,51415,320,sample,1328,10,10,0,0,0,0,0,83,319,322,0,0,1
lqr_sysid_csv,51426,320,sample,1329,10,10,0,0,0,0,0,83,319,322,0,0,1
lqr_sysid_csv,51436,320,sample,1330,10,10,0,0,0,0,0,83,319,322,0,0,1
lqr_sysid_csv,51447,320,sample,1331,10,10,0,0,0,0,0,83,319,322,0,0,1
lqr_sysid_csv,51457,320,sample,1332,10,10,0,0,0,0,0,83,319,322,0,0,1
lqr_sysid_csv,51467,320,sample,1333,10,10,0,0,0,0,0,-316,319,322,0,0,1
lqr_sysid_csv,51478,320,sample,1334,10,10,0,0,0,0,0,-316,319,322,0,0,1
lqr_sysid_csv,51489,320,sample,1335,10,10,0,0,0,0,0,-316,319,322,0,0,1
lqr_sysid_csv,51500,320,sample,1336,10,10,0,0,0,0,0,-316,319,322,0,0,1
lqr_sysid_csv,51511,320,sample,1337,10,10,0,0,0,0,0,-316,319,322,0,0,1
lqr_sysid_csv,51521,320,sample,1338,10,10,0,0,0,0,0,-316,319,322,0,0,1
lqr_sysid_csv,51532,320,sample,1339,10,10,0,0,0,0,0,-316,319,322,0,0,1
lqr_sysid_csv,51543,320,sample,1340,10,10,0,0,0,0,0,-316,319,322,0,0,1
lqr_sysid_csv,51553,320,sample,1341,10,10,0,0,0,0,0,-316,319,322,0,0,1
lqr_sysid_csv,51564,320,sample,1342,10,10,0,0,0,0,0,-316,319,322,0,0,1
lqr_sysid_csv,51574,320,sample,1343,10,10,0,0,0,0,0,-316,319,322,0,0,1
lqr_sysid_csv,51585,320,sample,1344,10,10,0,0,0,0,0,-316,319,322,0,0,1
lqr_sysid_csv,51603,320,sample,1345,10,10,0,0,0,0,0,-316,319,322,0,0,1
lqr_sysid_csv,51613,320,sample,1346,10,10,0,0,0,0,0,-316,319,322,0,0,1
lqr_sysid_csv,51624,320,sample,1347,10,10,0,0,0,0,0,-316,319,322,0,0,1
lqr_sysid_csv,51634,320,sample,1348,10,10,0,0,0,0,0,-316,319,322,0,0,1
lqr_sysid_csv,51645,320,sample,1349,10,10,0,0,0,0,0,-316,319,322,0,0,1
lqr_sysid_csv,51655,320,sample,1350,10,10,0,0,0,0,0,-316,319,322,0,0,1
lqr_sysid_csv,51666,320,sample,1351,10,10,0,0,0,0,0,-316,319,322,0,0,1
lqr_sysid_csv,51676,320,sample,1352,10,10,0,0,0,0,0,-316,319,322,0,0,1
lqr_sysid_csv,51693,320,sample,1353,10,10,0,0,0,0,0,-316,319,322,0,0,1
lqr_sysid_csv,51703,320,sample,1354,10,10,0,0,0,0,0,-316,319,322,0,0,1
lqr_sysid_csv,51715,320,sample,1355,10,10,0,0,0,0,0,-316,319,322,0,0,1
lqr_sysid_csv,51725,320,sample,1356,10,10,0,0,0,0,0,-316,319,322,0,0,1
lqr_sysid_csv,51736,320,sample,1357,10,10,0,0,0,0,0,-316,319,322,0,0,1
lqr_sysid_csv,51754,320,sample,1358,10,10,0,0,0,0,0,-316,319,322,0,0,1
lqr_sysid_csv,51764,320,sample,1359,10,10,0,0,0,0,0,-316,319,322,0,0,1
lqr_sysid_csv,51775,320,sample,1360,10,10,0,0,0,0,0,-316,319,322,0,0,1
lqr_sysid_csv,51786,320,sample,1361,10,10,0,0,0,0,0,-316,319,322,0,0,1
lqr_sysid_csv,51796,320,sample,1362,10,10,0,0,0,0,0,83,319,322,0,0,1
lqr_sysid_csv,51807,320,sample,1363,10,10,0,0,0,0,0,83,319,322,0,0,1
lqr_sysid_csv,51818,320,sample,1364,10,10,0,0,0,0,0,83,319,322,0,0,1
lqr_sysid_csv,51828,320,sample,1365,10,10,0,0,0,0,0,83,319,322,0,0,1
lqr_sysid_csv,51838,320,sample,1366,10,10,0,0,0,0,0,83,319,322,0,0,1
lqr_sysid_csv,51849,320,sample,1367,10,10,0,0,0,0,0,83,319,322,0,0,1
lqr_sysid_csv,51859,320,sample,1368,10,10,0,0,0,0,0,83,319,322,0,0,1
lqr_sysid_csv,51869,320,sample,1369,10,10,0,0,0,0,0,83,319,322,0,0,1
lqr_sysid_csv,51880,320,sample,1370,10,10,0,0,0,0,0,83,319,322,0,0,1
lqr_sysid_csv,51891,320,sample,1371,10,10,0,0,0,0,0,83,319,322,0,0,1
lqr_sysid_csv,51901,320,sample,1372,10,10,0,0,0,0,0,83,319,322,0,0,1
lqr_sysid_csv,51912,320,sample,1373,10,10,0,0,0,0,0,83,319,322,0,0,1
lqr_sysid_csv,51922,320,sample,1374,10,10,0,0,0,0,0,83,319,322,0,0,1
lqr_sysid_csv,51933,320,sample,1375,10,10,0,0,0,0,0,83,319,322,0,0,1
lqr_sysid_csv,51943,320,sample,1376,10,10,0,0,0,0,0,83,319,322,0,0,1
lqr_sysid_csv,51953,320,sample,1377,10,10,0,0,0,0,0,83,319,322,0,0,1
lqr_sysid_csv,51963,320,sample,1378,10,10,0,0,0,0,0,83,319,322,0,0,1
lqr_sysid_csv,51974,320,sample,1379,10,10,0,0,0,0,0,83,319,322,0,0,1
lqr_sysid_csv,51984,320,sample,1380,10,10,0,0,0,0,0,83,319,322,0,0,1
lqr_sysid_csv,51994,320,sample,1381,10,10,0,0,0,0,0,83,319,322,0,0,1
lqr_sysid_csv,52005,320,sample,1382,10,10,0,0,0,0,0,83,319,322,0,0,1
lqr_sysid_csv,52015,320,sample,1383,10,10,0,0,0,0,0,83,319,322,0,0,1
lqr_sysid_csv,52025,320,sample,1384,10,10,0,0,0,0,0,83,319,322,0,0,1
lqr_sysid_csv,52036,320,sample,1385,10,10,0,0,0,0,0,83,319,322,0,0,1
lqr_sysid_csv,52047,320,sample,1386,10,10,0,0,0,0,0,83,319,322,0,0,1
lqr_sysid_csv,52057,320,sample,1387,10,10,0,0,0,0,0,83,319,322,0,0,1
lqr_sysid_csv,52068,320,sample,1388,10,10,0,0,0,0,0,83,319,322,0,0,1
lqr_sysid_csv,52078,320,sample,1389,10,10,0,0,0,0,0,83,319,322,0,0,1
lqr_sysid_csv,52089,320,sample,1390,10,10,0,0,0,0,0,83,319,322,0,0,1
lqr_sysid_csv,52100,320,sample,1391,10,10,0,0,0,0,0,83,319,322,0,0,1
lqr_sysid_csv,52111,320,sample,1392,10,10,0,0,0,0,0,83,319,322,0,0,1
lqr_sysid_csv,52121,320,sample,1393,10,10,0,0,0,0,0,83,319,322,0,0,1
lqr_sysid_csv,52131,320,sample,1394,10,10,0,0,0,0,0,-316,319,322,0,0,1
lqr_sysid_csv,52142,320,sample,1395,10,10,0,0,0,0,0,-316,319,322,0,0,1
lqr_sysid_csv,52153,320,sample,1396,10,10,0,0,0,0,0,-316,319,322,0,0,1
lqr_sysid_csv,52170,320,sample,1397,10,10,0,0,0,0,0,-316,319,322,0,0,1
lqr_sysid_csv,52181,320,sample,1398,10,10,0,0,0,0,0,-316,319,322,0,0,1
lqr_sysid_csv,52192,320,sample,1399,10,10,0,0,0,0,0,-316,319,322,0,0,1
lqr_sysid_csv,52209,320,sample,1400,10,10,0,0,0,0,0,-316,319,322,0,0,1
lqr_sysid_csv,52220,320,sample,1401,10,10,0,0,0,0,0,-316,319,322,0,0,1
lqr_sysid_csv,52230,320,sample,1402,10,10,0,0,0,0,0,-316,319,322,0,0,1
lqr_sysid_csv,52240,320,sample,1403,10,10,0,0,0,0,0,-316,319,322,0,0,1
lqr_sysid_csv,52251,320,sample,1404,10,10,0,0,0,0,0,-316,319,322,0,0,1
lqr_sysid_csv,52262,320,sample,1405,10,10,0,0,0,0,0,-316,319,322,0,0,1
lqr_sysid_csv,52273,320,sample,1406,10,10,0,0,0,0,0,-316,319,322,0,0,1
lqr_sysid_csv,52283,320,sample,1407,10,10,0,0,0,0,0,-316,319,322,0,0,1
lqr_sysid_csv,52301,320,sample,1408,10,10,0,0,0,0,0,-316,319,322,0,0,1
lqr_sysid_csv,52311,320,sample,1409,10,10,0,0,0,0,0,-316,319,322,0,0,1
lqr_sysid_csv,52322,320,sample,1410,10,10,0,0,0,0,0,-316,319,322,0,0,1
lqr_sysid_csv,52333,320,sample,1411,10,10,0,0,0,0,0,-316,319,322,0,0,1
lqr_sysid_csv,52343,320,sample,1412,10,10,0,0,0,0,0,-316,319,322,0,0,1
lqr_sysid_csv,52354,320,sample,1413,10,10,0,0,0,0,0,-316,319,322,0,0,1
lqr_sysid_csv,52364,320,sample,1414,10,10,0,0,0,0,0,-316,319,322,0,0,1
lqr_sysid_csv,52375,320,sample,1415,10,10,0,0,0,0,0,-316,319,322,0,0,1
lqr_sysid_csv,52385,320,sample,1416,10,10,0,0,0,0,0,-316,319,322,0,0,1
lqr_sysid_csv,52396,320,sample,1417,10,10,0,0,0,0,0,-316,319,322,0,0,1
lqr_sysid_csv,52406,320,sample,1418,10,10,0,0,0,0,0,-316,319,322,0,0,1
lqr_sysid_csv,52417,320,sample,1419,10,10,0,0,0,0,0,-316,319,322,0,0,1
lqr_sysid_csv,52428,320,sample,1420,10,10,0,0,0,0,0,-316,319,322,0,0,1
lqr_sysid_csv,52438,320,sample,1421,10,10,0,0,0,0,0,-316,319,322,0,0,1
lqr_sysid_csv,52449,320,sample,1422,10,10,0,0,0,0,0,-316,319,322,0,0,1
lqr_sysid_csv,52460,320,sample,1423,10,10,0,0,0,0,0,-316,319,322,0,0,1
lqr_sysid_csv,52471,320,sample,1424,10,10,0,0,0,0,0,-316,319,322,0,0,1
lqr_sysid_csv,52488,320,sample,1425,10,10,0,0,0,0,0,-316,319,322,0,0,1
lqr_sysid_csv,52499,320,sample,1426,10,10,0,0,0,0,0,-316,319,322,0,0,1
lqr_sysid_csv,52510,320,sample,1427,10,10,0,0,0,0,0,-316,319,322,0,0,1
lqr_sysid_csv,52521,320,sample,1428,10,10,0,0,0,0,0,-316,319,322,0,0,1
lqr_sysid_csv,52532,320,sample,1429,10,10,0,0,0,0,0,-316,319,322,0,0,1
lqr_sysid_csv,52543,320,sample,1430,10,10,0,0,0,0,0,-316,319,322,0,0,1
lqr_sysid_csv,52560,320,sample,1431,10,10,0,0,0,0,0,-316,319,322,0,0,1
lqr_sysid_csv,52571,320,sample,1432,10,10,0,0,0,0,0,-316,319,322,0,0,1
lqr_sysid_csv,52582,320,sample,1433,10,10,0,0,0,0,0,-316,319,322,0,0,1
lqr_sysid_csv,52592,320,sample,1434,10,10,0,0,0,0,0,-316,319,322,0,0,1
lqr_sysid_csv,52603,320,sample,1435,10,10,0,0,0,0,0,-316,319,322,0,0,1
lqr_sysid_csv,52613,320,sample,1436,10,10,0,0,0,0,0,-316,319,322,0,0,1
lqr_sysid_csv,52624,320,sample,1437,10,10,0,0,0,0,0,-316,319,322,0,0,1
lqr_sysid_csv,52635,320,sample,1438,10,10,0,0,0,0,0,-316,319,322,0,0,1
lqr_sysid_csv,52646,320,sample,1439,10,10,0,0,0,0,0,-316,319,322,0,0,1
lqr_sysid_csv,52657,320,sample,1440,10,10,0,0,0,0,0,-316,319,322,0,0,1
lqr_sysid_csv,52667,320,sample,1441,10,10,0,0,0,0,0,-316,319,322,0,0,1
lqr_sysid_csv,52678,320,sample,1442,10,10,0,0,0,0,0,-316,319,322,0,0,1
lqr_sysid_csv,52689,320,sample,1443,10,10,0,0,0,0,0,-316,319,322,0,0,1
lqr_sysid_csv,52700,320,sample,1444,10,10,0,0,0,0,0,-316,319,322,0,0,1
lqr_sysid_csv,52710,320,sample,1445,10,10,0,0,0,0,0,-316,319,322,0,0,1
lqr_sysid_csv,52721,320,sample,1446,10,10,0,0,0,0,0,-316,319,322,0,0,1
lqr_sysid_csv,52732,320,sample,1447,10,10,0,0,0,0,0,-316,319,322,0,0,1
lqr_sysid_csv,52743,320,sample,1448,10,10,0,0,0,0,0,-316,319,322,0,0,1
lqr_sysid_csv,52760,320,sample,1449,10,10,0,0,0,0,0,-316,319,322,0,0,1
lqr_sysid_csv,52771,320,sample,1450,10,10,0,0,0,0,0,-316,319,322,0,0,1
lqr_sysid_csv,52782,320,sample,1451,10,10,0,0,0,0,0,-316,319,322,0,0,1
lqr_sysid_csv,52793,320,sample,1452,10,10,0,0,0,0,0,83,319,322,0,0,1
lqr_sysid_csv,52804,320,sample,1453,10,10,0,0,0,0,0,83,319,322,0,0,1
lqr_sysid_csv,52814,320,sample,1454,10,10,0,0,0,0,0,83,319,322,0,0,1
lqr_sysid_csv,52824,320,sample,1455,10,10,0,0,0,0,0,83,319,322,0,0,1
lqr_sysid_csv,52835,320,sample,1456,10,10,0,0,0,0,0,83,319,322,0,0,1
lqr_sysid_csv,52845,320,sample,1457,10,10,0,0,0,0,0,83,319,322,0,0,1
lqr_sysid_csv,52855,320,sample,1458,10,10,0,0,0,0,0,83,319,322,0,0,1
lqr_sysid_csv,52866,320,sample,1459,10,10,0,0,0,0,0,83,319,322,0,0,1
lqr_sysid_csv,52876,320,sample,1460,10,10,0,0,0,0,0,83,319,322,0,0,1
lqr_sysid_csv,52886,320,sample,1461,10,10,0,0,0,0,0,83,319,322,0,0,1
lqr_sysid_csv,52897,320,sample,1462,10,10,0,0,0,0,0,83,319,322,0,0,1
lqr_sysid_csv,52907,320,sample,1463,10,10,0,0,0,0,0,83,319,322,0,0,1
lqr_sysid_csv,52918,320,sample,1464,10,10,0,0,0,0,0,83,319,322,0,0,1
lqr_sysid_csv,52928,320,sample,1465,10,10,0,0,0,0,0,83,319,322,0,0,1
lqr_sysid_csv,52939,320,sample,1466,10,10,0,0,0,0,0,83,319,322,0,0,1
lqr_sysid_csv,52949,320,sample,1467,10,10,0,0,0,0,0,83,319,322,0,0,1
lqr_sysid_csv,52960,320,sample,1468,10,10,0,0,0,0,0,83,319,322,0,0,1
lqr_sysid_csv,52976,320,sample,1469,10,10,0,0,0,0,0,83,319,322,0,0,1
lqr_sysid_csv,52987,320,sample,1470,10,10,0,0,0,0,0,83,319,322,0,0,1
lqr_sysid_csv,52997,320,sample,1471,10,10,0,0,0,0,0,83,319,322,0,0,1
lqr_sysid_csv,53007,320,sample,1472,10,10,0,0,0,0,0,83,319,322,0,0,1
lqr_sysid_csv,53018,320,sample,1473,10,10,0,0,0,0,0,83,319,322,0,0,1
lqr_sysid_csv,53029,320,sample,1474,10,10,0,0,0,0,0,83,319,322,0,0,1
lqr_sysid_csv,53039,320,sample,1475,10,10,0,0,0,0,0,83,319,322,0,0,1
lqr_sysid_csv,53049,320,sample,1476,10,10,0,0,0,0,0,83,319,322,0,0,1
lqr_sysid_csv,53060,320,sample,1477,10,10,0,0,0,0,0,83,319,322,0,0,1
lqr_sysid_csv,53070,320,sample,1478,10,10,0,0,0,0,0,83,319,322,0,0,1
lqr_sysid_csv,53080,320,sample,1479,10,10,0,0,0,0,0,83,319,322,0,0,1
lqr_sysid_csv,53091,320,sample,1480,10,10,0,0,0,0,0,83,319,322,0,0,1
lqr_sysid_csv,53101,320,sample,1481,10,10,0,0,0,0,0,83,319,322,0,0,1
lqr_sysid_csv,53111,320,sample,1482,10,10,0,0,0,0,0,83,319,322,0,0,1
lqr_sysid_csv,53122,320,sample,1483,10,10,0,0,0,0,0,-316,319,322,0,0,1
lqr_sysid_csv,53132,320,sample,1484,10,10,0,0,0,0,0,-316,319,322,0,0,1
lqr_sysid_csv,53143,320,sample,1485,10,10,0,0,0,0,0,-316,319,322,0,0,1
lqr_sysid_csv,53153,320,sample,1486,10,10,0,0,0,0,0,-316,319,322,0,0,1
lqr_sysid_csv,53164,320,sample,1487,10,10,0,0,0,0,0,-316,319,322,0,0,1
lqr_sysid_csv,53175,320,sample,1488,10,10,0,0,0,0,0,-316,319,322,0,0,1
lqr_sysid_csv,53185,320,sample,1489,10,10,0,0,0,0,0,-316,319,322,0,0,1
lqr_sysid_csv,53196,320,sample,1490,10,10,0,0,0,0,0,-316,319,322,0,0,1
lqr_sysid_csv,53206,320,sample,1491,10,10,0,0,0,0,0,-316,319,322,0,0,1
lqr_sysid_csv,53217,320,sample,1492,10,10,0,0,0,0,0,-316,319,322,0,0,1
lqr_sysid_csv,53234,320,sample,1493,10,10,0,0,0,0,0,-316,319,322,0,0,1
lqr_sysid_csv,53245,320,sample,1494,10,10,0,0,0,0,0,-316,319,322,0,0,1
lqr_sysid_csv,53256,320,sample,1495,10,10,0,0,0,0,0,-316,319,322,0,0,1
lqr_sysid_csv,53267,320,sample,1496,10,10,0,0,0,0,0,-316,319,322,0,0,1
lqr_sysid_csv,53278,320,sample,1497,10,10,0,0,0,0,0,-316,319,322,0,0,1
lqr_sysid_csv,53289,320,sample,1498,10,10,0,0,0,0,0,-316,319,322,0,0,1
lqr_sysid_csv,53300,320,sample,1499,10,10,0,0,0,0,0,-316,319,322,0,0,1
lqr_sysid_csv,53310,320,sample,1500,10,10,0,0,0,0,0,-316,319,322,0,0,1
lqr_sysid_csv,53320,320,sample,1501,10,10,0,0,0,0,0,-316,319,322,0,0,1
lqr_sysid_csv,53331,320,sample,1502,10,10,0,0,0,0,0,-316,319,322,0,0,1
lqr_sysid_csv,53342,320,sample,1503,10,10,0,0,0,0,0,-316,319,322,0,0,1
lqr_sysid_csv,53353,320,sample,1504,10,10,0,0,0,0,0,-316,319,322,0,0,1
lqr_sysid_csv,53371,320,sample,1505,10,10,0,0,0,0,0,-316,319,322,0,0,1
lqr_sysid_csv,53381,320,sample,1506,10,10,0,0,0,0,0,-316,319,322,0,0,1
lqr_sysid_csv,53392,320,sample,1507,10,10,0,0,0,0,0,-316,319,322,0,0,1
lqr_sysid_csv,53403,320,sample,1508,10,10,0,0,0,0,0,-316,319,322,0,0,1
lqr_sysid_csv,53414,320,sample,1509,10,10,0,0,0,0,0,-316,319,322,0,0,1
lqr_sysid_csv,53425,320,sample,1510,10,10,0,0,0,0,0,-316,319,322,0,0,1
lqr_sysid_csv,53436,320,sample,1511,10,10,0,0,0,0,0,-316,319,322,0,0,1
lqr_sysid_csv,53447,320,sample,1512,10,10,0,0,0,0,0,-316,319,322,0,0,1
lqr_sysid_csv,53457,320,sample,1513,10,10,0,0,0,0,0,-316,319,322,0,0,1
lqr_sysid_csv,53468,320,sample,1514,10,10,0,0,0,0,0,-316,319,322,0,0,1
lqr_sysid_csv,53478,320,sample,1515,10,10,0,0,0,0,0,-316,319,322,0,0,1
lqr_sysid_csv,53489,320,sample,1516,10,10,0,0,0,0,0,-316,319,322,0,0,1
lqr_sysid_csv,53506,320,sample,1517,10,10,0,0,0,0,0,-316,319,322,0,0,1
lqr_sysid_csv,53517,320,sample,1518,10,10,0,0,0,0,0,-316,319,322,0,0,1
lqr_sysid_csv,53528,320,sample,1519,10,10,0,0,0,0,0,-316,319,322,0,0,1
lqr_sysid_csv,53539,320,sample,1520,10,10,0,0,0,0,0,-316,319,322,0,0,1
lqr_sysid_csv,53550,320,sample,1521,10,10,0,0,0,0,0,-316,319,322,0,0,1
lqr_sysid_csv,53561,320,sample,1522,10,10,0,0,0,0,0,-316,319,322,0,0,1
lqr_sysid_csv,53573,320,sample,1523,10,10,0,0,0,0,0,-316,319,322,0,0,1
lqr_sysid_csv,53583,320,sample,1524,10,10,0,0,0,0,0,-316,319,322,0,0,1
lqr_sysid_csv,53594,320,sample,1525,10,10,0,0,0,0,0,-316,319,322,0,0,1
lqr_sysid_csv,53605,320,sample,1526,10,10,0,0,0,0,0,-316,319,322,0,0,1
lqr_sysid_csv,53616,320,sample,1527,10,10,0,0,0,0,0,-316,319,322,0,0,1
lqr_sysid_csv,53627,320,sample,1528,10,10,0,0,0,0,0,-316,319,322,0,0,1
lqr_sysid_csv,53637,320,sample,1529,10,10,0,0,0,0,0,-316,319,322,0,0,1
lqr_sysid_csv,53648,320,sample,1530,10,10,0,0,0,0,0,-316,319,322,0,0,1
lqr_sysid_csv,53664,320,sample,1531,10,10,0,0,0,0,0,-316,319,322,0,0,1
lqr_sysid_csv,53675,320,sample,1532,10,10,0,0,0,0,0,-316,319,322,0,0,1
lqr_sysid_csv,53686,320,sample,1533,10,10,0,0,0,0,0,-316,319,322,0,0,1
lqr_sysid_csv,53697,320,sample,1534,10,10,0,0,0,0,0,-316,319,322,0,0,1
lqr_sysid_csv,53708,320,sample,1535,10,10,0,0,0,0,0,-316,319,322,0,0,1
lqr_sysid_csv,53719,320,sample,1536,10,10,0,0,0,0,0,-316,319,322,0,0,1
lqr_sysid_csv,53729,320,sample,1537,10,10,0,0,0,0,0,-316,319,322,0,0,1
lqr_sysid_csv,53740,320,sample,1538,10,10,0,0,0,0,0,-316,319,322,0,0,1
lqr_sysid_csv,53750,320,sample,1539,10,10,0,0,0,0,0,-316,319,322,0,0,1
lqr_sysid_csv,53761,320,sample,1540,10,10,0,0,0,0,0,-316,319,322,0,0,1
lqr_sysid_csv,53772,320,sample,1541,10,10,0,0,0,0,0,-316,319,322,0,0,1
lqr_sysid_csv,53783,320,sample,1542,10,10,0,0,0,0,0,-316,319,322,0,0,1
lqr_sysid_csv,53794,300,settle,0,10,10,0,0,0,0,0,-116,319,322,0,0,1
lqr_sysid_csv,53804,300,settle,0,10,10,0,0,0,0,0,-116,319,322,0,0,1
lqr_sysid_csv,53814,300,settle,0,10,10,0,0,0,0,0,-116,319,322,0,0,1
lqr_sysid_csv,53824,300,settle,0,10,10,0,0,0,0,0,-116,319,322,0,0,1
lqr_sysid_csv,53834,300,settle,0,10,10,0,0,0,0,0,-116,319,322,0,0,1
lqr_sysid_csv,53844,300,settle,0,10,10,0,0,0,0,0,-116,319,322,0,0,1
lqr_sysid_csv,53854,300,settle,0,10,10,0,0,0,0,0,-116,319,322,0,0,1
lqr_sysid_csv,53865,300,settle,0,10,10,0,0,0,0,0,-116,319,322,0,0,1
lqr_sysid_csv,53882,300,settle,0,12,51,0,0,0,0,0,-176,319,321,0,0,1
lqr_sysid_csv,53892,300,settle,0,12,51,0,0,0,0,0,-174,319,321,0,0,1
lqr_sysid_csv,53902,300,settle,0,12,20,0,0,0,0,0,-162,319,320,0,0,1
lqr_sysid_csv,53912,300,settle,0,12,-6,0,0,0,0,0,-130,319,319,0,0,1
lqr_sysid_csv,53922,300,settle,0,11,-49,0,0,0,0,0,-87,319,319,0,0,1
lqr_sysid_csv,53932,300,settle,0,9,-81,0,0,0,0,0,-34,319,318,0,0,1
lqr_sysid_csv,53942,300,settle,0,7,-113,0,0,0,0,0,16,319,317,0,0,1
lqr_sysid_csv,53952,300,settle,0,5,-156,0,0,0,0,0,80,319,316,0,0,1
lqr_sysid_csv,53962,300,settle,0,2,-183,0,0,0,0,0,135,319,314,0,0,1
lqr_sysid_csv,53972,300,settle,0,0,-215,0,0,0,0,0,198,319,313,0,0,1
lqr_sysid_csv,53982,300,settle,0,-3,-252,0,0,0,0,0,269,319,311,0,0,1
lqr_sysid_csv,53992,300,settle,0,-7,-290,0,0,0,0,0,340,319,309,0,0,1
lqr_sysid_csv,54003,300,settle,0,-11,-338,0,0,0,0,0,422,319,306,0,0,1
lqr_sysid_csv,54013,300,settle,0,-16,-336,0,0,0,0,0,510,318,304,0,0,1
lqr_sysid_csv,54023,300,settle,0,-22,-357,0,0,0,0,0,574,318,301,0,0,1
lqr_sysid_csv,54033,300,settle,0,-27,-389,0,0,0,0,0,645,318,298,0,0,1
lqr_sysid_csv,54044,300,settle,0,13,-50,0,0,0,0,0,131,318,269,0,0,1
lqr_sysid_csv,54054,300,settle,0,7,-86,0,0,0,0,0,69,318,266,0,0,1
lqr_sysid_csv,54064,300,settle,0,2,-112,0,0,0,0,0,98,318,263,0,0,1
lqr_sysid_csv,54074,300,settle,0,-3,-11,0,0,0,0,0,99,318,259,0,0,1
lqr_sysid_csv,54084,300,settle,0,-8,31,0,0,0,0,0,92,318,256,0,0,1
lqr_sysid_csv,54094,300,settle,0,-13,64,0,0,0,0,0,93,318,254,0,0,1
lqr_sysid_csv,54104,300,settle,0,-16,143,0,0,0,0,0,70,318,251,0,0,1
lqr_sysid_csv,54114,300,settle,0,-19,255,0,0,0,0,0,5,318,250,0,0,1
lqr_sysid_csv,54124,300,settle,0,-21,313,0,0,0,0,0,-47,318,249,0,0,1
lqr_sysid_csv,54134,300,settle,0,-23,409,0,0,0,0,0,-122,318,248,0,0,1
lqr_sysid_csv,54145,300,settle,0,26,520,0,0,0,0,0,-715,318,220,0,0,1
lqr_sysid_csv,54156,300,settle,0,26,615,0,0,0,0,0,-817,318,220,0,0,1
lqr_sysid_csv,54166,300,settle,0,37,563,0,0,0,0,0,-969,318,216,0,0,1
lqr_sysid_csv,54176,300,settle,0,39,605,0,0,0,0,0,-992,318,217,0,0,1
lqr_sysid_csv,54186,300,settle,0,41,658,0,0,0,0,0,-1047,318,218,0,0,1
lqr_sysid_csv,54196,300,settle,0,44,695,0,0,0,0,0,-1118,318,220,0,0,1
lqr_sysid_csv,54207,300,settle,0,47,758,0,0,0,0,0,-1205,318,222,0,0,1
lqr_sysid_csv,54217,300,settle,0,51,779,0,0,0,0,0,-1274,318,224,0,0,1
lqr_sysid_csv,54228,300,settle,0,57,194,0,0,0,0,0,-953,318,225,0,0,1
lqr_sysid_csv,54238,300,settle,0,62,231,0,0,0,0,0,-896,318,228,0,0,1
lqr_sysid_csv,54248,300,settle,0,67,263,0,0,0,0,0,-938,318,231,0,0,1
lqr_sysid_csv,54258,300,settle,0,72,295,0,0,0,0,0,-1004,318,234,0,0,1
lqr_sysid_csv,54268,300,settle,0,77,327,0,0,0,0,0,-1083,318,237,0,0,1
lqr_sysid_csv,54279,300,settle,0,83,366,0,0,0,0,0,-1179,318,240,0,0,1
lqr_sysid_csv,54289,300,settle,0,55,-244,0,0,0,0,0,-499,318,263,0,0,1
lqr_sysid_csv,54300,300,settle,0,60,-259,0,0,0,0,0,-415,318,266,0,0,1
lqr_sysid_csv,54310,300,settle,0,66,-205,0,0,0,0,0,-462,318,270,0,0,1
lqr_sysid_csv,54321,300,settle,0,73,-231,0,0,0,0,0,-513,318,273,0,0,1
lqr_sysid_csv,54331,300,settle,0,29,-544,0,0,0,0,0,8,318,304,0,0,1
lqr_sysid_csv,54341,300,settle,0,35,-554,0,0,0,0,0,121,318,307,0,0,1
lqr_sysid_csv,54351,300,settle,0,40,-649,0,0,0,0,0,176,317,310,0,0,1
lqr_sysid_csv,54361,300,settle,0,44,-724,0,0,0,0,0,225,317,313,0,0,1
lqr_sysid_csv,54379,300,settle,0,2,-1046,0,0,0,0,0,873,317,340,0,0,1
lqr_sysid_csv,54389,300,settle,0,-13,-825,0,0,0,0,0,1460,317,342,0,0,1
lqr_sysid_csv,54400,300,settle,0,-23,-937,0,0,0,0,0,1294,317,337,0,0,1
lqr_sysid_csv,54410,300,settle,0,-33,-823,0,0,0,0,0,1275,317,332,0,0,1
lqr_sysid_csv,54421,300,settle,0,-44,-840,0,0,0,0,0,1313,317,328,0,0,1
lqr_sysid_csv,54431,300,settle,0,-55,-1173,0,0,0,0,0,1547,316,323,0,0,1
lqr_sysid_csv,54441,300,settle,0,-63,-1145,0,0,0,0,0,1743,316,319,0,0,1
lqr_sysid_csv,54453,300,settle,0,-70,-550,0,0,0,0,0,1696,315,312,0,0,1
lqr_sysid_csv,54463,300,settle,0,-80,-635,0,0,0,0,0,1548,315,306,0,0,1
lqr_sysid_csv,54474,300,settle,0,-86,-559,0,0,0,0,0,1493,314,300,0,0,1
lqr_sysid_csv,54484,300,settle,0,-94,-430,0,0,0,0,0,1446,314,295,0,0,1
lqr_sysid_csv,54495,300,settle,0,-100,-349,0,0,0,0,0,1414,314,291,0,0,1
lqr_sysid_csv,54505,300,settle,0,-92,-40,0,0,0,0,0,1201,313,278,0,0,1
lqr_sysid_csv,54516,300,settle,0,-91,72,0,0,0,0,0,979,313,272,0,0,1
lqr_sysid_csv,54526,300,settle,0,-95,227,0,0,0,0,0,829,313,270,0,0,1
lqr_sysid_csv,54536,300,settle,0,-97,344,0,0,0,0,0,708,313,268,0,0,1
lqr_sysid_csv,54546,300,settle,0,-98,461,0,0,0,0,0,596,313,268,0,0,1
lqr_sysid_csv,54556,300,settle,0,-98,584,0,0,0,0,0,466,313,268,0,0,1
lqr_sysid_csv,54567,300,settle,0,-96,647,0,0,0,0,0,375,313,269,0,0,1
lqr_sysid_csv,54582,300,settle,0,-61,768,0,0,0,0,0,-118,313,253,0,0,1
lqr_sysid_csv,54593,300,settle,0,-58,784,0,0,0,0,0,-178,313,255,0,0,1
lqr_sysid_csv,54603,300,settle,0,-45,696,0,0,0,0,0,-305,313,252,0,0,1
lqr_sysid_csv,54613,300,settle,0,-41,733,0,0,0,0,0,-331,313,254,0,0,1
lqr_sysid_csv,54623,300,settle,0,-36,765,0,0,0,0,0,-391,313,256,0,0,1
lqr_sysid_csv,54633,300,settle,0,-32,771,0,0,0,0,0,-442,313,259,0,0,1
lqr_sysid_csv,54643,300,settle,0,-28,797,0,0,0,0,0,-504,313,261,0,0,1
lqr_sysid_csv,54653,300,settle,0,-23,808,0,0,0,0,0,-563,313,264,0,0,1
lqr_sysid_csv,54663,300,settle,0,-19,808,0,0,0,0,0,-610,313,267,0,0,1
lqr_sysid_csv,54674,300,settle,0,-14,829,0,0,0,0,0,-669,313,269,0,0,1
lqr_sysid_csv,54684,300,settle,0,-3,364,0,0,0,0,0,-626,313,269,0,0,1
lqr_sysid_csv,54694,300,settle,0,1,317,0,0,0,0,0,-448,313,272,0,0,1
lqr_sysid_csv,54704,300,settle,0,5,290,0,0,0,0,0,-395,313,274,0,0,1
lqr_sysid_csv,54714,300,settle,0,9,274,0,0,0,0,0,-396,313,277,0,0,1
lqr_sysid_csv,54724,300,settle,0,13,232,0,0,0,0,0,-394,313,279,0,0,1
lqr_sysid_csv,54734,300,settle,0,16,179,0,0,0,0,0,-377,313,281,0,0,1
lqr_sysid_csv,54744,300,settle,0,19,163,0,0,0,0,0,-375,313,282,0,0,1
lqr_sysid_csv,54755,300,settle,0,22,131,0,0,0,0,0,-369,313,284,0,0,1
lqr_sysid_csv,54765,300,settle,0,4,-157,0,0,0,0,0,-72,313,296,0,0,1
lqr_sysid_csv,54775,300,settle,0,6,-195,0,0,0,0,0,53,313,297,0,0,1
lqr_sysid_csv,54785,300,settle,0,7,-237,0,0,0,0,0,114,313,298,0,0,1
lqr_sysid_csv,54795,300,settle,0,0,-318,0,0,0,0,0,268,313,303,0,0,1
lqr_sysid_csv,54805,300,settle,0,0,-377,0,0,0,0,0,326,313,303,0,0,1
lqr_sysid_csv,54815,300,settle,0,0,-398,0,0,0,0,0,368,313,303,0,0,1
lqr_sysid_csv,54826,300,settle,0,0,-452,0,0,0,0,0,417,313,302,0,0,1
lqr_sysid_csv,54836,300,settle,0,-15,-341,0,0,0,0,0,602,313,309,0,0,1
lqr_sysid_csv,54853,300,settle,0,-19,-246,0,0,0,0,0,468,313,309,0,0,1
lqr_sysid_csv,54863,300,settle,0,-20,-273,0,0,0,0,0,483,313,308,0,0,1
lqr_sysid_csv,54874,300,settle,0,-22,-267,0,0,0,0,0,495,313,307,0,0,1
lqr_sysid_csv,54890,300,settle,0,-26,-110,0,0,0,0,0,418,313,306,0,0,1
lqr_sysid_csv,54901,300,settle,0,-28,-110,0,0,0,0,0,404,313,305,0,0,1
lqr_sysid_csv,54911,300,settle,0,-29,-126,0,0,0,0,0,422,313,304,0,0,1
lqr_sysid_csv,54927,300,settle,0,-28,29,0,0,0,0,0,282,313,301,0,0,1
lqr_sysid_csv,54937,300,settle,0,-30,29,0,0,0,0,0,279,313,300,0,0,1
lqr_sysid_csv,54947,300,settle,0,-31,34,0,0,0,0,0,287,313,300,0,0,1
lqr_sysid_csv,54957,300,settle,0,-32,50,0,0,0,0,0,282,313,299,0,0,1
lqr_sysid_csv,54968,300,settle,0,-33,50,0,0,0,0,0,283,313,299,0,0,1
lqr_sysid_csv,54978,300,settle,0,-24,168,0,0,0,0,0,118,313,293,0,0,1
lqr_sysid_csv,54988,300,settle,0,-22,230,0,0,0,0,0,39,313,291,0,0,1
lqr_sysid_csv,54998,300,settle,0,-22,246,0,0,0,0,0,-3,313,291,0,0,1
lqr_sysid_csv,55008,300,settle,0,-22,230,0,0,0,0,0,-6,313,291,0,0,1
lqr_sysid_csv,55018,300,settle,0,-22,252,0,0,0,0,0,-21,313,291,0,0,1
lqr_sysid_csv,55029,300,settle,0,-21,289,0,0,0,0,0,-58,313,292,0,0,1
lqr_sysid_csv,55045,300,settle,0,-12,93,0,0,0,0,0,-2,313,288,0,0,1
lqr_sysid_csv,55055,300,settle,0,-12,61,0,0,0,0,0,42,313,288,0,0,1
lqr_sysid_csv,55065,300,settle,0,-12,82,0,0,0,0,0,41,313,288,0,0,1
lqr_sysid_csv,55075,300,settle,0,-12,56,0,0,0,0,0,55,313,288,0,0,1
lqr_sysid_csv,55085,300,settle,0,-12,56,0,0,0,0,0,65,313,288,0,0,1
lqr_sysid_csv,55095,300,settle,0,-13,-28,0,0,0,0,0,133,313,288,0,0,1
lqr_sysid_csv,55106,300,settle,0,-13,-28,0,0,0,0,0,152,313,288,0,0,1
lqr_sysid_csv,55116,300,settle,0,-13,-28,0,0,0,0,0,158,313,288,0,0,1
lqr_sysid_csv,55126,300,settle,0,-13,-28,0,0,0,0,0,160,313,288,0,0,1
lqr_sysid_csv,55136,300,settle,0,-13,-28,0,0,0,0,0,161,313,288,0,0,1
lqr_sysid_csv,55146,300,settle,0,-13,-28,0,0,0,0,0,161,313,288,0,0,1
lqr_sysid_csv,55156,300,settle,0,-13,-28,0,0,0,0,0,161,313,288,0,0,1
lqr_sysid_csv,55166,300,settle,0,-13,-28,0,0,0,0,0,161,313,288,0,0,1
lqr_sysid_csv,55176,300,settle,0,-13,-28,0,0,0,0,0,161,313,288,0,0,1
lqr_sysid_csv,55187,300,settle,0,-13,-28,0,0,0,0,0,161,313,288,0,0,1
lqr_sysid_csv,55204,300,settle,0,-17,-11,0,0,0,0,0,186,313,291,0,0,1
lqr_sysid_csv,55214,300,settle,0,-17,-11,0,0,0,0,0,184,313,291,0,0,1
lqr_sysid_csv,55224,300,settle,0,-17,0,0,0,0,0,0,179,313,291,0,0,1
lqr_sysid_csv,55234,300,settle,0,-17,0,0,0,0,0,0,176,313,291,0,0,1
lqr_sysid_csv,55244,300,settle,0,-17,0,0,0,0,0,0,175,313,291,0,0,1
lqr_sysid_csv,55254,300,settle,0,-17,0,0,0,0,0,0,175,313,291,0,0,1
lqr_sysid_csv,55264,300,settle,0,-17,0,0,0,0,0,0,175,313,291,0,0,1
lqr_sysid_csv,55274,300,settle,0,-17,10,0,0,0,0,0,169,313,291,0,0,1
lqr_sysid_csv,55284,300,settle,0,-17,10,0,0,0,0,0,166,313,291,0,0,1
lqr_sysid_csv,55294,300,settle,0,-17,10,0,0,0,0,0,166,313,291,0,0,1
lqr_sysid_csv,55304,300,settle,0,-17,10,0,0,0,0,0,165,313,291,0,0,1
lqr_sysid_csv,55314,300,settle,0,-17,10,0,0,0,0,0,165,313,291,0,0,1
lqr_sysid_csv,55324,300,settle,0,-17,10,0,0,0,0,0,165,313,291,0,0,1
lqr_sysid_csv,55334,300,settle,0,-17,10,0,0,0,0,0,165,313,291,0,0,1
lqr_sysid_csv,55345,300,settle,0,-17,10,0,0,0,0,0,165,313,291,0,0,1
lqr_sysid_csv,55355,300,settle,0,-17,10,0,0,0,0,0,165,313,291,0,0,1
lqr_sysid_csv,55365,300,settle,0,-17,10,0,0,0,0,0,165,313,291,0,0,1
lqr_sysid_csv,55375,300,settle,0,-17,10,0,0,0,0,0,165,313,291,0,0,1
lqr_sysid_csv,55385,300,settle,0,-17,10,0,0,0,0,0,165,313,291,0,0,1
lqr_sysid_csv,55395,300,settle,0,-17,10,0,0,0,0,0,165,313,291,0,0,1
lqr_sysid_csv,55405,300,settle,0,-17,10,0,0,0,0,0,165,313,291,0,0,1
lqr_sysid_csv,55416,300,settle,0,-17,10,0,0,0,0,0,165,313,291,0,0,1
lqr_sysid_csv,55426,300,settle,0,-17,10,0,0,0,0,0,165,313,291,0,0,1
lqr_sysid_csv,55437,300,settle,0,-17,10,0,0,0,0,0,165,313,291,0,0,1
lqr_sysid_csv,55447,300,settle,0,-17,10,0,0,0,0,0,165,313,291,0,0,1
lqr_sysid_csv,55457,300,settle,0,-17,10,0,0,0,0,0,165,313,291,0,0,1
lqr_sysid_csv,55467,300,settle,0,-17,10,0,0,0,0,0,165,313,291,0,0,1
lqr_sysid_csv,55478,300,settle,0,-17,10,0,0,0,0,0,165,313,291,0,0,1
lqr_sysid_csv,55488,300,settle,0,-17,10,0,0,0,0,0,165,313,291,0,0,1
lqr_sysid_csv,55498,300,settle,0,-17,10,0,0,0,0,0,165,313,291,0,0,1
lqr_sysid_csv,55508,300,settle,0,-17,10,0,0,0,0,0,165,313,291,0,0,1
lqr_sysid_csv,55518,300,settle,0,-17,10,0,0,0,0,0,165,313,291,0,0,1
lqr_sysid_csv,55528,300,settle,0,-17,10,0,0,0,0,0,165,313,291,0,0,1
lqr_sysid_csv,55538,300,settle,0,-17,10,0,0,0,0,0,165,313,291,0,0,1
lqr_sysid_csv,55548,300,settle,0,-17,10,0,0,0,0,0,165,313,291,0,0,1
lqr_sysid_csv,55559,300,settle,0,-17,10,0,0,0,0,0,165,313,291,0,0,1
lqr_sysid_csv,55569,300,settle,0,-17,10,0,0,0,0,0,165,313,291,0,0,1
lqr_sysid_csv,55580,300,settle,0,-17,10,0,0,0,0,0,165,313,291,0,0,1
lqr_sysid_csv,55597,300,settle,0,-17,10,0,0,0,0,0,165,313,291,0,0,1
lqr_sysid_csv,55607,300,settle,0,-17,10,0,0,0,0,0,165,313,291,0,0,1
lqr_sysid_csv,55617,300,settle,0,-17,10,0,0,0,0,0,165,313,291,0,0,1
lqr_sysid_csv,55627,300,settle,0,-17,10,0,0,0,0,0,165,313,291,0,0,1
lqr_sysid_csv,55637,300,settle,0,-17,10,0,0,0,0,0,165,313,291,0,0,1
lqr_sysid_csv,55647,300,settle,0,-17,10,0,0,0,0,0,165,313,291,0,0,1
lqr_sysid_csv,55657,300,settle,0,-17,10,0,0,0,0,0,165,313,291,0,0,1
lqr_sysid_csv,55667,300,settle,0,-17,10,0,0,0,0,0,165,313,291,0,0,1
lqr_sysid_csv,55677,300,settle,0,-17,10,0,0,0,0,0,165,313,291,0,0,1
lqr_sysid_csv,55687,300,settle,0,-17,10,0,0,0,0,0,165,313,291,0,0,1
lqr_sysid_csv,55697,300,settle,0,-17,10,0,0,0,0,0,165,313,291,0,0,1
lqr_sysid_csv,55708,300,settle,0,-17,10,0,0,0,0,0,165,313,291,0,0,1
lqr_sysid_csv,55718,300,settle,0,-17,10,0,0,0,0,0,165,313,291,0,0,1
lqr_sysid_csv,55728,300,settle,0,-17,10,0,0,0,0,0,165,313,291,0,0,1
lqr_sysid_csv,55738,300,settle,0,-17,10,0,0,0,0,0,165,313,291,0,0,1
lqr_sysid_csv,55748,300,settle,0,-17,10,0,0,0,0,0,165,313,291,0,0,1
lqr_sysid_csv,55758,300,settle,0,-17,10,0,0,0,0,0,165,313,291,0,0,1
lqr_sysid_csv,55768,300,settle,0,-17,10,0,0,0,0,0,165,313,291,0,0,1
lqr_sysid_csv,55779,300,settle,0,-17,10,0,0,0,0,0,165,313,291,0,0,1
lqr_sysid_csv,55795,300,settle,0,-17,10,0,0,0,0,0,165,313,291,0,0,1
lqr_sysid_csv,55805,300,settle,0,-17,10,0,0,0,0,0,165,313,291,0,0,1
lqr_sysid_csv,55815,300,settle,0,-17,10,0,0,0,0,0,165,313,291,0,0,1
lqr_sysid_csv,55825,300,settle,0,-17,10,0,0,0,0,0,165,313,291,0,0,1
lqr_sysid_csv,55835,300,settle,0,-17,10,0,0,0,0,0,165,313,291,0,0,1
lqr_sysid_csv,55846,300,settle,0,-18,0,0,0,0,0,0,179,313,291,0,0,1
lqr_sysid_csv,55855,300,settle,0,-18,0,0,0,0,0,0,181,313,291,0,0,1
lqr_sysid_csv,55865,300,settle,0,-18,0,0,0,0,0,0,182,313,291,0,0,1
lqr_sysid_csv,55875,300,settle,0,-18,0,0,0,0,0,0,182,313,291,0,0,1
lqr_sysid_csv,55885,300,settle,0,-18,0,0,0,0,0,0,182,313,291,0,0,1
lqr_sysid_csv,55895,300,settle,0,-18,0,0,0,0,0,0,182,313,291,0,0,1
lqr_sysid_csv,55905,300,settle,0,-18,0,0,0,0,0,0,182,313,291,0,0,1
lqr_sysid_csv,55915,300,settle,0,-18,0,0,0,0,0,0,182,313,291,0,0,1
lqr_sysid_csv,55925,300,settle,0,-18,0,0,0,0,0,0,182,313,291,0,0,1
lqr_sysid_csv,55935,300,settle,0,-18,10,0,0,0,0,0,176,313,291,0,0,1
lqr_sysid_csv,55945,300,settle,0,-18,10,0,0,0,0,0,173,313,291,0,0,1
lqr_sysid_csv,55955,300,settle,0,-18,10,0,0,0,0,0,173,313,291,0,0,1
lqr_sysid_csv,55965,300,settle,0,-18,10,0,0,0,0,0,172,313,291,0,0,1
lqr_sysid_csv,55975,300,settle,0,-18,10,0,0,0,0,0,172,313,291,0,0,1
lqr_sysid_csv,55985,300,settle,0,-18,10,0,0,0,0,0,172,313,291,0,0,1
lqr_sysid_csv,55995,300,settle,0,-18,10,0,0,0,0,0,172,313,291,0,0,1
lqr_sysid_csv,56006,300,settle,0,-18,10,0,0,0,0,0,172,313,291,0,0,1
lqr_sysid_csv,56016,300,settle,0,-18,10,0,0,0,0,0,172,313,291,0,0,1
lqr_sysid_csv,56027,300,settle,0,-18,10,0,0,0,0,0,172,313,291,0,0,1
lqr_sysid_csv,56037,300,settle,0,-18,10,0,0,0,0,0,172,313,291,0,0,1
lqr_sysid_csv,56047,300,settle,0,-18,10,0,0,0,0,0,172,313,291,0,0,1
lqr_sysid_csv,56057,300,settle,0,-18,10,0,0,0,0,0,172,313,291,0,0,1
lqr_sysid_csv,56067,300,settle,0,-18,10,0,0,0,0,0,172,313,291,0,0,1
lqr_sysid_csv,56078,300,settle,0,-18,10,0,0,0,0,0,172,313,291,0,0,1
lqr_sysid_csv,56095,300,settle,0,-18,10,0,0,0,0,0,171,313,291,0,0,1
lqr_sysid_csv,56105,300,settle,0,-18,10,0,0,0,0,0,171,313,291,0,0,1
lqr_sysid_csv,56115,300,settle,0,-18,10,0,0,0,0,0,171,313,291,0,0,1
lqr_sysid_csv,56125,300,settle,0,-18,10,0,0,0,0,0,171,313,291,0,0,1
lqr_sysid_csv,56135,300,settle,0,-18,10,0,0,0,0,0,171,313,291,0,0,1
lqr_sysid_csv,56145,300,settle,0,-18,10,0,0,0,0,0,171,313,291,0,0,1
lqr_sysid_csv,56155,300,settle,0,-18,10,0,0,0,0,0,171,313,291,0,0,1
lqr_sysid_csv,56165,300,settle,0,-18,10,0,0,0,0,0,171,313,291,0,0,1
lqr_sysid_csv,56176,300,settle,0,-18,10,0,0,0,0,0,171,313,291,0,0,1
lqr_sysid_csv,56186,300,settle,0,-18,10,0,0,0,0,0,171,313,291,0,0,1
lqr_sysid_csv,56196,300,settle,0,-18,10,0,0,0,0,0,171,313,291,0,0,1
lqr_sysid_csv,56206,300,settle,0,-18,10,0,0,0,0,0,171,313,291,0,0,1
lqr_sysid_csv,56216,300,settle,0,-18,10,0,0,0,0,0,171,313,291,0,0,1
lqr_sysid_csv,56226,300,settle,0,-18,10,0,0,0,0,0,171,313,291,0,0,1
lqr_sysid_csv,56236,300,settle,0,-18,10,0,0,0,0,0,171,313,291,0,0,1
lqr_sysid_csv,56246,300,settle,0,-18,10,0,0,0,0,0,171,313,291,0,0,1
lqr_sysid_csv,56256,300,settle,0,-18,10,0,0,0,0,0,171,313,291,0,0,1
lqr_sysid_csv,56266,300,settle,0,-18,10,0,0,0,0,0,171,313,291,0,0,1
lqr_sysid_csv,56276,300,settle,0,-18,10,0,0,0,0,0,171,313,291,0,0,1
lqr_sysid_csv,56286,300,settle,0,-18,10,0,0,0,0,0,171,313,291,0,0,1
lqr_sysid_csv,56296,300,settle,0,-18,10,0,0,0,0,0,171,313,291,0,0,1
lqr_sysid_csv,56306,300,settle,0,-18,10,0,0,0,0,0,171,313,291,0,0,1
lqr_sysid_csv,56317,300,settle,0,-18,10,0,0,0,0,0,171,313,291,0,0,1
lqr_sysid_csv,56327,300,settle,0,-18,10,0,0,0,0,0,172,313,291,0,0,1
lqr_sysid_csv,56337,300,settle,0,-18,10,0,0,0,0,0,172,313,291,0,0,1
lqr_sysid_csv,56347,300,settle,0,-18,10,0,0,0,0,0,172,313,291,0,0,1
lqr_sysid_csv,56358,300,settle,0,-18,10,0,0,0,0,0,172,313,291,0,0,1
lqr_sysid_csv,56368,300,settle,0,-18,10,0,0,0,0,0,172,313,291,0,0,1
lqr_sysid_csv,56378,300,settle,0,-18,10,0,0,0,0,0,172,313,291,0,0,1
lqr_sysid_csv,56389,300,settle,0,-18,10,0,0,0,0,0,172,313,291,0,0,1
lqr_sysid_csv,56406,300,settle,0,-18,5,0,0,0,0,0,178,313,291,0,0,1
lqr_sysid_csv,56416,300,settle,0,-18,5,0,0,0,0,0,178,313,291,0,0,1
lqr_sysid_csv,56426,300,settle,0,-18,5,0,0,0,0,0,179,313,291,0,0,1
lqr_sysid_csv,56437,300,settle,0,-18,5,0,0,0,0,0,179,313,291,0,0,1
lqr_sysid_csv,56446,300,settle,0,-18,5,0,0,0,0,0,179,313,291,0,0,1
lqr_sysid_csv,56456,300,settle,0,-18,5,0,0,0,0,0,179,313,291,0,0,1
lqr_sysid_csv,56466,300,settle,0,-18,5,0,0,0,0,0,179,313,291,0,0,1
lqr_sysid_csv,56476,300,settle,0,-20,-50,0,0,0,0,0,233,312,291,0,0,1
lqr_sysid_csv,56487,300,settle,0,-20,-50,0,0,0,0,0,246,312,291,0,0,1
lqr_sysid_csv,56497,300,settle,0,-20,-50,0,0,0,0,0,250,312,291,0,0,1
lqr_sysid_csv,56508,300,settle,0,-22,-67,0,0,0,0,0,284,311,291,0,0,1
lqr_sysid_csv,56518,300,settle,0,-22,-67,0,0,0,0,0,288,311,291,0,0,1
lqr_sysid_csv,56529,300,settle,0,-22,-67,0,0,0,0,0,290,311,291,0,0,1
lqr_sysid_csv,56539,300,settle,0,-25,-90,0,0,0,0,0,330,309,291,0,0,1
lqr_sysid_csv,56549,300,settle,0,-25,-90,0,0,0,0,0,342,309,291,0,0,1
lqr_sysid_csv,56559,300,settle,0,-25,-90,0,0,0,0,0,346,309,291,0,0,1
lqr_sysid_csv,56570,300,settle,0,-25,-90,0,0,0,0,0,348,309,291,0,0,1
lqr_sysid_csv,56580,300,settle,0,-29,-84,0,0,0,0,0,387,306,291,0,0,1
lqr_sysid_csv,56591,300,settle,0,-29,-84,0,0,0,0,0,384,306,291,0,0,1
lqr_sysid_csv,56601,300,settle,0,-29,-84,0,0,0,0,0,383,306,291,0,0,1
lqr_sysid_csv,56611,300,settle,0,-29,-84,0,0,0,0,0,383,306,291,0,0,1
lqr_sysid_csv,56621,300,settle,0,-29,-84,0,0,0,0,0,383,306,291,0,0,1
lqr_sysid_csv,56631,300,settle,0,-29,-84,0,0,0,0,0,383,306,291,0,0,1
lqr_sysid_csv,56641,300,settle,0,-29,-84,0,0,0,0,0,383,306,291,0,0,1
lqr_sysid_csv,56651,300,settle,0,-29,-84,0,0,0,0,0,383,306,291,0,0,1
lqr_sysid_csv,56661,300,settle,0,-35,-45,0,0,0,0,0,411,304,291,0,0,1
lqr_sysid_csv,56672,300,settle,0,-35,-45,0,0,0,0,0,402,304,291,0,0,1
lqr_sysid_csv,56688,300,settle,0,-36,-22,0,0,0,0,0,392,303,291,0,0,1
lqr_sysid_csv,56698,300,settle,0,-36,-22,0,0,0,0,0,388,303,291,0,0,1
lqr_sysid_csv,56709,300,settle,0,-36,-22,0,0,0,0,0,387,303,291,0,0,1
lqr_sysid_csv,56719,300,settle,0,-36,5,0,0,0,0,0,378,303,291,0,0,1
lqr_sysid_csv,56729,300,settle,0,-36,5,0,0,0,0,0,368,303,291,0,0,1
lqr_sysid_csv,56739,300,settle,0,-36,5,0,0,0,0,0,365,303,291,0,0,1
lqr_sysid_csv,56749,300,settle,0,-36,5,0,0,0,0,0,364,303,291,0,0,1
lqr_sysid_csv,56759,300,settle,0,-36,5,0,0,0,0,0,364,303,291,0,0,1
lqr_sysid_csv,56769,300,settle,0,-36,5,0,0,0,0,0,364,303,291,0,0,1
lqr_sysid_csv,56779,300,settle,0,-36,5,0,0,0,0,0,364,303,291,0,0,1
lqr_sysid_csv,56789,300,settle,0,-36,5,0,0,0,0,0,364,303,291,0,0,1
lqr_sysid_csv,56799,300,settle,0,-36,5,0,0,0,0,0,364,303,291,0,0,1
lqr_sysid_csv,56809,300,settle,0,-36,5,0,0,0,0,0,364,303,291,0,0,1
lqr_sysid_csv,56819,300,settle,0,-36,5,0,0,0,0,0,364,303,291,0,0,1
lqr_sysid_csv,56829,300,settle,0,-38,10,0,0,0,0,0,372,302,291,0,0,1
lqr_sysid_csv,56839,300,settle,0,-38,10,0,0,0,0,0,370,302,291,0,0,1
lqr_sysid_csv,56850,300,settle,0,-38,10,0,0,0,0,0,370,302,291,0,0,1
lqr_sysid_csv,56866,300,settle,0,-38,10,0,0,0,0,0,370,302,291,0,0,1
lqr_sysid_csv,56877,300,settle,0,-38,-15,0,0,0,0,0,389,302,291,0,0,1
lqr_sysid_csv,56887,300,settle,0,-38,-15,0,0,0,0,0,395,302,291,0,0,1
lqr_sysid_csv,56898,300,settle,0,-37,18,0,0,0,0,0,368,302,291,0,0,1
lqr_sysid_csv,56908,300,settle,0,-37,44,0,0,0,0,0,352,302,291,0,0,1
lqr_sysid_csv,56918,300,settle,0,-37,44,0,0,0,0,0,339,302,291,0,0,1
lqr_sysid_csv,56928,300,settle,0,-37,44,0,0,0,0,0,334,302,291,0,0,1
lqr_sysid_csv,56938,300,settle,0,-37,44,0,0,0,0,0,333,302,291,0,0,1
lqr_sysid_csv,56949,300,settle,0,-37,5,0,0,0,0,0,355,303,291,0,0,1
lqr_sysid_csv,56959,300,settle,0,-37,5,0,0,0,0,0,363,303,291,0,0,1
lqr_sysid_csv,56969,300,settle,0,-37,10,0,0,0,0,0,362,303,291,0,0,1
lqr_sysid_csv,56980,300,settle,0,-37,10,0,0,0,0,0,362,303,291,0,0,1
lqr_sysid_csv,56990,300,settle,0,-37,-17,0,0,0,0,0,377,302,291,0,0,1
lqr_sysid_csv,57001,300,settle,0,-37,-17,0,0,0,0,0,389,302,291,0,0,1
lqr_sysid_csv,57011,300,settle,0,-38,0,0,0,0,0,0,393,302,291,0,0,1
lqr_sysid_csv,57022,300,settle,0,-38,0,0,0,0,0,0,387,302,291,0,0,1
lqr_sysid_csv,57032,300,settle,0,-38,33,0,0,0,0,0,371,302,291,0,0,1
lqr_sysid_csv,57042,300,settle,0,-38,33,0,0,0,0,0,356,302,291,0,0,1
lqr_sysid_csv,57052,300,settle,0,-38,33,0,0,0,0,0,351,302,291,0,0,1
lqr_sysid_csv,57063,300,settle,0,-38,33,0,0,0,0,0,349,302,291,0,0,1
lqr_sysid_csv,57073,300,settle,0,-37,10,0,0,0,0,0,358,303,291,0,0,1
lqr_sysid_csv,57083,300,settle,0,-37,10,0,0,0,0,0,362,303,292,0,0,1
lqr_sysid_csv,57093,300,settle,0,-37,16,0,0,0,0,0,360,303,292,0,0,1
lqr_sysid_csv,57103,300,settle,0,-37,10,0,0,0,0,0,363,303,292,0,0,1
lqr_sysid_csv,57113,300,settle,0,-37,10,0,0,0,0,0,364,303,292,0,0,1
lqr_sysid_csv,57123,300,settle,0,-37,10,0,0,0,0,0,365,303,292,0,0,1
lqr_sysid_csv,57133,300,settle,0,-37,10,0,0,0,0,0,365,303,292,0,0,1
lqr_sysid_csv,57143,300,settle,0,-37,10,0,0,0,0,0,365,303,292,0,0,1
lqr_sysid_csv,57154,300,settle,0,-37,10,0,0,0,0,0,365,303,292,0,0,1
lqr_sysid_csv,57164,300,settle,0,-37,10,0,0,0,0,0,365,303,292,0,0,1
lqr_sysid_csv,57175,300,settle,0,-37,10,0,0,0,0,0,367,303,292,0,0,1
lqr_sysid_csv,57184,300,settle,0,-37,10,0,0,0,0,0,367,303,292,0,0,1
lqr_sysid_csv,57194,300,settle,0,-37,10,0,0,0,0,0,367,303,292,0,0,1
lqr_sysid_csv,57204,300,settle,0,-37,10,0,0,0,0,0,367,303,292,0,0,1
lqr_sysid_csv,57214,300,settle,0,-37,10,0,0,0,0,0,367,303,292,0,0,1
lqr_sysid_csv,57224,300,settle,0,-37,10,0,0,0,0,0,367,303,292,0,0,1
lqr_sysid_csv,57234,300,settle,0,-37,10,0,0,0,0,0,367,303,292,0,0,1
lqr_sysid_csv,57245,300,settle,0,-37,10,0,0,0,0,0,367,303,292,0,0,1
lqr_sysid_csv,57254,300,settle,0,-37,10,0,0,0,0,0,367,303,292,0,0,1
lqr_sysid_csv,57264,300,settle,0,-37,10,0,0,0,0,0,367,303,292,0,0,1
lqr_sysid_csv,57274,300,settle,0,-37,10,0,0,0,0,0,367,303,292,0,0,1
lqr_sysid_csv,57284,300,settle,0,-37,10,0,0,0,0,0,367,303,292,0,0,1
lqr_sysid_csv,57294,300,settle,0,-37,10,0,0,0,0,0,367,303,292,0,0,1
lqr_sysid_csv,57304,300,settle,0,-37,10,0,0,0,0,0,367,303,292,0,0,1
lqr_sysid_csv,57315,300,settle,0,-37,10,0,0,0,0,0,367,303,292,0,0,1
lqr_sysid_csv,57325,300,settle,0,-39,10,0,0,0,0,0,382,302,292,0,0,1
lqr_sysid_csv,57335,300,settle,0,-39,10,0,0,0,0,0,382,302,292,0,0,1
lqr_sysid_csv,57345,300,settle,0,-39,10,0,0,0,0,0,382,302,292,0,0,1
lqr_sysid_csv,57356,300,settle,0,-39,10,0,0,0,0,0,382,302,292,0,0,1
lqr_sysid_csv,57372,300,settle,0,-39,10,0,0,0,0,0,382,302,292,0,0,1
lqr_sysid_csv,57383,300,settle,0,-39,10,0,0,0,0,0,382,302,292,0,0,1
lqr_sysid_csv,57393,300,settle,0,-38,50,0,0,0,0,0,368,302,292,0,0,1
lqr_sysid_csv,57403,300,settle,0,-38,45,0,0,0,0,0,352,302,292,0,0,1
lqr_sysid_csv,57413,300,settle,0,-38,45,0,0,0,0,0,346,302,292,0,0,1
lqr_sysid_csv,57423,300,settle,0,-38,45,0,0,0,0,0,345,302,292,0,0,1
lqr_sysid_csv,57433,300,settle,0,-38,45,0,0,0,0,0,344,302,292,0,0,1
lqr_sysid_csv,57443,300,settle,0,-38,45,0,0,0,0,0,344,302,292,0,0,1
lqr_sysid_csv,57454,300,settle,0,-37,-5,0,0,0,0,0,367,303,292,0,0,1
lqr_sysid_csv,57464,300,settle,0,-37,0,0,0,0,0,0,376,303,292,0,0,1
lqr_sysid_csv,57474,300,settle,0,-37,10,0,0,0,0,0,371,302,292,0,0,1
lqr_sysid_csv,57484,300,settle,0,-37,10,0,0,0,0,0,369,302,292,0,0,1
lqr_sysid_csv,57494,300,settle,0,-37,10,0,0,0,0,0,368,302,292,0,0,1
lqr_sysid_csv,57505,300,settle,0,-37,10,0,0,0,0,0,368,302,292,0,0,1
lqr_sysid_csv,57514,300,settle,0,-37,10,0,0,0,0,0,368,302,292,0,0,1
lqr_sysid_csv,57525,300,settle,0,-37,10,0,0,0,0,0,368,302,292,0,0,1
lqr_sysid_csv,57535,300,settle,0,-37,10,0,0,0,0,0,368,302,292,0,0,1
lqr_sysid_csv,57545,300,settle,0,-37,10,0,0,0,0,0,368,302,292,0,0,1
lqr_sysid_csv,57555,300,settle,0,-37,10,0,0,0,0,0,368,302,292,0,0,1
lqr_sysid_csv,57566,300,settle,0,-37,10,0,0,0,0,0,368,302,292,0,0,1
lqr_sysid_csv,57583,300,settle,0,-39,10,0,0,0,0,0,383,302,292,0,0,1
lqr_sysid_csv,57594,300,settle,0,-39,10,0,0,0,0,0,383,302,292,0,0,1
lqr_sysid_csv,57604,300,settle,0,-38,44,0,0,0,0,0,365,302,292,0,0,1
lqr_sysid_csv,57614,300,settle,0,-38,44,0,0,0,0,0,350,302,292,0,0,1
lqr_sysid_csv,57624,300,settle,0,-38,50,0,0,0,0,0,344,302,292,0,0,1
lqr_sysid_csv,57634,300,settle,0,-38,44,0,0,0,0,0,343,302,292,0,0,1
lqr_sysid_csv,57644,300,settle,0,-38,44,0,0,0,0,0,343,302,292,0,0,1
lqr_sysid_csv,57654,300,settle,0,-38,44,0,0,0,0,0,343,302,292,0,0,1
lqr_sysid_csv,57665,300,settle,0,-38,44,0,0,0,0,0,343,302,292,0,0,1
lqr_sysid_csv,57675,300,settle,0,-37,10,0,0,0,0,0,345,302,292,0,0,1
lqr_sysid_csv,57685,300,settle,0,-37,10,0,0,0,0,0,360,302,292,0,0,1
lqr_sysid_csv,57695,300,settle,0,-37,10,0,0,0,0,0,365,302,292,0,0,1
lqr_sysid_csv,57705,300,settle,0,-37,10,0,0,0,0,0,366,302,292,0,0,1
lqr_sysid_csv,57715,300,settle,0,-37,10,0,0,0,0,0,365,302,292,0,0,1
lqr_sysid_csv,57726,300,settle,0,-37,10,0,0,0,0,0,366,302,292,0,0,1
lqr_sysid_csv,57735,300,settle,0,-37,10,0,0,0,0,0,367,302,292,0,0,1
lqr_sysid_csv,57745,300,settle,0,-37,16,0,0,0,0,0,364,302,292,0,0,1
lqr_sysid_csv,57755,300,settle,0,-37,27,0,0,0,0,0,357,302,292,0,0,1
lqr_sysid_csv,57765,300,settle,0,-37,59,0,0,0,0,0,328,302,292,0,0,1
lqr_sysid_csv,57775,300,settle,0,-37,21,0,0,0,0,0,339,302,292,0,0,1
lqr_sysid_csv,57785,300,settle,0,-37,21,0,0,0,0,0,345,302,292,0,0,1
lqr_sysid_csv,57795,300,settle,0,-36,69,0,0,0,0,0,313,302,292,0,0,1
lqr_sysid_csv,57805,300,settle,0,-36,27,0,0,0,0,0,327,302,292,0,0,1
lqr_sysid_csv,57815,300,settle,0,-35,64,0,0,0,0,0,306,302,293,0,0,1
lqr_sysid_csv,57825,300,settle,0,-35,21,0,0,0,0,0,323,302,293,0,0,1
lqr_sysid_csv,57835,300,settle,0,-35,48,0,0,0,0,0,313,302,293,0,0,1
lqr_sysid_csv,57845,300,settle,0,-35,10,0,0,0,0,0,324,302,293,0,0,1
lqr_sysid_csv,57855,300,settle,0,-35,5,0,0,0,0,0,339,302,293,0,0,1
lqr_sysid_csv,57865,300,settle,0,-35,10,0,0,0,0,0,340,302,293,0,0,1
lqr_sysid_csv,57876,300,settle,0,-35,10,0,0,0,0,0,341,302,293,0,0,1
lqr_sysid_csv,57886,300,settle,0,-35,5,0,0,0,0,0,344,302,293,0,0,1
lqr_sysid_csv,57896,300,settle,0,-35,10,0,0,0,0,0,342,302,293,0,0,1
lqr_sysid_csv,57906,300,settle,0,-35,10,0,0,0,0,0,341,302,293,0,0,1
lqr_sysid_csv,57922,300,settle,0,-35,10,0,0,0,0,0,341,302,293,0,0,1
lqr_sysid_csv,57932,300,settle,0,-35,10,0,0,0,0,0,341,302,293,0,0,1
lqr_sysid_csv,57942,300,settle,0,-35,10,0,0,0,0,0,341,302,293,0,0,1
lqr_sysid_csv,57953,300,settle,0,-35,10,0,0,0,0,0,341,302,293,0,0,1
lqr_sysid_csv,57963,300,settle,0,-35,10,0,0,0,0,0,341,302,293,0,0,1
lqr_sysid_csv,57973,300,settle,0,-35,10,0,0,0,0,0,341,302,293,0,0,1
lqr_sysid_csv,57983,300,settle,0,-35,10,0,0,0,0,0,341,302,293,0,0,1
lqr_sysid_csv,57993,300,settle,0,-35,10,0,0,0,0,0,341,302,293,0,0,1
lqr_sysid_csv,58003,300,settle,0,-35,10,0,0,0,0,0,341,302,293,0,0,1
lqr_sysid_csv,58013,300,settle,0,-35,10,0,0,0,0,0,341,302,293,0,0,1
lqr_sysid_csv,58023,300,settle,0,-35,10,0,0,0,0,0,341,302,293,0,0,1
lqr_sysid_csv,58033,300,settle,0,-35,10,0,0,0,0,0,341,302,293,0,0,1
lqr_sysid_csv,58043,300,settle,0,-35,10,0,0,0,0,0,341,302,293,0,0,1
lqr_sysid_csv,58053,300,settle,0,-35,10,0,0,0,0,0,341,302,293,0,0,1
lqr_sysid_csv,58063,300,settle,0,-35,10,0,0,0,0,0,341,302,293,0,0,1
lqr_sysid_csv,58073,300,settle,0,-35,10,0,0,0,0,0,341,302,293,0,0,1
lqr_sysid_csv,58083,300,settle,0,-35,10,0,0,0,0,0,341,302,293,0,0,1
lqr_sysid_csv,58093,300,settle,0,-35,10,0,0,0,0,0,341,302,293,0,0,1
lqr_sysid_csv,58103,300,settle,0,-35,10,0,0,0,0,0,341,302,293,0,0,1
lqr_sysid_csv,58113,300,settle,0,-35,10,0,0,0,0,0,341,302,293,0,0,1
lqr_sysid_csv,58123,300,settle,0,-35,10,0,0,0,0,0,341,302,293,0,0,1
lqr_sysid_csv,58133,300,settle,0,-35,10,0,0,0,0,0,341,302,293,0,0,1
lqr_sysid_csv,58143,300,settle,0,-35,10,0,0,0,0,0,341,302,293,0,0,1
lqr_sysid_csv,58153,300,settle,0,-35,10,0,0,0,0,0,341,302,293,0,0,1
lqr_sysid_csv,58163,300,settle,0,-35,10,0,0,0,0,0,341,302,293,0,0,1
lqr_sysid_csv,58173,300,settle,0,-35,10,0,0,0,0,0,341,302,293,0,0,1
lqr_sysid_csv,58183,300,settle,0,-35,10,0,0,0,0,0,341,302,293,0,0,1
lqr_sysid_csv,58193,300,settle,0,-35,10,0,0,0,0,0,341,302,293,0,0,1
lqr_sysid_csv,58203,300,settle,0,-35,10,0,0,0,0,0,341,302,293,0,0,1
lqr_sysid_csv,58213,300,settle,0,-35,10,0,0,0,0,0,341,302,293,0,0,1
lqr_sysid_csv,58223,300,settle,0,-35,10,0,0,0,0,0,341,302,293,0,0,1
lqr_sysid_csv,58233,300,settle,0,-35,10,0,0,0,0,0,341,302,293,0,0,1
lqr_sysid_csv,58243,300,settle,0,-35,10,0,0,0,0,0,341,302,293,0,0,1
lqr_sysid_csv,58254,300,settle,0,-35,10,0,0,0,0,0,341,302,293,0,0,1
lqr_sysid_csv,58264,300,settle,0,-35,10,0,0,0,0,0,341,302,293,0,0,1
lqr_sysid_csv,58281,300,settle,0,-35,10,0,0,0,0,0,341,302,293,0,0,1
lqr_sysid_csv,58291,300,settle,0,-35,10,0,0,0,0,0,341,302,293,0,0,1
lqr_sysid_csv,58301,300,settle,0,-35,10,0,0,0,0,0,341,302,293,0,0,1
lqr_sysid_csv,58312,300,settle,0,-35,10,0,0,0,0,0,341,302,293,0,0,1
lqr_sysid_csv,58322,300,settle,0,-35,10,0,0,0,0,0,341,302,293,0,0,1
lqr_sysid_csv,58332,300,settle,0,-35,10,0,0,0,0,0,341,302,293,0,0,1
lqr_sysid_csv,58342,300,settle,0,-35,10,0,0,0,0,0,341,302,293,0,0,1
lqr_sysid_csv,58352,300,settle,0,-35,10,0,0,0,0,0,341,302,293,0,0,1
lqr_sysid_csv,58362,300,settle,0,-35,10,0,0,0,0,0,341,302,293,0,0,1
lqr_sysid_csv,58372,300,settle,0,-35,10,0,0,0,0,0,341,302,293,0,0,1
lqr_sysid_csv,58382,300,settle,0,-35,10,0,0,0,0,0,341,302,293,0,0,1
lqr_sysid_csv,58392,300,settle,0,-35,10,0,0,0,0,0,341,302,293,0,0,1
lqr_sysid_csv,58402,300,settle,0,-35,10,0,0,0,0,0,341,302,293,0,0,1
lqr_sysid_csv,58412,300,settle,0,-35,10,0,0,0,0,0,341,302,293,0,0,1
lqr_sysid_csv,58422,300,settle,0,-35,10,0,0,0,0,0,341,302,293,0,0,1
lqr_sysid_csv,58432,300,settle,0,-35,10,0,0,0,0,0,341,302,293,0,0,1
lqr_sysid_csv,58442,300,settle,0,-35,10,0,0,0,0,0,341,302,293,0,0,1
lqr_sysid_csv,58452,300,settle,0,-35,10,0,0,0,0,0,341,302,293,0,0,1
lqr_sysid_csv,58463,300,settle,0,-35,10,0,0,0,0,0,341,302,293,0,0,1
lqr_sysid_csv,58473,300,settle,0,-35,10,0,0,0,0,0,341,302,293,0,0,1
lqr_sysid_csv,58484,300,settle,0,-35,10,0,0,0,0,0,341,302,293,0,0,1
lqr_sysid_csv,58494,300,settle,0,-35,10,0,0,0,0,0,341,302,293,0,0,1
lqr_sysid_csv,58504,300,settle,0,-35,10,0,0,0,0,0,341,302,293,0,0,1
lqr_sysid_csv,58514,300,settle,0,-35,10,0,0,0,0,0,341,302,293,0,0,1
lqr_sysid_csv,58524,300,settle,0,-35,10,0,0,0,0,0,341,302,293,0,0,1
lqr_sysid_csv,58535,300,settle,0,-35,10,0,0,0,0,0,341,302,293,0,0,1
lqr_sysid_csv,58552,300,settle,0,-35,10,0,0,0,0,0,341,302,293,0,0,1
lqr_sysid_csv,58562,300,settle,0,-35,10,0,0,0,0,0,341,302,293,0,0,1
lqr_sysid_csv,58572,300,settle,0,-35,10,0,0,0,0,0,341,302,293,0,0,1
lqr_sysid_csv,58582,300,settle,0,-35,10,0,0,0,0,0,341,302,293,0,0,1
lqr_sysid_csv,58592,300,settle,0,-35,10,0,0,0,0,0,341,302,293,0,0,1
lqr_sysid_csv,58603,300,settle,0,-35,10,0,0,0,0,0,341,302,293,0,0,1
lqr_sysid_csv,58613,300,settle,0,-35,10,0,0,0,0,0,341,302,293,0,0,1
lqr_sysid_csv,58623,300,settle,0,-35,10,0,0,0,0,0,341,302,293,0,0,1
lqr_sysid_csv,58634,300,settle,0,-35,10,0,0,0,0,0,341,302,293,0,0,1
lqr_sysid_csv,58643,300,settle,0,-35,10,0,0,0,0,0,341,302,293,0,0,1
lqr_sysid_csv,58653,300,settle,0,-35,10,0,0,0,0,0,341,302,293,0,0,1
lqr_sysid_csv,58663,300,settle,0,-35,10,0,0,0,0,0,341,302,293,0,0,1
lqr_sysid_csv,58674,300,settle,0,-35,10,0,0,0,0,0,341,302,293,0,0,1
lqr_sysid_csv,58684,300,settle,0,-35,10,0,0,0,0,0,341,302,293,0,0,1
lqr_sysid_csv,58694,300,settle,0,-35,10,0,0,0,0,0,341,302,293,0,0,1
lqr_sysid_csv,58704,300,settle,0,-35,10,0,0,0,0,0,341,302,293,0,0,1
lqr_sysid_csv,58714,300,settle,0,-35,10,0,0,0,0,0,341,302,293,0,0,1
lqr_sysid_csv,58724,300,settle,0,-35,10,0,0,0,0,0,341,302,293,0,0,1
lqr_sysid_csv,58734,300,settle,0,-35,10,0,0,0,0,0,341,302,293,0,0,1
lqr_sysid_csv,58745,300,settle,0,-35,10,0,0,0,0,0,341,302,293,0,0,1
lqr_sysid_csv,58755,300,settle,0,-35,10,0,0,0,0,0,341,302,293,0,0,1
lqr_sysid_csv,58766,300,settle,0,-35,10,0,0,0,0,0,341,302,293,0,0,1
lqr_sysid_csv,58781,300,settle,0,-35,10,0,0,0,0,0,341,302,293,0,0,1
lqr_sysid_csv,58791,300,settle,0,-35,10,0,0,0,0,0,341,302,293,0,0,1
lqr_sysid_csv,58801,300,settle,0,-35,10,0,0,0,0,0,341,302,293,0,0,1
lqr_sysid_csv,58811,300,settle,0,-35,10,0,0,0,0,0,341,302,293,0,0,1
lqr_sysid_csv,58822,300,settle,0,-35,10,0,0,0,0,0,341,302,293,0,0,1
lqr_sysid_csv,58831,300,settle,0,-35,10,0,0,0,0,0,341,302,293,0,0,1
lqr_sysid_csv,58841,300,settle,0,-35,10,0,0,0,0,0,341,302,293,0,0,1
lqr_sysid_csv,58851,300,settle,0,-35,10,0,0,0,0,0,341,302,293,0,0,1
lqr_sysid_csv,58861,300,settle,0,-35,10,0,0,0,0,0,341,302,293,0,0,1
lqr_sysid_csv,58871,300,settle,0,-35,10,0,0,0,0,0,341,302,293,0,0,1
lqr_sysid_csv,58881,300,settle,0,-35,10,0,0,0,0,0,341,302,293,0,0,1
lqr_sysid_csv,58891,300,settle,0,-35,10,0,0,0,0,0,341,302,293,0,0,1
lqr_sysid_csv,58901,300,settle,0,-35,10,0,0,0,0,0,341,302,293,0,0,1
lqr_sysid_csv,58911,300,settle,0,-35,10,0,0,0,0,0,341,302,293,0,0,1
lqr_sysid_csv,58921,300,settle,0,-35,10,0,0,0,0,0,341,302,293,0,0,1
lqr_sysid_csv,58931,300,settle,0,-35,10,0,0,0,0,0,341,302,293,0,0,1
lqr_sysid_csv,58941,300,settle,0,-35,10,0,0,0,0,0,341,302,293,0,0,1
lqr_sysid_csv,58951,300,settle,0,-35,10,0,0,0,0,0,341,302,293,0,0,1
lqr_sysid_csv,58962,300,settle,0,-35,10,0,0,0,0,0,341,302,293,0,0,1
lqr_sysid_csv,58979,300,settle,0,-35,10,0,0,0,0,0,341,302,293,0,0,1
lqr_sysid_csv,58989,300,settle,0,-35,10,0,0,0,0,0,341,302,293,0,0,1
lqr_sysid_csv,58999,300,settle,0,-35,10,0,0,0,0,0,341,302,293,0,0,1
lqr_sysid_csv,59009,300,settle,0,-35,10,0,0,0,0,0,341,302,293,0,0,1
lqr_sysid_csv,59019,300,settle,0,-35,10,0,0,0,0,0,341,302,293,0,0,1
lqr_sysid_csv,59030,300,settle,0,-35,10,0,0,0,0,0,341,302,293,0,0,1
lqr_sysid_csv,59040,300,settle,0,-35,10,0,0,0,0,0,341,302,293,0,0,1
lqr_sysid_csv,59050,300,settle,0,-35,10,0,0,0,0,0,341,302,293,0,0,1
lqr_sysid_csv,59060,300,settle,0,-35,10,0,0,0,0,0,341,302,293,0,0,1
lqr_sysid_csv,59070,300,settle,0,-35,10,0,0,0,0,0,341,302,293,0,0,1
lqr_sysid_csv,59081,300,settle,0,-35,10,0,0,0,0,0,341,302,293,0,0,1
lqr_sysid_csv,59091,300,settle,0,-35,10,0,0,0,0,0,341,302,293,0,0,1
lqr_sysid_csv,59101,300,settle,0,-35,10,0,0,0,0,0,341,302,293,0,0,1
lqr_sysid_csv,59111,300,settle,0,-35,10,0,0,0,0,00,-35,10,0,0,0,0,0,341,302,293,0,0,1
lqr_sysid_csv,59132,300,settle,0,-35,10,0,0,0,0,0,341,302,293,0,0,1
lqr_sysid_csv,59141,300,settle,0,-35,10,0,0,0,0,0,341,302,293,0,0,1
lqr_sysid_csv,59152,300,settle,0,-35,10,0,0,0,0,0,341,302,293,0,0,1
lqr_sysid_csv,59169,300,settle,0,-35,10,0,0,0,0,0,341,302,293,0,0,1
lqr_sysid_csv,59179,300,settle,0,-35,10,0,0,0,0,0,341,302,293,0,0,1
lqr_sysid_csv,59189,300,settle,0,-35,10,0,0,0,0,0,341,302,293,0,0,1
lqr_sysid_csv,59199,300,settle,0,-35,10,0,0,0,0,0,341,302,293,0,0,1
lqr_sysid_csv,59209,300,settle,0,-35,10,0,0,0,0,0,341,302,293,0,0,1
lqr_sysid_csv,59219,300,settle,0,-35,10,0,0,0,0,0,341,302,293,0,0,1
lqr_sysid_csv,59229,300,settle,0,-35,10,0,0,0,0,0,341,302,293,0,0,1
lqr_sysid_csv,59240,300,settle,0,-35,10,0,0,0,0,0,341,302,293,0,0,1
lqr_sysid_csv,59250,300,settle,0,-35,10,0,0,0,0,0,341,302,293,0,0,1
lqr_sysid_csv,59260,300,settle,0,-35,10,0,0,0,0,0,341,302,293,0,0,1
lqr_sysid_csv,59270,300,settle,0,-35,10,0,0,0,0,0,341,302,293,0,0,1
lqr_sysid_csv,59280,300,settle,0,-35,10,0,0,0,0,0,341,302,293,0,0,1
lqr_sysid_csv,59290,300,settle,0,-35,10,0,0,0,0,0,341,302,293,0,0,1
lqr_sysid_csv,59300,300,settle,0,-35,10,0,0,0,0,0,341,302,293,0,0,1
lqr_sysid_csv,59310,300,settle,0,-35,10,0,0,0,0,0,341,302,293,0,0,1
lqr_sysid_csv,59320,300,settle,0,-35,10,0,0,0,0,0,341,302,293,0,0,1
lqr_sysid_csv,59330,300,settle,0,-35,10,0,0,0,0,0,341,302,293,0,0,1
lqr_sysid_csv,59340,300,settle,0,-35,10,0,0,0,0,0,341,302,293,0,0,1
lqr_sysid_csv,59350,300,settle,0,-35,10,0,0,0,0,0,341,302,293,0,0,1
lqr_sysid_csv,59360,300,settle,0,-35,10,0,0,0,0,0,341,302,293,0,0,1
lqr_sysid_csv,59370,300,settle,0,-35,10,0,0,0,0,0,341,302,293,0,0,1
lqr_sysid_csv,59380,300,settle,0,-35,10,0,0,0,0,0,341,302,293,0,0,1
lqr_sysid_csv,59391,300,settle,0,-35,10,0,0,0,0,0,341,302,293,0,0,1
lqr_sysid_csv,59406,300,settle,0,-35,10,0,0,0,0,0,341,302,293,0,0,1
lqr_sysid_csv,59416,300,settle,0,-35,10,0,0,0,0,0,341,302,293,0,0,1
lqr_sysid_csv,59426,300,settle,0,-35,10,0,0,0,0,0,341,302,293,0,0,1
lqr_sysid_csv,59436,300,settle,0,-35,10,0,0,0,0,0,341,302,293,0,0,1
lqr_sysid_csv,59446,300,settle,0,-35,10,0,0,0,0,0,341,302,293,0,0,1
lqr_sysid_csv,59457,300,settle,0,-35,10,0,0,0,0,0,341,302,293,0,0,1
lqr_sysid_csv,59467,300,settle,0,-35,10,0,0,0,0,0,341,302,293,0,0,1
lqr_sysid_csv,59477,300,settle,0,-35,10,0,0,0,0,0,341,302,293,0,0,1
lqr_sysid_csv,59487,300,settle,0,-35,10,0,0,0,0,0,341,302,293,0,0,1
lqr_sysid_csv,59497,300,settle,0,-35,10,0,0,0,0,0,341,302,293,0,0,1
lqr_sysid_csv,59507,300,settle,0,-35,10,0,0,0,0,0,341,302,293,0,0,1
lqr_sysid_csv,59517,300,settle,0,-35,10,0,0,0,0,0,341,302,293,0,0,1
lqr_sysid_csv,59527,300,settle,0,-35,10,0,0,0,0,0,341,302,293,0,0,1
lqr_sysid_csv,59537,300,settle,0,-35,10,0,0,0,0,0,341,302,293,0,0,1
lqr_sysid_csv,59547,300,settle,0,-35,10,0,0,0,0,0,341,302,293,0,0,1
lqr_sysid_csv,59557,300,settle,0,-35,10,0,0,0,0,0,341,302,293,0,0,1
lqr_sysid_csv,59567,300,settle,0,-35,10,0,0,0,0,0,341,302,293,0,0,1
lqr_sysid_csv,59577,300,settle,0,-35,10,0,0,0,0,0,341,302,293,0,0,1
lqr_sysid_csv,59587,300,settle,0,-35,10,0,0,0,0,0,341,302,293,0,0,1
lqr_sysid_csv,59597,300,settle,0,-35,10,0,0,0,0,0,341,302,293,0,0,1
lqr_sysid_csv,59608,300,settle,0,-35,10,0,0,0,0,0,341,302,293,0,0,1
lqr_sysid_csv,59618,300,settle,0,-35,10,0,0,0,0,0,341,302,293,0,0,1
lqr_sysid_csv,59628,300,settle,0,-35,10,0,0,0,0,0,341,302,293,0,0,1
lqr_sysid_csv,59638,300,settle,0,-35,10,0,0,0,0,0,341,302,293,0,0,1
lqr_sysid_csv,59648,300,settle,0,-35,10,0,0,0,0,0,341,302,293,0,0,1
lqr_sysid_csv,59658,300,settle,0,-35,10,0,0,0,0,0,341,302,293,0,0,1
lqr_sysid_csv,59668,300,settle,0,-35,10,0,0,0,0,0,341,302,293,0,0,1
lqr_sysid_csv,59678,300,settle,0,-35,10,0,0,0,0,0,341,302,293,0,0,1
lqr_sysid_csv,59689,300,settle,0,-35,10,0,0,0,0,0,341,302,293,0,0,1
lqr_sysid_csv,59705,300,settle,0,-35,10,0,0,0,0,0,342,302,293,0,0,1
lqr_sysid_csv,59715,300,settle,0,-35,10,0,0,0,0,0,342,302,293,0,0,1
lqr_sysid_csv,59725,300,settle,0,-35,10,0,0,0,0,0,342,302,293,0,0,1
lqr_sysid_csv,59735,300,settle,0,-35,10,0,0,0,0,0,342,302,293,0,0,1
lqr_sysid_csv,59746,300,settle,0,-35,10,0,0,0,0,0,342,302,293,0,0,1
lqr_sysid_csv,59756,300,settle,0,-35,10,0,0,0,0,0,342,302,293,0,0,1
lqr_sysid_csv,59766,300,settle,0,-35,10,0,0,0,0,0,342,302,293,0,0,1
lqr_sysid_csv,59776,300,settle,0,-35,10,0,0,0,0,0,342,302,293,0,0,1
lqr_sysid_csv,59786,300,settle,0,-35,10,0,0,0,0,0,342,302,293,0,0,1
lqr_sysid_csv,59796,300,settle,0,-35,10,0,0,0,0,0,342,302,293,0,0,1
lqr_sysid_csv,59806,300,settle,0,-35,10,0,0,0,0,0,342,302,293,0,0,1
lqr_sysid_csv,59816,300,settle,0,-35,10,0,0,0,0,0,342,302,293,0,0,1
lqr_sysid_csv,59826,300,settle,0,-35,10,0,0,0,0,0,342,302,293,0,0,1
lqr_sysid_csv,59837,300,settle,0,-35,10,0,0,0,0,0,342,302,293,0,0,1
lqr_sysid_csv,59847,300,settle,0,-35,10,0,0,0,0,0,342,302,293,0,0,1
lqr_sysid_csv,59857,300,settle,0,-35,10,0,0,0,0,0,342,302,293,0,0,1
lqr_sysid_csv,59867,300,settle,0,-35,10,0,0,0,0,0,342,302,293,0,0,1
lqr_sysid_csv,59877,300,settle,0,-35,10,0,0,0,0,0,342,302,293,0,0,1
lqr_sysid_csv,59887,300,settle,0,-35,10,0,0,0,0,0,342,302,293,0,0,1
lqr_sysid_csv,59897,300,settle,0,-35,10,0,0,0,0,0,342,302,293,0,0,1
lqr_sysid_csv,59907,300,settle,0,-35,10,0,0,0,0,0,342,302,293,0,0,1
lqr_sysid_csv,59917,300,settle,0,-35,10,0,0,0,0,0,342,302,293,0,0,1
lqr_sysid_csv,59927,300,settle,0,-35,10,0,0,0,0,0,342,302,293,0,0,1
lqr_sysid_csv,59937,300,settle,0,-35,10,0,0,0,0,0,342,302,293,0,0,1
lqr_sysid_csv,59947,300,settle,0,-35,10,0,0,0,0,0,342,302,293,0,0,1
lqr_sysid_csv,59957,300,settle,0,-36,10,0,0,0,0,0,355,302,294,0,0,1
lqr_sysid_csv,59967,300,settle,0,-36,10,0,0,0,0,0,355,302,294,0,0,1
lqr_sysid_csv,59977,300,settle,0,-36,10,0,0,0,0,0,355,302,294,0,0,1
lqr_sysid_csv,59987,300,settle,0,-36,10,0,0,0,0,0,355,302,294,0,0,1
lqr_sysid_csv,59997,300,settle,0,-36,10,0,0,0,0,0,355,302,294,0,0,1
lqr_sysid_csv,60007,300,settle,0,-36,10,0,0,0,0,0,355,302,294,0,0,1
lqr_sysid_csv,60017,300,settle,0,-36,10,0,0,0,0,0,355,302,294,0,0,1
lqr_sysid_csv,60027,300,settle,0,-36,10,0,0,0,0,0,355,302,294,0,0,1
lqr_sysid_csv,60037,300,settle,0,-36,10,0,0,0,0,0,355,302,294,0,0,1
lqr_sysid_csv,60048,300,settle,0,-36,10,0,0,0,0,0,355,302,294,0,0,1
lqr_sysid_csv,60064,300,settle,0,-36,10,0,0,0,0,0,355,302,294,0,0,1
lqr_sysid_csv,60074,300,settle,0,-36,10,0,0,0,0,0,355,302,294,0,0,1
lqr_sysid_csv,60084,300,settle,0,-36,10,0,0,0,0,0,355,302,294,0,0,1
lqr_sysid_csv,60094,300,settle,0,-36,10,0,0,0,0,0,355,302,294,0,0,1
lqr_sysid_csv,60105,300,settle,0,-36,10,0,0,0,0,0,355,302,294,0,0,1
lqr_sysid_csv,60115,300,settle,0,-36,10,0,0,0,0,0,355,302,294,0,0,1
lqr_sysid_csv,60125,300,settle,0,-36,10,0,0,0,0,0,355,302,294,0,0,1
lqr_sysid_csv,60136,300,settle,0,-36,10,0,0,0,0,0,355,302,294,0,0,1
lqr_sysid_csv,60146,300,settle,0,-36,10,0,0,0,0,0,355,302,294,0,0,1
lqr_sysid_csv,60156,300,settle,0,-36,10,0,0,0,0,0,355,302,294,0,0,1
lqr_sysid_csv,60167,300,settle,0,-36,10,0,0,0,0,0,355,302,294,0,0,1
lqr_sysid_csv,60177,300,settle,0,-36,10,0,0,0,0,0,355,302,294,0,0,1
lqr_sysid_csv,60188,300,settle,0,-36,10,0,0,0,0,0,355,302,294,0,0,1
lqr_sysid_csv,60198,300,settle,0,-36,10,0,0,0,0,0,355,302,294,0,0,1
lqr_sysid_csv,60208,300,settle,0,-36,10,0,0,0,0,0,355,302,294,0,0,1
lqr_sysid_csv,60219,300,settle,0,-36,10,0,0,0,0,0,355,302,294,0,0,1
lqr_sysid_csv,60229,300,settle,0,-36,10,0,0,0,0,0,355,302,294,0,0,1
lqr_sysid_csv,60239,300,settle,0,-36,10,0,0,0,0,0,355,302,294,0,0,1
lqr_sysid_csv,60250,300,settle,0,-36,10,0,0,0,0,0,355,302,294,0,0,1
lqr_sysid_csv,60260,300,settle,0,-36,10,0,0,0,0,0,355,302,294,0,0,1
lqr_sysid_csv,60270,300,settle,0,-36,10,0,0,0,0,0,355,302,294,0,0,1
lqr_sysid_csv,60281,300,settle,0,-36,10,0,0,0,0,0,355,302,294,0,0,1
lqr_sysid_csv,60291,300,settle,0,-36,10,0,0,0,0,0,355,302,294,0,0,1
lqr_sysid_csv,60301,300,settle,0,-36,10,0,0,0,0,0,355,302,294,0,0,1
lqr_sysid_csv,60311,300,settle,0,-36,10,0,0,0,0,0,355,302,294,0,0,1
lqr_sysid_csv,60321,300,settle,0,-36,10,0,0,0,0,0,355,302,294,0,0,1
lqr_sysid_csv,60332,300,settle,0,-36,10,0,0,0,0,0,355,302,294,0,0,1
lqr_sysid_csv,60342,300,settle,0,-36,10,0,0,0,0,0,355,302,294,0,0,1
lqr_sysid_csv,60352,300,settle,0,-36,10,0,0,0,0,0,355,302,294,0,0,1
lqr_sysid_csv,60362,300,settle,0,-36,10,0,0,0,0,0,355,302,294,0,0,1
lqr_sysid_csv,60373,300,settle,0,-36,10,0,0,0,0,0,355,302,294,0,0,1
lqr_sysid_csv,60383,300,settle,0,-36,10,0,0,0,0,0,355,302,294,0,0,1
lqr_sysid_csv,60393,300,settle,0,-36,10,0,0,0,0,0,355,302,294,0,0,1
lqr_sysid_csv,60403,300,settle,0,-36,10,0,0,0,0,0,355,302,294,0,0,1
lqr_sysid_csv,60414,300,settle,0,-36,10,0,0,0,0,0,355,302,294,0,0,1
lqr_sysid_csv,60424,300,settle,0,-36,10,0,0,0,0,0,355,302,294,0,0,1
lqr_sysid_csv,60434,300,settle,0,-36,10,0,0,0,0,0,355,302,294,0,0,1
lqr_sysid_csv,60444,300,settle,0,-36,10,0,0,0,0,0,355,302,294,0,0,1
lqr_sysid_csv,60454,300,settle,0,-36,10,0,0,0,0,0,355,302,294,0,0,1
lqr_sysid_csv,60464,300,settle,0,-36,10,0,0,0,0,0,355,302,294,0,0,1
lqr_sysid_csv,60475,300,settle,0,-36,10,0,0,0,0,0,355,302,294,0,0,1
lqr_sysid_csv,60485,300,settle,0,-36,10,0,0,0,0,0,355,302,294,0,0,1
lqr_sysid_csv,60496,300,settle,0,-36,10,0,0,0,0,0,355,302,294,0,0,1
lqr_sysid_csv,60506,300,settle,0,-36,10,0,0,0,0,0,355,302,294,0,0,1
lqr_sysid_csv,60516,300,settle,0,-36,10,0,0,0,0,0,355,302,294,0,0,1
lqr_sysid_csv,60526,300,settle,0,-36,10,0,0,0,0,0,355,302,294,0,0,1
lqr_sysid_csv,60536,300,settle,0,-36,10,0,0,0,0,0,355,302,294,0,0,1
lqr_sysid_csv,60546,300,settle,0,-36,10,0,0,0,0,0,355,302,294,0,0,1
lqr_sysid_csv,60557,300,settle,0,-36,10,0,0,0,0,0,355,302,294,0,0,1
lqr_sysid_csv,60567,300,settle,0,-36,10,0,0,0,0,0,355,302,294,0,0,1
lqr_sysid_csv,60577,300,settle,0,-36,10,0,0,0,0,0,355,302,294,0,0,1
lqr_sysid_csv,60587,300,settle,0,-36,10,0,0,0,0,0,355,302,294,0,0,1
lqr_sysid_csv,60597,300,settle,0,-36,10,0,0,0,0,0,355,302,294,0,0,1
lqr_sysid_csv,60608,300,settle,0,-36,10,0,0,0,0,0,355,302,294,0,0,1
lqr_sysid_csv,60618,300,settle,0,-36,10,0,0,0,0,0,355,302,294,0,0,1
lqr_sysid_csv,60628,300,settle,0,-36,10,0,0,0,0,0,355,302,294,0,0,1
lqr_sysid_csv,60638,300,settle,0,-36,10,0,0,0,0,0,355,302,294,0,0,1
lqr_sysid_csv,60648,300,settle,0,-36,10,0,0,0,0,0,355,302,294,0,0,1
lqr_sysid_csv,60658,300,settle,0,-36,10,0,0,0,0,0,355,302,294,0,0,1
lqr_sysid_csv,60668,300,settle,0,-36,10,0,0,0,0,0,355,302,294,0,0,1
lqr_sysid_csv,60678,300,settle,0,-36,10,0,0,0,0,0,355,302,294,0,0,1
lqr_sysid_csv,60689,300,settle,0,-36,10,0,0,0,0,0,355,302,294,0,0,1
lqr_sysid_csv,60699,300,settle,0,-36,10,0,0,0,0,0,355,302,294,0,0,1
lqr_sysid_csv,60710,300,settle,0,-36,10,0,0,0,0,0,355,302,294,0,0,1
lqr_sysid_csv,60727,300,settle,0,-36,10,0,0,0,0,0,355,302,294,0,0,1
lqr_sysid_csv,60737,300,settle,0,-36,10,0,0,0,0,0,355,302,294,0,0,1
lqr_sysid_csv,60748,300,settle,0,-36,10,0,0,0,0,0,355,302,294,0,0,1
lqr_sysid_csv,60758,300,settle,0,-36,10,0,0,0,0,0,355,302,294,0,0,1
lqr_sysid_csv,60768,300,settle,0,-36,10,0,0,0,0,0,355,302,294,0,0,1
lqr_sysid_csv,60779,300,settle,0,-36,10,0,0,0,0,0,355,302,294,0,0,1
lqr_sysid_csv,60789,300,settle,0,-36,10,0,0,0,0,0,355,302,294,0,0,1
lqr_sysid_csv,60799,300,settle,0,-36,10,0,0,0,0,0,355,302,294,0,0,1
lqr_sysid_csv,60809,300,settle,0,-36,10,0,0,0,0,0,355,302,294,0,0,1
lqr_sysid_csv,60819,300,settle,0,-36,10,0,0,0,0,0,355,302,294,0,0,1
lqr_sysid_csv,60829,300,settle,0,-36,10,0,0,0,0,0,355,302,294,0,0,1
lqr_sysid_csv,60839,300,settle,0,-36,10,0,0,0,0,0,355,302,294,0,0,1
lqr_sysid_csv,60849,300,settle,0,-36,10,0,0,0,0,0,355,302,294,0,0,1
lqr_sysid_csv,60859,300,settle,0,-36,10,0,0,0,0,0,355,302,294,0,0,1
lqr_sysid_csv,60869,300,settle,0,-36,10,0,0,0,0,0,355,302,294,0,0,1
lqr_sysid_csv,60879,300,settle,0,-36,10,0,0,0,0,0,355,302,294,0,0,1
lqr_sysid_csv,60889,300,settle,0,-36,10,0,0,0,0,0,355,302,294,0,0,1
lqr_sysid_csv,60899,300,settle,0,-36,10,0,0,0,0,0,355,302,294,0,0,1
lqr_sysid_csv,60909,300,settle,0,-36,10,0,0,0,0,0,355,302,294,0,0,1
lqr_sysid_csv,60920,300,settle,0,-36,10,0,0,0,0,0,355,302,294,0,0,1
lqr_sysid_csv,60930,300,settle,0,-36,10,0,0,0,0,0,355,302,294,0,0,1
lqr_sysid_csv,60940,300,settle,0,-36,10,0,0,0,0,0,355,302,294,0,0,1
lqr_sysid_csv,60950,300,settle,0,-36,10,0,0,0,0,0,355,302,294,0,0,1
lqr_sysid_csv,60961,300,settle,0,-36,10,0,0,0,0,0,355,302,294,0,0,1
lqr_sysid_csv,60971,300,settle,0,-36,10,0,0,0,0,0,355,302,294,0,0,1
lqr_sysid_csv,60988,300,settle,0,-36,10,0,0,0,0,0,355,302,294,0,0,1
lqr_sysid_csv,61004,300,settle,0,-36,10,0,0,0,0,0,355,302,294,0,0,1
lqr_sysid_csv,61014,300,settle,0,-36,10,0,0,0,0,0,355,302,294,0,0,1
lqr_sysid_csv,61024,300,settle,0,-36,10,0,0,0,0,0,355,302,294,0,0,1
lqr_sysid_csv,61034,300,settle,0,-36,10,0,0,0,0,0,355,302,294,0,0,1
lqr_sysid_csv,61044,300,settle,0,-36,10,0,0,0,0,0,355,302,294,0,0,1
lqr_sysid_csv,61054,300,settle,0,-36,10,0,0,0,0,0,355,302,294,0,0,1
lqr_sysid_csv,61065,300,settle,0,-36,10,0,0,0,0,0,355,302,294,0,0,1
lqr_sysid_csv,61075,300,settle,0,-36,10,0,0,0,0,0,355,302,294,0,0,1
lqr_sysid_csv,61091,300,settle,0,-36,10,0,0,0,0,0,355,302,294,0,0,1
lqr_sysid_csv,61101,300,settle,0,-36,10,0,0,0,0,0,355,302,294,0,0,1
lqr_sysid_csv,61111,300,settle,0,-36,10,0,0,0,0,0,355,302,294,0,0,1
lqr_sysid_csv,61121,300,settle,0,-36,10,0,0,0,0,0,355,302,294,0,0,1
lqr_sysid_csv,61132,300,settle,0,-36,10,0,0,0,0,0,354,302,294,0,0,1
lqr_sysid_csv,61142,300,settle,0,-36,10,0,0,0,0,0,354,302,294,0,0,1
lqr_sysid_csv,61152,300,settle,0,-36,10,0,0,0,0,0,354,302,294,0,0,1
lqr_sysid_csv,61162,300,settle,0,-36,10,0,0,0,0,0,354,302,294,0,0,1
lqr_sysid_csv,61172,300,settle,0,-36,10,0,0,0,0,0,354,302,294,0,0,1
lqr_sysid_csv,61183,300,settle,0,-36,10,0,0,0,0,0,354,302,294,0,0,1
lqr_sysid_csv,61193,300,settle,0,-36,10,0,0,0,0,0,354,302,294,0,0,1
lqr_sysid_csv,61204,300,settle,0,-36,10,0,0,0,0,0,354,302,294,0,0,1
lqr_sysid_csv,61214,300,settle,0,-36,10,0,0,0,0,0,354,302,294,0,0,1
lqr_sysid_csv,61225,300,settle,0,-36,16,0,0,0,0,0,352,302,294,0,0,1
lqr_sysid_csv,61235,300,settle,0,-36,16,0,0,0,0,0,349,302,294,0,0,1
lqr_sysid_csv,61245,300,settle,0,-36,37,0,0,0,0,0,335,302,294,0,0,1
lqr_sysid_csv,61255,300,settle,0,-35,59,0,0,0,0,0,307,302,294,0,0,1
lqr_sysid_csv,61265,300,settle,0,-35,64,0,0,0,0,0,299,302,295,0,0,1
lqr_sysid_csv,61276,300,settle,0,-34,85,0,0,0,0,0,276,302,295,0,0,1
lqr_sysid_csv,61286,300,settle,0,-33,117,0,0,0,0,0,233,302,296,0,0,1
lqr_sysid_csv,61297,300,settle,0,-32,112,0,0,0,0,0,217,302,296,0,0,1
lqr_sysid_csv,61307,300,settle,0,-31,133,0,0,0,0,0,192,302,297,0,0,1
lqr_sysid_csv,61317,300,settle,0,-29,160,0,0,0,0,0,151,302,298,0,0,1
lqr_sysid_csv,61328,300,settle,0,-28,128,0,0,0,0,0,147,302,298,0,0,1
lqr_sysid_csv,61338,300,settle,0,-27,139,0,0,0,0,0,138,302,299,0,0,1
lqr_sysid_csv,61348,300,settle,0,-25,176,0,0,0,0,0,96,302,300,0,0,1
lqr_sysid_csv,61359,300,settle,0,-24,133,0,0,0,0,0,96,302,301,0,0,1
lqr_sysid_csv,61375,300,settle,0,-22,139,0,0,0,0,0,90,302,302,0,0,1
lqr_sysid_csv,61385,300,settle,0,-21,128,0,0,0,0,0,79,302,303,0,0,1
lqr_sysid_csv,61395,300,settle,0,-20,80,0,0,0,0,0,102,302,303,0,0,1
lqr_sysid_csv,61405,300,settle,0,-19,80,0,0,0,0,0,104,302,304,0,0,1
lqr_sysid_csv,61416,300,settle,0,-18,80,0,0,0,0,0,101,302,304,0,0,1
lqr_sysid_csv,61426,300,settle,0,-17,80,0,0,0,0,0,98,302,305,0,0,1
lqr_sysid_csv,61436,300,settle,0,-17,-26,0,0,0,0,0,162,302,305,0,0,1
lqr_sysid_csv,61447,300,settle,0,-17,5,0,0,0,0,0,173,302,305,0,0,1
lqr_sysid_csv,61464,300,settle,0,-17,39,0,0,0,0,0,148,302,304,0,0,1
lqr_sysid_csv,61474,300,settle,0,-17,39,0,0,0,0,0,140,302,304,0,0,1
lqr_sysid_csv,61485,300,settle,0,-17,11,0,0,0,0,0,153,302,304,0,0,1
lqr_sysid_csv,61495,300,settle,0,-17,16,0,0,0,0,0,156,302,304,0,0,1
lqr_sysid_csv,61505,300,settle,0,-17,21,0,0,0,0,0,152,302,304,0,0,1
lqr_sysid_csv,61515,300,settle,0,-17,16,0,0,0,0,0,154,302,304,0,0,1
lqr_sysid_csv,61526,300,settle,0,-17,16,0,0,0,0,0,155,302,304,0,0,1
lqr_sysid_csv,61536,300,settle,0,-16,10,0,0,0,0,0,154,302,304,0,0,1
lqr_sysid_csv,61547,300,settle,0,-16,10,0,0,0,0,0,156,302,304,0,0,1
lqr_sysid_csv,61563,300,settle,0,-16,10,0,0,0,0,0,157,302,304,0,0,1
lqr_sysid_csv,61574,300,settle,0,-16,10,0,0,0,0,0,157,302,304,0,0,1
lqr_sysid_csv,61584,300,settle,0,-16,10,0,0,0,0,0,157,302,304,0,0,1
lqr_sysid_csv,61594,300,settle,0,-16,10,0,0,0,0,0,157,302,304,0,0,1
lqr_sysid_csv,61604,300,settle,0,-16,10,0,0,0,0,0,157,302,304,0,0,1
lqr_sysid_csv,61614,300,settle,0,-16,10,0,0,0,0,0,157,302,304,0,0,1
lqr_sysid_csv,61624,300,settle,0,-16,10,0,0,0,0,0,157,302,304,0,0,1
lqr_sysid_csv,61634,300,settle,0,-16,10,0,0,0,0,0,157,302,304,0,0,1
lqr_sysid_csv,61645,300,settle,0,-16,10,0,0,0,0,0,157,302,304,0,0,1
lqr_sysid_csv,61655,300,settle,0,-16,10,0,0,0,0,0,157,302,304,0,0,1
lqr_sysid_csv,61666,300,settle,0,-16,10,0,0,0,0,0,157,302,304,0,0,1
lqr_sysid_csv,61676,300,settle,0,-16,10,0,0,0,0,0,157,302,304,0,0,1
lqr_sysid_csv,61686,300,settle,0,-16,10,0,0,0,0,0,157,302,304,0,0,1
lqr_sysid_csv,61696,300,settle,0,-16,10,0,0,0,0,0,157,302,304,0,0,1
lqr_sysid_csv,61706,300,settle,0,-16,10,0,0,0,0,0,157,302,304,0,0,1
lqr_sysid_csv,61716,300,settle,0,-16,10,0,0,0,0,0,157,302,304,0,0,1
lqr_sysid_csv,61726,300,settle,0,-16,10,0,0,0,0,0,157,302,304,0,0,1
lqr_sysid_csv,61736,300,settle,0,-16,10,0,0,0,0,0,157,302,304,0,0,1
lqr_sysid_csv,61746,300,settle,0,-16,10,0,0,0,0,0,157,302,304,0,0,1
lqr_sysid_csv,61756,300,settle,0,-16,10,0,0,0,0,0,157,302,304,0,0,1
lqr_sysid_csv,61766,300,settle,0,-16,10,0,0,0,0,0,157,302,304,0,0,1
lqr_sysid_csv,61776,300,settle,0,-16,10,0,0,0,0,0,157,302,304,0,0,1
lqr_sysid_csv,61786,300,settle,0,-16,10,0,0,0,0,0,157,302,304,0,0,1
lqr_sysid_csv,61796,300,settle,0,-16,10,0,0,0,0,0,157,302,304,0,0,1
lqr_sysid_csv,61806,300,settle,0,-16,10,0,0,0,0,0,157,302,304,0,0,1
lqr_sysid_csv,61816,300,settle,0,-16,10,0,0,0,0,0,157,302,304,0,0,1
lqr_sysid_csv,61826,300,settle,0,-16,10,0,0,0,0,0,157,302,304,0,0,1
lqr_sysid_csv,61836,300,settle,0,-16,10,0,0,0,0,0,157,302,304,0,0,1
lqr_sysid_csv,61846,300,settle,0,-16,10,0,0,0,0,0,157,302,304,0,0,1
lqr_sysid_csv,61856,300,settle,0,-16,10,0,0,0,0,0,157,302,304,0,0,1
lqr_sysid_csv,61866,300,settle,0,-16,10,0,0,0,0,0,157,302,304,0,0,1
lqr_sysid_csv,61876,300,settle,0,-16,10,0,0,0,0,0,157,302,304,0,0,1
lqr_sysid_csv,61886,300,settle,0,-16,10,0,0,0,0,0,157,302,304,0,0,1
lqr_sysid_csv,61896,300,settle,0,-16,10,0,0,0,0,0,157,302,304,0,0,1
lqr_sysid_csv,61906,300,settle,0,-16,10,0,0,0,0,0,157,302,304,0,0,1
lqr_sysid_csv,61916,300,settle,0,-16,10,0,0,0,0,0,157,302,304,0,0,1
lqr_sysid_csv,61926,300,settle,0,-16,10,0,0,0,0,0,157,302,304,0,0,1
lqr_sysid_csv,61936,300,settle,0,-16,10,0,0,0,0,0,157,302,304,0,0,1
lqr_sysid_csv,61946,300,settle,0,-16,10,0,0,0,0,0,157,302,304,0,0,1
lqr_sysid_csv,61956,300,settle,0,-16,10,0,0,0,0,0,157,302,304,0,0,1
lqr_sysid_csv,61966,300,settle,0,-16,10,0,0,0,0,0,157,302,304,0,0,1
lqr_sysid_csv,61976,300,settle,0,-16,10,0,0,0,0,0,157,302,304,0,0,1
lqr_sysid_csv,61986,300,settle,0,-16,10,0,0,0,0,0,157,302,304,0,0,1
lqr_sysid_csv,61996,300,settle,0,-16,10,0,0,0,0,0,157,302,304,0,0,1
lqr_sysid_csv,62006,300,settle,0,-16,10,0,0,0,0,0,157,302,304,0,0,1
lqr_sysid_csv,62016,300,settle,0,-16,10,0,0,0,0,0,157,302,304,0,0,1
lqr_sysid_csv,62026,300,settle,0,-16,10,0,0,0,0,0,157,302,304,0,0,1
lqr_sysid_csv,62036,300,settle,0,-16,10,0,0,0,0,0,157,302,304,0,0,1
lqr_sysid_csv,62046,300,settle,0,-16,10,0,0,0,0,0,157,302,304,0,0,1
lqr_sysid_csv,62056,300,settle,0,-16,10,0,0,0,0,0,157,302,304,0,0,1
lqr_sysid_csv,62066,300,settle,0,-16,10,0,0,0,0,0,157,302,304,0,0,1
lqr_sysid_csv,62076,300,settle,0,-16,10,0,0,0,0,0,157,302,304,0,0,1
lqr_sysid_csv,62086,300,settle,0,-16,10,0,0,0,0,0,157,302,304,0,0,1
lqr_sysid_csv,62096,300,settle,0,-16,10,0,0,0,0,0,157,302,304,0,0,1
lqr_sysid_csv,62106,300,settle,0,-16,10,0,0,0,0,0,157,302,304,0,0,1
lqr_sysid_csv,62116,300,settle,0,-16,10,0,0,0,0,0,157,302,304,0,0,1
lqr_sysid_csv,62126,300,settle,0,-16,10,0,0,0,0,0,157,302,304,0,0,1
lqr_sysid_csv,62136,300,settle,0,-16,10,0,0,0,0,0,157,302,304,0,0,1
lqr_sysid_csv,62147,300,settle,0,-16,10,0,0,0,0,0,157,302,304,0,0,1
lqr_sysid_csv,62157,300,settle,0,-16,10,0,0,0,0,0,157,302,304,0,0,1
lqr_sysid_csv,62167,300,settle,0,-16,10,0,0,0,0,0,157,302,304,0,0,1
lqr_sysid_csv,62177,300,settle,0,-16,10,0,0,0,0,0,157,302,304,0,0,1
lqr_sysid_csv,62187,300,settle,0,-16,10,0,0,0,0,0,157,302,304,0,0,1
lqr_sysid_csv,62197,300,settle,0,-16,10,0,0,0,0,0,157,302,304,0,0,1
lqr_sysid_csv,62207,300,settle,0,-16,10,0,0,0,0,0,157,302,304,0,0,1
lqr_sysid_csv,62217,300,settle,0,-16,10,0,0,0,0,0,157,302,304,0,0,1
lqr_sysid_csv,62227,300,settle,0,-16,10,0,0,0,0,0,157,302,304,0,0,1
lqr_sysid_csv,62238,300,settle,0,-16,10,0,0,0,0,0,157,302,304,0,0,1
lqr_sysid_csv,62253,300,settle,0,-16,10,0,0,0,0,0,157,302,304,0,0,1
lqr_sysid_csv,62263,300,settle,0,-16,10,0,0,0,0,0,157,302,304,0,0,1
lqr_sysid_csv,62273,300,settle,0,-16,10,0,0,0,0,0,157,302,304,0,0,1
lqr_sysid_csv,62283,300,settle,0,-16,10,0,0,0,0,0,157,302,304,0,0,1
lqr_sysid_csv,62293,300,settle,0,-16,10,0,0,0,0,0,157,302,304,0,0,1
lqr_sysid_csv,62303,300,settle,0,-16,10,0,0,0,0,0,157,302,304,0,0,1
lqr_sysid_csv,62313,300,settle,0,-16,10,0,0,0,0,0,157,302,304,0,0,1
lqr_sysid_csv,62323,300,settle,0,-16,10,0,0,0,0,0,157,302,304,0,0,1
lqr_sysid_csv,62333,300,settle,0,-16,10,0,0,0,0,0,157,302,304,0,0,1
lqr_sysid_csv,62343,300,settle,0,-16,10,0,0,0,0,0,157,302,304,0,0,1
lqr_sysid_csv,62353,300,settle,0,-16,10,0,0,0,0,0,157,302,304,0,0,1
lqr_sysid_csv,62363,300,settle,0,-16,10,0,0,0,0,0,157,302,304,0,0,1
lqr_sysid_csv,62373,300,settle,0,-16,10,0,0,0,0,0,157,302,304,0,0,1
lqr_sysid_csv,62384,300,settle,0,-16,10,0,0,0,0,0,157,302,304,0,0,1
lqr_sysid_csv,62393,300,settle,0,-16,10,0,0,0,0,0,157,302,304,0,0,1
lqr_sysid_csv,62403,300,settle,0,-16,10,0,0,0,0,0,157,302,304,0,0,1
lqr_sysid_csv,62413,300,settle,0,-16,10,0,0,0,0,0,157,302,304,0,0,1
lqr_sysid_csv,62423,300,settle,0,-16,10,0,0,0,0,0,157,302,304,0,0,1
lqr_sysid_csv,62433,300,settle,0,-16,10,0,0,0,0,0,157,302,304,0,0,1
lqr_sysid_csv,62443,300,settle,0,-16,10,0,0,0,0,0,157,302,304,0,0,1
lqr_sysid_csv,62453,300,settle,0,-16,10,0,0,0,0,0,157,302,304,0,0,1
lqr_sysid_csv,62463,300,settle,0,-16,10,0,0,0,0,0,157,302,304,0,0,1
lqr_sysid_csv,62473,300,settle,0,-16,10,0,0,0,0,0,157,302,304,0,0,1
lqr_sysid_csv,62483,300,settle,0,-16,10,0,0,0,0,0,157,302,304,0,0,1
lqr_sysid_csv,62493,300,settle,0,-16,10,0,0,0,0,0,157,302,304,0,0,1
lqr_sysid_csv,62503,300,settle,0,-16,10,0,0,0,0,0,157,302,304,0,0,1
lqr_sysid_csv,62513,300,settle,0,-16,10,0,0,0,0,0,157,302,304,0,0,1
lqr_sysid_csv,62523,300,settle,0,-16,10,0,0,0,0,0,157,302,304,0,0,1
lqr_sysid_csv,62534,300,settle,0,-16,10,0,0,0,0,0,157,302,304,0,0,1
lqr_sysid_csv,62544,300,settle,0,-16,10,0,0,0,0,0,157,302,304,0,0,1
lqr_sysid_csv,62554,300,settle,0,-16,10,0,0,0,0,0,157,302,304,0,0,1
lqr_sysid_csv,62564,300,settle,0,-16,10,0,0,0,0,0,157,302,304,0,0,1
lqr_sysid_csv,62574,300,settle,0,-16,10,0,0,0,0,0,157,302,304,0,0,1
lqr_sysid_csv,62584,300,settle,0,-16,10,0,0,0,0,0,157,302,304,0,0,1
lqr_sysid_csv,62594,300,settle,0,-16,10,0,0,0,0,0,157,302,304,0,0,1
lqr_sysid_csv,62604,300,settle,0,-16,10,0,0,0,0,0,157,302,304,0,0,1
lqr_sysid_csv,62615,300,settle,0,-16,10,0,0,0,0,0,157,302,304,0,0,1
lqr_sysid_csv,62631,300,settle,0,-16,10,0,0,0,0,0,157,302,304,0,0,1
lqr_sysid_csv,62641,300,settle,0,-16,10,0,0,0,0,0,157,302,304,0,0,1
lqr_sysid_csv,62652,300,settle,0,-16,10,0,0,0,0,0,157,302,304,0,0,1
lqr_sysid_csv,62662,300,settle,0,-16,10,0,0,0,0,0,157,302,304,0,0,1
lqr_sysid_csv,62672,300,settle,0,-16,10,0,0,0,0,0,157,302,304,0,0,1
lqr_sysid_csv,62682,300,settle,0,-16,10,0,0,0,0,0,157,302,304,0,0,1
lqr_sysid_csv,62692,300,settle,0,-16,10,0,0,0,0,0,157,302,304,0,0,1
lqr_sysid_csv,62702,300,settle,0,-16,10,0,0,0,0,0,157,302,304,0,0,1
lqr_sysid_csv,62712,300,settle,0,-16,10,0,0,0,0,0,157,302,304,0,0,1
lqr_sysid_csv,62722,300,settle,0,-16,10,0,0,0,0,0,157,302,304,0,0,1
lqr_sysid_csv,62732,300,settle,0,-16,10,0,0,0,0,0,157,302,304,0,0,1
lqr_sysid_csv,62743,300,settle,0,-16,10,0,0,0,0,0,157,302,304,0,0,1
lqr_sysid_csv,62759,300,settle,0,-16,10,0,0,0,0,0,157,302,304,0,0,1
lqr_sysid_csv,62769,300,settle,0,-16,10,0,0,0,0,0,157,302,304,0,0,1
lqr_sysid_csv,62779,300,settle,0,-16,10,0,0,0,0,0,157,302,304,0,0,1
lqr_sysid_csv,62789,300,settle,0,-16,10,0,0,0,0,0,157,302,304,0,0,1
lqr_sysid_csv,62799,300,settle,0,-16,10,0,0,0,0,0,157,302,304,0,0,1
lqr_sysid_csv,62809,300,settle,0,-16,10,0,0,0,0,0,157,302,304,0,0,1
lqr_sysid_csv,62819,300,settle,0,-16,10,0,0,0,0,0,157,302,304,0,0,1
lqr_sysid_csv,62829,300,settle,0,-16,10,0,0,0,0,0,157,302,304,0,0,1
lqr_sysid_csv,62839,300,settle,0,-16,10,0,0,0,0,0,157,302,304,0,0,1
lqr_sysid_csv,62849,300,settle,0,-16,10,0,0,0,0,0,157,302,304,0,0,1
lqr_sysid_csv,62859,300,settle,0,-16,10,0,0,0,0,0,157,302,304,0,0,1
lqr_sysid_csv,62869,300,settle,0,-16,10,0,0,0,0,0,157,302,304,0,0,1
lqr_sysid_csv,62879,300,settle,0,-16,10,0,0,0,0,0,157,302,304,0,0,1
lqr_sysid_csv,62889,300,settle,0,-16,10,0,0,0,0,0,157,302,304,0,0,1
lqr_sysid_csv,62900,300,settle,0,-16,10,0,0,0,0,0,157,302,304,0,0,1
lqr_sysid_csv,62910,300,settle,0,-16,10,0,0,0,0,0,157,302,304,0,0,1
lqr_sysid_csv,62921,300,settle,0,-16,10,0,0,0,0,0,157,302,304,0,0,1
lqr_sysid_csv,62930,300,settle,0,-16,10,0,0,0,0,0,157,302,304,0,0,1
lqr_sysid_csv,62941,300,settle,0,-16,10,0,0,0,0,0,157,302,304,0,0,1
lqr_sysid_csv,62951,300,settle,0,-16,10,0,0,0,0,0,157,302,304,0,0,1
lqr_sysid_csv,62960,300,settle,0,-16,10,0,0,0,0,0,157,302,304,0,0,1
lqr_sysid_csv,62971,300,settle,0,-16,10,0,0,0,0,0,157,302,304,0,0,1
lqr_sysid_csv,62981,300,settle,0,-16,10,0,0,0,0,0,157,302,304,0,0,1
lqr_sysid_csv,62991,300,settle,0,-16,10,0,0,0,0,0,157,302,304,0,0,1
lqr_sysid_csv,63001,300,settle,0,-16,10,0,0,0,0,0,157,302,304,0,0,1
lqr_sysid_csv,63011,300,settle,0,-16,10,0,0,0,0,0,157,302,304,0,0,1
lqr_sysid_csv,63021,300,settle,0,-16,10,0,0,0,0,0,157,302,304,0,0,1
lqr_sysid_csv,63031,300,settle,0,-16,10,0,0,0,0,0,157,302,304,0,0,1
lqr_sysid_csv,63041,300,settle,0,-16,10,0,0,0,0,0,157,302,304,0,0,1
lqr_sysid_csv,63051,300,settle,0,-16,10,0,0,0,0,0,157,302,304,0,0,1
lqr_sysid_csv,63061,300,settle,0,-16,10,0,0,0,0,0,157,302,304,0,0,1
lqr_sysid_csv,63071,300,settle,0,-16,10,0,0,0,0,0,157,302,304,0,0,1
lqr_sysid_csv,63081,300,settle,0,-16,10,0,0,0,0,0,157,302,304,0,0,1
lqr_sysid_csv,63091,300,settle,0,-16,10,0,0,0,0,0,157,302,304,0,0,1
lqr_sysid_csv,63101,300,settle,0,-16,10,0,0,0,0,0,157,302,304,0,0,1
lqr_sysid_csv,63111,300,settle,0,-16,10,0,0,0,0,0,157,302,304,0,0,1
lqr_sysid_csv,63122,300,settle,0,-16,10,0,0,0,0,0,157,302,304,0,0,1
lqr_sysid_csv,63138,300,settle,0,-16,10,0,0,0,0,0,157,302,304,0,0,1
lqr_sysid_csv,63155,300,settle,0,-16,10,0,0,0,0,0,156,302,304,0,0,1
lqr_sysid_csv,63165,300,settle,0,-16,10,0,0,0,0,0,156,302,304,0,0,1
lqr_sysid_csv,63175,300,settle,0,-16,10,0,0,0,0,0,156,302,304,0,0,1
lqr_sysid_csv,63185,300,settle,0,-16,10,0,0,0,0,0,156,302,304,0,0,1
lqr_sysid_csv,63195,300,settle,0,-16,10,0,0,0,0,0,156,302,304,0,0,1
lqr_sysid_csv,63206,300,settle,0,-16,10,0,0,0,0,0,156,302,304,0,0,1
lqr_sysid_csv,63215,300,settle,0,-16,10,0,0,0,0,0,156,302,304,0,0,1
lqr_sysid_csv,63226,300,settle,0,-16,10,0,0,0,0,0,156,302,304,0,0,1
lqr_sysid_csv,63236,300,settle,0,-16,10,0,0,0,0,0,156,302,304,0,0,1
lqr_sysid_csv,63246,300,settle,0,-16,10,0,0,0,0,0,156,302,304,0,0,1
lqr_sysid_csv,63256,300,settle,0,-16,10,0,0,0,0,0,156,302,304,0,0,1
lqr_sysid_csv,63266,300,settle,0,-16,10,0,0,0,0,0,156,302,304,0,0,1
lqr_sysid_csv,63276,300,settle,0,-16,10,0,0,0,0,0,157,302,304,0,0,1
lqr_sysid_csv,63286,300,settle,0,-16,10,0,0,0,0,0,157,302,304,0,0,1
lqr_sysid_csv,63296,300,settle,0,-16,10,0,0,0,0,0,157,302,304,0,0,1
lqr_sysid_csv,63306,300,settle,0,-16,10,0,0,0,0,0,157,302,304,0,0,1
lqr_sysid_csv,63316,300,settle,0,-16,10,0,0,0,0,0,157,302,304,0,0,1
lqr_sysid_csv,63326,300,settle,0,-16,10,0,0,0,0,0,157,302,304,0,0,1
lqr_sysid_csv,63336,300,settle,0,-16,10,0,0,0,0,0,157,302,304,0,0,1
lqr_sysid_csv,63347,300,settle,0,-16,10,0,0,0,0,0,157,302,304,0,0,1
lqr_sysid_csv,63356,300,settle,0,-16,10,0,0,0,0,0,157,302,304,0,0,1
lqr_sysid_csv,63367,300,settle,0,-16,10,0,0,0,0,0,157,302,304,0,0,1
lqr_sysid_csv,63377,300,settle,0,-16,10,0,0,0,0,0,157,302,304,0,0,1
lqr_sysid_csv,63387,300,settle,0,-16,10,0,0,0,0,0,157,302,304,0,0,1
lqr_sysid_csv,63397,300,settle,0,-16,10,0,0,0,0,0,157,302,304,0,0,1
lqr_sysid_csv,63407,300,settle,0,-16,10,0,0,0,0,0,157,302,304,0,0,1
lqr_sysid_csv,63417,300,settle,0,-16,10,0,0,0,0,0,157,302,304,0,0,1
lqr_sysid_csv,63427,300,settle,0,-16,10,0,0,0,0,0,157,302,304,0,0,1
lqr_sysid_csv,63438,300,settle,0,-16,10,0,0,0,0,0,157,302,304,0,0,1
lqr_sysid_csv,63448,300,settle,0,-16,10,0,0,0,0,0,157,302,304,0,0,1
lqr_sysid_csv,63458,300,settle,0,-16,10,0,0,0,0,0,157,302,304,0,0,1
lqr_sysid_csv,63468,300,settle,0,-16,10,0,0,0,0,0,157,302,304,0,0,1
lqr_sysid_csv,63478,300,settle,0,-16,10,0,0,0,0,0,157,302,304,0,0,1
lqr_sysid_csv,63489,300,settle,0,-16,10,0,0,0,0,0,157,302,304,0,0,1
lqr_sysid_csv,63505,300,settle,0,-16,10,0,0,0,0,0,157,302,304,0,0,1
lqr_sysid_csv,63515,300,settle,0,-16,10,0,0,0,0,0,157,302,304,0,0,1
lqr_sysid_csv,63526,300,settle,0,-16,10,0,0,0,0,0,157,302,304,0,0,1
lqr_sysid_csv,63536,300,settle,0,-16,10,0,0,0,0,0,157,302,304,0,0,1
lqr_sysid_csv,63546,300,settle,0,-16,10,0,0,0,0,0,157,302,304,0,0,1
lqr_sysid_csv,63556,300,settle,0,-16,10,0,0,0,0,0,157,302,304,0,0,1
lqr_sysid_csv,63566,300,settle,0,-16,10,0,0,0,0,0,157,302,304,0,0,1
lqr_sysid_csv,63577,300,settle,0,-16,10,0,0,0,0,0,157,302,304,0,0,1
lqr_sysid_csv,63594,300,settle,0,-16,10,0,0,0,0,0,157,302,304,0,0,1
lqr_sysid_csv,63604,300,settle,0,-16,10,0,0,0,0,0,157,302,304,0,0,1
lqr_sysid_csv,63615,300,settle,0,-16,10,0,0,0,0,0,157,302,304,0,0,1
lqr_sysid_csv,63625,300,settle,0,-16,10,0,0,0,0,0,157,302,304,0,0,1
lqr_sysid_csv,63635,300,settle,0,-16,10,0,0,0,0,0,157,302,304,0,0,1
lqr_sysid_csv,63645,300,settle,0,-16,10,0,0,0,0,0,157,302,304,0,0,1
lqr_sysid_csv,63655,300,settle,0,-16,10,0,0,0,0,0,157,302,304,0,0,1
lqr_sysid_csv,63665,300,settle,0,-16,10,0,0,0,0,0,157,302,304,0,0,1
lqr_sysid_csv,63675,300,settle,0,-16,10,0,0,0,0,0,157,302,304,0,0,1
lqr_sysid_csv,63685,300,settle,0,-16,10,0,0,0,0,0,157,302,304,0,0,1
lqr_sysid_csv,63695,300,settle,0,-16,10,0,0,0,0,0,157,302,304,0,0,1
lqr_sysid_csv,63706,300,settle,0,-16,10,0,0,0,0,0,157,302,304,0,0,1
lqr_sysid_csv,63716,300,settle,0,-16,10,0,0,0,0,0,157,302,304,0,0,1
lqr_sysid_csv,63727,300,settle,0,-16,10,0,0,0,0,0,157,302,304,0,0,1
lqr_sysid_csv,63744,300,settle,0,-16,10,0,0,0,0,0,157,302,304,0,0,1
lqr_sysid_csv,63754,300,settle,0,-16,10,0,0,0,0,0,157,302,304,0,0,1
lqr_sysid_csv,63764,300,settle,0,-16,10,0,0,0,0,0,157,302,304,0,0,1
lqr_sysid_csv,63774,300,settle,0,-16,10,0,0,0,0,0,157,302,304,0,0,1
lqr_sysid_csv,63784,300,settle,0,-16,10,0,0,0,0,0,157,302,304,0,0,1
lqr_sysid_csv,63794,300,sample,0,-16,10,0,0,0,0,0,-42,302,304,0,0,1
lqr_sysid_csv,63804,300,sample,1,-16,10,0,0,0,0,0,-42,302,304,0,0,1
lqr_sysid_csv,63815,300,sample,2,-16,10,0,0,0,0,0,-42,302,304,0,0,1
lqr_sysid_csv,63825,300,sample,3,-16,10,0,0,0,0,0,-42,302,304,0,0,1
lqr_sysid_csv,63834,300,sample,4,-16,5,0,0,0,0,0,-40,302,304,0,0,1
lqr_sysid_csv,63844,300,sample,5,-16,10,0,0,0,0,0,-41,302,304,0,0,1
lqr_sysid_csv,63855,300,sample,6,-16,5,0,0,0,0,0,-37,302,304,0,0,1
lqr_sysid_csv,63865,300,sample,7,-16,5,0,0,0,0,0,-36,302,304,0,0,1
lqr_sysid_csv,63874,300,sample,8,-17,5,0,0,0,0,0,-35,302,304,0,0,1
lqr_sysid_csv,63885,300,sample,9,-17,10,0,0,0,0,0,-38,302,304,0,0,1
lqr_sysid_csv,63895,300,sample,10,-17,10,0,0,0,0,0,-39,302,304,0,0,1
lqr_sysid_csv,63906,300,sample,11,-17,10,0,0,0,0,0,-40,302,304,0,0,1
lqr_sysid_csv,63916,300,sample,12,-17,10,0,0,0,0,0,-40,302,304,0,0,1
lqr_sysid_csv,63927,300,sample,13,-17,10,0,0,0,0,0,-40,302,304,0,0,1
lqr_sysid_csv,63937,300,sample,14,-17,10,0,0,0,0,0,-40,302,304,0,0,1
lqr_sysid_csv,63948,300,sample,15,-17,10,0,0,0,0,0,-40,302,304,0,0,1
lqr_sysid_csv,63958,300,sample,16,-17,10,0,0,0,0,0,-40,302,304,0,0,1
lqr_sysid_csv,63968,300,sample,17,-17,10,0,0,0,0,0,-40,302,304,0,0,1
lqr_sysid_csv,63978,300,sample,18,-17,10,0,0,0,0,0,-40,302,304,0,0,1
lqr_sysid_csv,63989,300,sample,19,-17,10,0,0,0,0,0,-40,302,304,0,0,1
lqr_sysid_csv,63999,300,sample,20,-17,10,0,0,0,0,0,-40,302,304,0,0,1
lqr_sysid_csv,64010,300,sample,21,-17,10,0,0,0,0,0,-40,302,304,0,0,1
lqr_sysid_csv,64020,300,sample,22,-17,10,0,0,0,0,0,-40,302,304,0,0,1
lqr_sysid_csv,64030,300,sample,23,-17,10,0,0,0,0,0,-40,302,304,0,0,1
lqr_sysid_csv,64040,300,sample,24,-17,10,0,0,0,0,0,-40,302,304,0,0,1
lqr_sysid_csv,64050,300,sample,25,-17,10,0,0,0,0,0,-40,302,304,0,0,1
lqr_sysid_csv,64060,300,sample,26,-17,10,0,0,0,0,0,-40,302,304,0,0,1
lqr_sysid_csv,64071,300,sample,27,-17,10,0,0,0,0,0,-40,302,304,0,0,1
lqr_sysid_csv,64081,300,sample,28,-17,10,0,0,0,0,0,-40,302,304,0,0,1
lqr_sysid_csv,64092,300,sample,29,-17,10,0,0,0,0,0,-40,302,304,0,0,1
lqr_sysid_csv,64102,300,sample,30,-17,10,0,0,0,0,0,-40,302,304,0,0,1
lqr_sysid_csv,64112,300,sample,31,-17,10,0,0,0,0,0,-40,302,304,0,0,1
lqr_sysid_csv,64123,300,sample,32,-17,10,0,0,0,0,0,359,302,304,0,0,1
lqr_sysid_csv,64133,300,sample,33,-17,10,0,0,0,0,0,359,302,304,0,0,1
lqr_sysid_csv,64143,300,sample,34,-17,10,0,0,0,0,0,359,302,304,0,0,1
lqr_sysid_csv,64154,300,sample,35,-17,10,0,0,0,0,0,359,302,304,0,0,1
lqr_sysid_csv,64164,300,sample,36,-17,10,0,0,0,0,0,359,302,304,0,0,1
lqr_sysid_csv,64175,300,sample,37,-17,16,0,0,0,0,0,358,302,304,0,0,1
lqr_sysid_csv,64185,300,sample,38,-17,16,0,0,0,0,0,355,302,304,0,0,1
lqr_sysid_csv,64196,300,sample,39,-17,16,0,0,0,0,0,354,302,304,0,0,1
lqr_sysid_csv,64206,300,sample,40,-17,10,0,0,0,0,0,356,302,304,0,0,1
lqr_sysid_csv,64217,300,sample,41,-17,10,0,0,0,0,0,358,302,304,0,0,1
lqr_sysid_csv,64227,300,sample,42,-17,10,0,0,0,0,0,359,302,304,0,0,1
lqr_sysid_csv,64237,300,sample,43,-17,10,0,0,0,0,0,359,302,304,0,0,1
lqr_sysid_csv,64247,300,sample,44,-17,10,0,0,0,0,0,359,302,304,0,0,1
lqr_sysid_csv,64258,300,sample,45,-17,10,0,0,0,0,0,359,302,304,0,0,1
lqr_sysid_csv,64268,300,sample,46,-17,10,0,0,0,0,0,359,302,304,0,0,1
lqr_sysid_csv,64278,300,sample,47,-17,10,0,0,0,0,0,359,302,304,0,0,1
lqr_sysid_csv,64289,300,sample,48,-17,10,0,0,0,0,0,359,302,304,0,0,1
lqr_sysid_csv,64299,300,sample,49,-17,10,0,0,0,0,0,359,302,304,0,0,1
lqr_sysid_csv,64310,300,sample,50,-17,10,0,0,0,0,0,359,302,304,0,0,1
lqr_sysid_csv,64320,300,sample,51,-17,10,0,0,0,0,0,359,302,304,0,0,1
lqr_sysid_csv,64331,300,sample,52,-17,10,0,0,0,0,0,359,302,304,0,0,1
lqr_sysid_csv,64341,300,sample,53,-17,10,0,0,0,0,0,359,302,304,0,0,1
lqr_sysid_csv,64352,300,sample,54,-17,10,0,0,0,0,0,359,302,304,0,0,1
lqr_sysid_csv,64362,300,sample,55,-17,10,0,0,0,0,0,359,302,304,0,0,1
lqr_sysid_csv,64373,300,sample,56,-17,10,0,0,0,0,0,359,302,304,0,0,1
lqr_sysid_csv,64383,300,sample,57,-17,10,0,0,0,0,0,359,302,304,0,0,1
lqr_sysid_csv,64393,300,sample,58,-17,10,0,0,0,0,0,359,302,304,0,0,1
lqr_sysid_csv,64404,300,sample,59,-17,10,0,0,0,0,0,359,302,304,0,0,1
lqr_sysid_csv,64421,300,sample,60,-17,10,0,0,0,0,0,359,302,304,0,0,1
lqr_sysid_csv,64431,300,sample,61,-17,10,0,0,0,0,0,359,302,304,0,0,1
lqr_sysid_csv,64442,300,sample,62,-17,10,0,0,0,0,0,359,302,304,0,0,1
lqr_sysid_csv,64453,300,sample,63,-17,10,0,0,0,0,0,-40,302,304,0,0,1
lqr_sysid_csv,64463,300,sample,64,-17,10,0,0,0,0,0,-40,302,304,0,0,1
lqr_sysid_csv,64474,300,sample,65,-17,10,0,0,0,0,0,-40,302,304,0,0,1
lqr_sysid_csv,64484,300,sample,66,-17,10,0,0,0,0,0,-40,302,304,0,0,1
lqr_sysid_csv,64495,300,sample,67,-17,5,0,0,0,0,0,-38,302,304,0,0,1
lqr_sysid_csv,64505,300,sample,68,-17,10,0,0,0,0,0,-39,302,304,0,0,1
lqr_sysid_csv,64516,300,sample,69,-17,10,0,0,0,0,0,-40,302,304,0,0,1
lqr_sysid_csv,64526,300,sample,70,-17,10,0,0,0,0,0,-40,302,304,0,0,1
lqr_sysid_csv,64536,300,sample,71,-17,10,0,0,0,0,0,-40,302,304,0,0,1
lqr_sysid_csv,64547,300,sample,72,-17,10,0,0,0,0,0,-40,302,304,0,0,1
lqr_sysid_csv,64557,300,sample,73,-17,10,0,0,0,0,0,-40,302,304,0,0,1
lqr_sysid_csv,64568,300,sample,74,-17,10,0,0,0,0,0,-40,302,304,0,0,1
lqr_sysid_csv,64578,300,sample,75,-17,10,0,0,0,0,0,-40,302,304,0,0,1
lqr_sysid_csv,64589,300,sample,76,-17,10,0,0,0,0,0,-40,302,304,0,0,1
lqr_sysid_csv,64599,300,sample,77,-17,10,0,0,0,0,0,-40,302,304,0,0,1
lqr_sysid_csv,64610,300,sample,78,-17,10,0,0,0,0,0,-40,302,304,0,0,1
lqr_sysid_csv,64620,300,sample,79,-17,10,0,0,0,0,0,-39,302,304,0,0,1
lqr_sysid_csv,64631,300,sample,80,-17,10,0,0,0,0,0,-38,302,303,0,0,1
lqr_sysid_csv,64641,300,sample,81,-17,10,0,0,0,0,0,-38,302,303,0,0,1
lqr_sysid_csv,64652,300,sample,82,-17,10,0,0,0,0,0,-38,302,303,0,0,1
lqr_sysid_csv,64662,300,sample,83,-17,10,0,0,0,0,0,-38,302,303,0,0,1
lqr_sysid_csv,64673,300,sample,84,-17,10,0,0,0,0,0,-38,302,303,0,0,1
lqr_sysid_csv,64683,300,sample,85,-17,10,0,0,0,0,0,-38,302,303,0,0,1
lqr_sysid_csv,64694,300,sample,86,-17,10,0,0,0,0,0,-38,302,303,0,0,1
lqr_sysid_csv,64704,300,sample,87,-17,10,0,0,0,0,0,-38,302,303,0,0,1
lqr_sysid_csv,64715,300,sample,88,-17,10,0,0,0,0,0,-38,302,303,0,0,1
lqr_sysid_csv,64725,300,sample,89,-17,10,0,0,0,0,0,-38,302,303,0,0,1
lqr_sysid_csv,64736,300,sample,90,-17,10,0,0,0,0,0,-38,302,303,0,0,1
lqr_sysid_csv,64746,300,sample,91,-17,10,0,0,0,0,0,-38,302,303,0,0,1
lqr_sysid_csv,64757,300,sample,92,-17,10,0,0,0,0,0,-38,302,303,0,0,1
lqr_sysid_csv,64767,300,sample,93,-17,10,0,0,0,0,0,-38,302,303,0,0,1
lqr_sysid_csv,64777,300,sample,94,-17,10,0,0,0,0,0,-38,302,303,0,0,1
lqr_sysid_csv,64788,300,sample,95,-17,10,0,0,0,0,0,-38,302,303,0,0,1
lqr_sysid_csv,64798,300,sample,96,-17,10,0,0,0,0,0,-38,302,303,0,0,1
lqr_sysid_csv,64808,300,sample,97,-17,10,0,0,0,0,0,-38,302,303,0,0,1
lqr_sysid_csv,64818,300,sample,98,-17,10,0,0,0,0,0,-38,302,303,0,0,1
lqr_sysid_csv,64835,300,sample,99,-17,10,0,0,0,0,0,-38,302,303,0,0,1
lqr_sysid_csv,64845,300,sample,100,-17,10,0,0,0,0,0,-38,302,303,0,0,1
lqr_sysid_csv,64856,300,sample,101,-17,10,0,0,0,0,0,-38,302,303,0,0,1
lqr_sysid_csv,64866,300,sample,102,-17,10,0,0,0,0,0,-38,302,303,0,0,1
lqr_sysid_csv,64877,300,sample,103,-17,10,0,0,0,0,0,-38,302,303,0,0,1
lqr_sysid_csv,64888,300,sample,104,-17,10,0,0,0,0,0,-38,302,303,0,0,1
lqr_sysid_csv,64899,300,sample,105,-17,10,0,0,0,0,0,-38,302,303,0,0,1
lqr_sysid_csv,64909,300,sample,106,-17,10,0,0,0,0,0,-38,302,303,0,0,1
lqr_sysid_csv,64927,300,sample,107,-17,10,0,0,0,0,0,-38,302,303,0,0,1
lqr_sysid_csv,64937,300,sample,108,-17,10,0,0,0,0,0,-38,302,303,0,0,1
lqr_sysid_csv,64948,300,sample,109,-17,10,0,0,0,0,0,-38,302,303,0,0,1
lqr_sysid_csv,64958,300,sample,110,-17,10,0,0,0,0,0,-38,302,303,0,0,1
lqr_sysid_csv,64969,300,sample,111,-17,10,0,0,0,0,0,-38,302,303,0,0,1
lqr_sysid_csv,64979,300,sample,112,-17,10,0,0,0,0,0,-38,302,303,0,0,1
lqr_sysid_csv,64990,300,sample,113,-17,10,0,0,0,0,0,-38,302,303,0,0,1
lqr_sysid_csv,65000,300,sample,114,-17,10,0,0,0,0,0,-38,302,303,0,0,1
lqr_sysid_csv,65011,300,sample,115,-17,10,0,0,0,0,0,-38,302,303,0,0,1
lqr_sysid_csv,65021,300,sample,116,-17,10,0,0,0,0,0,-38,302,303,0,0,1
lqr_sysid_csv,65031,300,sample,117,-17,10,0,0,0,0,0,-38,302,303,0,0,1
lqr_sysid_csv,65048,300,sample,118,-17,10,0,0,0,0,0,-38,302,303,0,0,1
lqr_sysid_csv,65059,300,sample,119,-17,10,0,0,0,0,0,-38,302,303,0,0,1
lqr_sysid_csv,65069,300,sample,120,-17,10,0,0,0,0,0,-38,302,303,0,0,1
lqr_sysid_csv,65079,300,sample,121,-17,10,0,0,0,0,0,-38,302,303,0,0,1
lqr_sysid_csv,65089,300,sample,122,-17,10,0,0,0,0,0,-38,302,303,0,0,1
lqr_sysid_csv,65100,300,sample,123,-17,10,0,0,0,0,0,-38,302,303,0,0,1
lqr_sysid_csv,65111,300,sample,124,-17,10,0,0,0,0,0,361,302,303,0,0,1
lqr_sysid_csv,65121,300,sample,125,-17,10,0,0,0,0,0,361,302,303,0,0,1
lqr_sysid_csv,65131,300,sample,126,-17,10,0,0,0,0,0,361,302,303,0,0,1
lqr_sysid_csv,65142,300,sample,127,-17,10,0,0,0,0,0,361,302,303,0,0,1
lqr_sysid_csv,65158,300,sample,128,-17,10,0,0,0,0,0,361,302,303,0,0,1
lqr_sysid_csv,65169,300,sample,129,-17,16,0,0,0,0,0,357,302,303,0,0,1
lqr_sysid_csv,65179,300,sample,130,-17,10,0,0,0,0,0,357,302,303,0,0,1
lqr_sysid_csv,65190,300,sample,131,-17,10,0,0,0,0,0,360,302,303,0,0,1
lqr_sysid_csv,65200,300,sample,132,-17,10,0,0,0,0,0,360,302,303,0,0,1
lqr_sysid_csv,65211,300,sample,133,-17,10,0,0,0,0,0,361,302,303,0,0,1
lqr_sysid_csv,65221,300,sample,134,-17,10,0,0,0,0,0,361,302,303,0,0,1
lqr_sysid_csv,65232,300,sample,135,-17,10,0,0,0,0,0,361,302,303,0,0,1
lqr_sysid_csv,65242,300,sample,136,-17,10,0,0,0,0,0,361,302,303,0,0,1
lqr_sysid_csv,65253,300,sample,137,-17,10,0,0,0,0,0,361,302,303,0,0,1
lqr_sysid_csv,65263,300,sample,138,-17,10,0,0,0,0,0,361,302,303,0,0,1
lqr_sysid_csv,65273,300,sample,139,-17,10,0,0,0,0,0,361,302,303,0,0,1
lqr_sysid_csv,65284,300,sample,140,-17,10,0,0,0,0,0,361,302,303,0,0,1
lqr_sysid_csv,65294,300,sample,141,-17,10,0,0,0,0,0,361,302,303,0,0,1
lqr_sysid_csv,65305,300,sample,142,-17,10,0,0,0,0,0,361,302,303,0,0,1
lqr_sysid_csv,65315,300,sample,143,-17,10,0,0,0,0,0,361,302,303,0,0,1
lqr_sysid_csv,65326,300,sample,144,-17,10,0,0,0,0,0,361,302,303,0,0,1
lqr_sysid_csv,65336,300,sample,145,-17,10,0,0,0,0,0,361,302,303,0,0,1
lqr_sysid_csv,65353,300,sample,146,-17,10,0,0,0,0,0,361,302,303,0,0,1
lqr_sysid_csv,65364,300,sample,147,-17,10,0,0,0,0,0,361,302,303,0,0,1
lqr_sysid_csv,65374,300,sample,148,-17,10,0,0,0,0,0,361,302,303,0,0,1
lqr_sysid_csv,65391,300,sample,149,-17,10,0,0,0,0,0,361,302,303,0,0,1
lqr_sysid_csv,65402,300,sample,150,-17,10,0,0,0,0,0,361,302,303,0,0,1
lqr_sysid_csv,65412,300,sample,151,-17,10,0,0,0,0,0,361,302,303,0,0,1
lqr_sysid_csv,65423,300,sample,152,-17,10,0,0,0,0,0,361,302,303,0,0,1
lqr_sysid_csv,65433,300,sample,153,-17,10,0,0,0,0,0,-38,302,303,0,0,1
lqr_sysid_csv,65444,300,sample,154,-17,10,0,0,0,0,0,-38,302,303,0,0,1
lqr_sysid_csv,65454,300,sample,155,-17,10,0,0,0,0,0,-38,302,303,0,0,1
lqr_sysid_csv,65465,300,sample,156,-17,10,0,0,0,0,0,-38,302,303,0,0,1
lqr_sysid_csv,65475,300,sample,157,-17,10,0,0,0,0,0,-38,302,303,0,0,1
lqr_sysid_csv,65485,300,sample,158,-17,10,0,0,0,0,0,-38,302,303,0,0,1
lqr_sysid_csv,65496,300,sample,159,-17,10,0,0,0,0,0,-38,302,303,0,0,1
lqr_sysid_csv,65507,300,sample,160,-17,10,0,0,0,0,0,-38,302,303,0,0,1
lqr_sysid_csv,65518,300,sample,161,-17,10,0,0,0,0,0,-38,302,303,0,0,1
lqr_sysid_csv,65528,300,sample,162,-17,10,0,0,0,0,0,-37,302,303,0,0,1
lqr_sysid_csv,65539,300,sample,163,-17,10,0,0,0,0,0,-37,302,303,0,0,1
lqr_sysid_csv,65549,300,sample,164,-17,10,0,0,0,0,0,-37,302,303,0,0,1
lqr_sysid_csv,65559,300,sample,165,-17,10,0,0,0,0,0,-37,302,303,0,0,1
lqr_sysid_csv,65569,300,sample,166,-17,10,0,0,0,0,0,-37,302,303,0,0,1
lqr_sysid_csv,65580,300,sample,167,-17,10,0,0,0,0,0,-37,302,303,0,0,1
lqr_sysid_csv,65590,300,sample,168,-17,10,0,0,0,0,0,-37,302,303,0,0,1
lqr_sysid_csv,65601,300,sample,169,-17,10,0,0,0,0,0,-37,302,303,0,0,1
lqr_sysid_csv,65611,300,sample,170,-17,10,0,0,0,0,0,-37,302,303,0,0,1
lqr_sysid_csv,65622,300,sample,171,-17,10,0,0,0,0,0,-37,302,303,0,0,1
lqr_sysid_csv,65632,300,sample,172,-17,5,0,0,0,0,0,-34,302,303,0,0,1
lqr_sysid_csv,65643,300,sample,173,-17,5,0,0,0,0,0,-32,302,303,0,0,1
lqr_sysid_csv,65653,300,sample,174,-17,5,0,0,0,0,0,-30,302,303,0,0,1
lqr_sysid_csv,65663,300,sample,175,-17,5,0,0,0,0,0,-30,302,303,0,0,1
lqr_sysid_csv,65674,300,sample,176,-17,5,0,0,0,0,0,-30,302,303,0,0,1
lqr_sysid_csv,65685,300,sample,177,-17,10,0,0,0,0,0,-33,302,303,0,0,1
lqr_sysid_csv,65695,300,sample,178,-17,10,0,0,0,0,0,-35,302,303,0,0,1
lqr_sysid_csv,65712,300,sample,179,-17,10,0,0,0,0,0,-35,302,303,0,0,1
lqr_sysid_csv,65722,300,sample,180,-17,10,0,0,0,0,0,-35,302,303,0,0,1
lqr_sysid_csv,65740,300,sample,181,-17,10,0,0,0,0,0,-35,302,303,0,0,1
lqr_sysid_csv,65750,300,sample,182,-17,10,0,0,0,0,0,-35,302,303,0,0,1
lqr_sysid_csv,65761,300,sample,183,-17,10,0,0,0,0,0,-35,302,303,0,0,1
lqr_sysid_csv,65771,300,sample,184,-17,10,0,0,0,0,0,-35,302,303,0,0,1
lqr_sysid_csv,65782,300,sample,185,-17,10,0,0,0,0,0,-35,302,303,0,0,1
lqr_sysid_csv,65793,300,sample,186,-17,10,0,0,0,0,0,-35,302,303,0,0,1
lqr_sysid_csv,65803,300,sample,187,-17,10,0,0,0,0,0,-35,302,303,0,0,1
lqr_sysid_csv,65814,300,sample,188,-17,10,0,0,0,0,0,-35,302,303,0,0,1
lqr_sysid_csv,65824,300,sample,189,-17,10,0,0,0,0,0,-35,302,303,0,0,1
lqr_sysid_csv,65835,300,sample,190,-17,10,0,0,0,0,0,-35,302,303,0,0,1
lqr_sysid_csv,65846,300,sample,191,-17,10,0,0,0,0,0,-35,302,303,0,0,1
lqr_sysid_csv,65856,300,sample,192,-17,10,0,0,0,0,0,-35,302,303,0,0,1
lqr_sysid_csv,65867,300,sample,193,-17,10,0,0,0,0,0,-35,302,303,0,0,1
lqr_sysid_csv,65877,300,sample,194,-17,10,0,0,0,0,0,-35,302,303,0,0,1
lqr_sysid_csv,65895,300,sample,195,-17,10,0,0,0,0,0,-35,302,303,0,0,1
lqr_sysid_csv,65905,300,sample,196,-17,10,0,0,0,0,0,-35,302,303,0,0,1
lqr_sysid_csv,65916,300,sample,197,-17,10,0,0,0,0,0,-35,302,303,0,0,1
lqr_sysid_csv,65926,300,sample,198,-17,10,0,0,0,0,0,-35,302,303,0,0,1
lqr_sysid_csv,65937,300,sample,199,-17,10,0,0,0,0,0,-35,302,303,0,0,1
lqr_sysid_csv,65947,300,sample,200,-17,10,0,0,0,0,0,-35,302,303,0,0,1
lqr_sysid_csv,65957,300,sample,201,-17,10,0,0,0,0,0,-35,302,303,0,0,1
lqr_sysid_csv,65968,300,sample,202,-17,10,0,0,0,0,0,-35,302,303,0,0,1
lqr_sysid_csv,65979,300,sample,203,-17,10,0,0,0,0,0,-35,302,303,0,0,1
lqr_sysid_csv,65990,300,sample,204,-17,10,0,0,0,0,0,-35,302,303,0,0,1
lqr_sysid_csv,66000,300,sample,205,-17,10,0,0,0,0,0,-35,302,303,0,0,1
lqr_sysid_csv,66010,300,sample,206,-17,10,0,0,0,0,0,-35,302,303,0,0,1
lqr_sysid_csv,66021,300,sample,207,-17,10,0,0,0,0,0,-35,302,303,0,0,1
lqr_sysid_csv,66038,300,sample,208,-17,10,0,0,0,0,0,-35,302,303,0,0,1
lqr_sysid_csv,66048,300,sample,209,-17,10,0,0,0,0,0,-35,302,303,0,0,1
lqr_sysid_csv,66059,300,sample,210,-17,10,0,0,0,0,0,-35,302,303,0,0,1
lqr_sysid_csv,66069,300,sample,211,-17,10,0,0,0,0,0,-35,302,303,0,0,1
lqr_sysid_csv,66080,300,sample,212,-17,10,0,0,0,0,0,-35,302,303,0,0,1
lqr_sysid_csv,66090,300,sample,213,-17,10,0,0,0,0,0,364,302,303,0,0,1
lqr_sysid_csv,66100,300,sample,214,-17,10,0,0,0,0,0,364,302,303,0,0,1
lqr_sysid_csv,66110,300,sample,215,-17,10,0,0,0,0,0,364,302,303,0,0,1
lqr_sysid_csv,66120,300,sample,216,-17,10,0,0,0,0,0,364,302,303,0,0,1
lqr_sysid_csv,66131,300,sample,217,-17,10,0,0,0,0,0,364,302,303,0,0,1
lqr_sysid_csv,66141,300,sample,218,-17,10,0,0,0,0,0,364,302,303,0,0,1
lqr_sysid_csv,66152,300,sample,219,-17,10,0,0,0,0,0,364,302,303,0,0,1
lqr_sysid_csv,66163,300,sample,220,-17,10,0,0,0,0,0,363,302,303,0,0,1
lqr_sysid_csv,66174,300,sample,221,-17,10,0,0,0,0,0,363,302,303,0,0,1
lqr_sysid_csv,66184,300,sample,222,-17,10,0,0,0,0,0,363,302,303,0,0,1
lqr_sysid_csv,66195,300,sample,223,-17,10,0,0,0,0,0,363,302,303,0,0,1
lqr_sysid_csv,66206,300,sample,224,-17,10,0,0,0,0,0,363,302,303,0,0,1
lqr_sysid_csv,66216,300,sample,225,-17,10,0,0,0,0,0,363,302,303,0,0,1
lqr_sysid_csv,66226,300,sample,226,-17,10,0,0,0,0,0,363,302,303,0,0,1
lqr_sysid_csv,66237,300,sample,227,-17,10,0,0,0,0,0,363,302,303,0,0,1
lqr_sysid_csv,66247,300,sample,228,-17,10,0,0,0,0,0,363,302,303,0,0,1
lqr_sysid_csv,66258,300,sample,229,-17,10,0,0,0,0,0,363,302,303,0,0,1
lqr_sysid_csv,66268,300,sample,230,-17,10,0,0,0,0,0,363,302,303,0,0,1
lqr_sysid_csv,66279,300,sample,231,-17,10,0,0,0,0,0,363,302,303,0,0,1
lqr_sysid_csv,66289,300,sample,232,-17,10,0,0,0,0,0,363,302,303,0,0,1
lqr_sysid_csv,66306,300,sample,233,-17,10,0,0,0,0,0,363,302,303,0,0,1
lqr_sysid_csv,66316,300,sample,234,-17,10,0,0,0,0,0,363,302,303,0,0,1
lqr_sysid_csv,66327,300,sample,235,-17,10,0,0,0,0,0,363,302,303,0,0,1
lqr_sysid_csv,66344,300,sample,236,-17,10,0,0,0,0,0,363,302,303,0,0,1
lqr_sysid_csv,66355,300,sample,237,-17,10,0,0,0,0,0,363,302,303,0,0,1
lqr_sysid_csv,66365,300,sample,238,-17,10,0,0,0,0,0,363,302,303,0,0,1
lqr_sysid_csv,66375,300,sample,239,-17,10,0,0,0,0,0,363,302,303,0,0,1
lqr_sysid_csv,66386,300,sample,240,-17,10,0,0,0,0,0,363,302,303,0,0,1
lqr_sysid_csv,66397,300,sample,241,-17,10,0,0,0,0,0,363,302,303,0,0,1
lqr_sysid_csv,66408,300,sample,242,-17,10,0,0,0,0,0,363,302,303,0,0,1
lqr_sysid_csv,66418,300,sample,243,-17,10,0,0,0,0,0,-36,302,303,0,0,1
lqr_sysid_csv,66429,300,sample,244,-17,10,0,0,0,0,0,-36,302,303,0,0,1
lqr_sysid_csv,66440,300,sample,245,-17,10,0,0,0,0,0,-36,302,303,0,0,1
lqr_sysid_csv,66450,300,sample,246,-17,10,0,0,0,0,0,-36,302,303,0,0,1
lqr_sysid_csv,66468,300,sample,247,-17,10,0,0,0,0,0,-36,302,303,0,0,1
lqr_sysid_csv,66478,300,sample,248,-17,10,0,0,0,0,0,-36,302,303,0,0,1
lqr_sysid_csv,66489,300,sample,249,-17,10,0,0,0,0,0,-36,302,303,0,0,1
lqr_sysid_csv,66499,300,sample,250,-17,10,0,0,0,0,0,-36,302,303,0,0,1
lqr_sysid_csv,66510,300,sample,251,-17,10,0,0,0,0,0,-36,302,303,0,0,1
lqr_sysid_csv,66520,300,sample,252,-17,10,0,0,0,0,0,-36,302,303,0,0,1
lqr_sysid_csv,66531,300,sample,253,-17,10,0,0,0,0,0,-36,302,303,0,0,1
lqr_sysid_csv,66541,300,sample,254,-17,10,0,0,0,0,0,-36,302,303,0,0,1
lqr_sysid_csv,66552,300,sample,255,-17,10,0,0,0,0,0,-36,302,303,0,0,1
lqr_sysid_csv,66562,300,sample,256,-17,10,0,0,0,0,0,-36,302,303,0,0,1
lqr_sysid_csv,66573,300,sample,257,-17,10,0,0,0,0,0,-36,302,303,0,0,1
lqr_sysid_csv,66583,300,sample,258,-17,10,0,0,0,0,0,-36,302,303,0,0,1
lqr_sysid_csv,66593,300,sample,259,-17,10,0,0,0,0,0,-36,302,303,0,0,1
lqr_sysid_csv,66604,300,sample,260,-17,10,0,0,0,0,0,-36,302,303,0,0,1
lqr_sysid_csv,66615,300,sample,261,-17,10,0,0,0,0,0,-36,302,303,0,0,1
lqr_sysid_csv,66625,300,sample,262,-17,10,0,0,0,0,0,-36,302,303,0,0,1
lqr_sysid_csv,66636,300,sample,263,-17,10,0,0,0,0,0,-36,302,303,0,0,1
lqr_sysid_csv,66646,300,sample,264,-17,10,0,0,0,0,0,-36,302,303,0,0,1
lqr_sysid_csv,66656,300,sample,265,-17,10,0,0,0,0,0,-36,302,303,0,0,1
lqr_sysid_csv,66666,300,sample,266,-17,10,0,0,0,0,0,-36,302,303,0,0,1
lqr_sysid_csv,66683,300,sample,267,-17,10,0,0,0,0,0,-35,302,303,0,0,1
lqr_sysid_csv,66694,300,sample,268,-17,10,0,0,0,0,0,-35,302,303,0,0,1
lqr_sysid_csv,66705,300,sample,269,-17,10,0,0,0,0,0,-35,302,303,0,0,1
lqr_sysid_csv,66715,300,sample,270,-17,10,0,0,0,0,0,-35,302,303,0,0,1
lqr_sysid_csv,66725,300,sample,271,-17,10,0,0,0,0,0,-35,302,303,0,0,1
lqr_sysid_csv,66736,300,sample,272,-17,10,0,0,0,0,0,-35,302,303,0,0,1
lqr_sysid_csv,66747,300,sample,273,-17,10,0,0,0,0,0,364,302,303,0,0,1
lqr_sysid_csv,66758,300,sample,274,-17,10,0,0,0,0,0,364,302,303,0,0,1
lqr_sysid_csv,66768,300,sample,275,-17,10,0,0,0,0,0,364,302,303,0,0,1
lqr_sysid_csv,66778,300,sample,276,-17,10,0,0,0,0,0,364,302,303,0,0,1
lqr_sysid_csv,66789,300,sample,277,-17,10,0,0,0,0,0,364,302,303,0,0,1
lqr_sysid_csv,66800,300,sample,278,-17,10,0,0,0,0,0,364,302,303,0,0,1
lqr_sysid_csv,66810,300,sample,279,-17,10,0,0,0,0,0,364,302,303,0,0,1
lqr_sysid_csv,66821,300,sample,280,-17,10,0,0,0,0,0,364,302,303,0,0,1
lqr_sysid_csv,66831,300,sample,281,-17,10,0,0,0,0,0,364,302,303,0,0,1
lqr_sysid_csv,66842,300,sample,282,-17,10,0,0,0,0,0,364,302,303,0,0,1
lqr_sysid_csv,66852,300,sample,283,-17,10,0,0,0,0,0,364,302,303,0,0,1
lqr_sysid_csv,66863,300,sample,284,-17,10,0,0,0,0,0,364,302,303,0,0,1
lqr_sysid_csv,66873,300,sample,285,-17,10,0,0,0,0,0,364,302,303,0,0,1
lqr_sysid_csv,66884,300,sample,286,-17,10,0,0,0,0,0,364,302,303,0,0,1
lqr_sysid_csv,66894,300,sample,287,-17,10,0,0,0,0,0,364,302,303,0,0,1
lqr_sysid_csv,66905,300,sample,288,-17,10,0,0,0,0,0,364,302,303,0,0,1
lqr_sysid_csv,66915,300,sample,289,-17,10,0,0,0,0,0,364,302,303,0,0,1
lqr_sysid_csv,66926,300,sample,290,-17,10,0,0,0,0,0,364,302,303,0,0,1
lqr_sysid_csv,66937,300,sample,291,-17,10,0,0,0,0,0,364,302,303,0,0,1
lqr_sysid_csv,66947,300,sample,292,-17,10,0,0,0,0,0,364,302,303,0,0,1
lqr_sysid_csv,66958,300,sample,293,-17,10,0,0,0,0,0,364,302,303,0,0,1
lqr_sysid_csv,66974,300,sample,294,-17,10,0,0,0,0,0,364,302,303,0,0,1
lqr_sysid_csv,66984,300,sample,295,-17,10,0,0,0,0,0,364,302,303,0,0,1
lqr_sysid_csv,66995,300,sample,296,-17,10,0,0,0,0,0,364,302,303,0,0,1
lqr_sysid_csv,67005,300,sample,297,-17,10,0,0,0,0,0,364,302,303,0,0,1
lqr_sysid_csv,67016,300,sample,298,-17,10,0,0,0,0,0,364,302,303,0,0,1
lqr_sysid_csv,67026,300,sample,299,-17,10,0,0,0,0,0,364,302,303,0,0,1
lqr_sysid_csv,67037,300,sample,300,-17,10,0,0,0,0,0,364,302,303,0,0,1
lqr_sysid_csv,67047,300,sample,301,-17,10,0,0,0,0,0,364,302,303,0,0,1
lqr_sysid_csv,67057,300,sample,302,-17,10,0,0,0,0,0,364,302,303,0,0,1
lqr_sysid_csv,67068,300,sample,303,-17,10,0,0,0,0,0,364,302,303,0,0,1
lqr_sysid_csv,67078,300,sample,304,-17,10,0,0,0,0,0,364,302,303,0,0,1
lqr_sysid_csv,67089,300,sample,305,-17,10,0,0,0,0,0,364,302,303,0,0,1
lqr_sysid_csv,67099,300,sample,306,-17,10,0,0,0,0,0,364,302,303,0,0,1
lqr_sysid_csv,67109,300,sample,307,-17,10,0,0,0,0,0,364,302,303,0,0,1
lqr_sysid_csv,67120,300,sample,308,-17,10,0,0,0,0,0,364,302,303,0,0,1
lqr_sysid_csv,67130,300,sample,309,-17,10,0,0,0,0,0,364,302,303,0,0,1
lqr_sysid_csv,67141,300,sample,310,-17,10,0,0,0,0,0,364,302,303,0,0,1
lqr_sysid_csv,67151,300,sample,311,-17,10,0,0,0,0,0,364,302,303,0,0,1
lqr_sysid_csv,67162,300,sample,312,-17,10,0,0,0,0,0,364,302,303,0,0,1
lqr_sysid_csv,67172,300,sample,313,-17,10,0,0,0,0,0,364,302,303,0,0,1
lqr_sysid_csv,67183,300,sample,314,-17,10,0,0,0,0,0,364,302,303,0,0,1
lqr_sysid_csv,67194,300,sample,315,-17,10,0,0,0,0,0,364,302,303,0,0,1
lqr_sysid_csv,67205,300,sample,316,-17,10,0,0,0,0,0,364,302,303,0,0,1
lqr_sysid_csv,67215,300,sample,317,-17,10,0,0,0,0,0,364,302,303,0,0,1
lqr_sysid_csv,67225,300,sample,318,-17,10,0,0,0,0,0,364,302,303,0,0,1
lqr_sysid_csv,67235,300,sample,319,-17,10,0,0,0,0,0,364,302,303,0,0,1
lqr_sysid_csv,67245,300,sample,320,-17,10,0,0,0,0,0,364,302,303,0,0,1
lqr_sysid_csv,67255,300,sample,321,-17,10,0,0,0,0,0,364,302,303,0,0,1
lqr_sysid_csv,67266,300,sample,322,-17,10,0,0,0,0,0,364,302,303,0,0,1
lqr_sysid_csv,67277,300,sample,323,-17,10,0,0,0,0,0,364,302,303,0,0,1
lqr_sysid_csv,67287,300,sample,324,-17,10,0,0,0,0,0,364,302,303,0,0,1
lqr_sysid_csv,67298,300,sample,325,-17,10,0,0,0,0,0,364,302,303,0,0,1
lqr_sysid_csv,67308,300,sample,326,-17,10,0,0,0,0,0,364,302,303,0,0,1
lqr_sysid_csv,67319,300,sample,327,-17,10,0,0,0,0,0,364,302,303,0,0,1
lqr_sysid_csv,67329,300,sample,328,-17,10,0,0,0,0,0,364,302,303,0,0,1
lqr_sysid_csv,67340,300,sample,329,-17,10,0,0,0,0,0,364,302,303,0,0,1
lqr_sysid_csv,67351,300,sample,330,-17,10,0,0,0,0,0,364,302,303,0,0,1
lqr_sysid_csv,67361,300,sample,331,-17,10,0,0,0,0,0,364,302,303,0,0,1
lqr_sysid_csv,67371,300,sample,332,-17,10,0,0,0,0,0,364,302,303,0,0,1
lqr_sysid_csv,67382,300,sample,333,-17,10,0,0,0,0,0,364,302,303,0,0,1
lqr_sysid_csv,67393,300,sample,334,-17,10,0,0,0,0,0,364,302,303,0,0,1
lqr_sysid_csv,67403,300,sample,335,-17,10,0,0,0,0,0,364,302,303,0,0,1
lqr_sysid_csv,67414,300,sample,336,-17,10,0,0,0,0,0,-35,302,303,0,0,1
lqr_sysid_csv,67424,300,sample,337,-17,10,0,0,0,0,0,-35,302,303,0,0,1
lqr_sysid_csv,67435,300,sample,338,-17,10,0,0,0,0,0,-35,302,303,0,0,1
lqr_sysid_csv,67445,300,sample,339,-17,10,0,0,0,0,0,-35,302,303,0,0,1
lqr_sysid_csv,67456,300,sample,340,-17,5,0,0,0,0,0,-32,302,303,0,0,1
lqr_sysid_csv,67466,300,sample,341,-17,10,0,0,0,0,0,-34,302,303,0,0,1
lqr_sysid_csv,67477,300,sample,342,-17,10,0,0,0,0,0,-35,302,303,0,0,1
lqr_sysid_csv,67487,300,sample,343,-17,10,0,0,0,0,0,-35,302,303,0,0,1
lqr_sysid_csv,67498,300,sample,344,-17,10,0,0,0,0,0,-35,302,303,0,0,1
lqr_sysid_csv,67508,300,sample,345,-17,10,0,0,0,0,0,-35,302,303,0,0,1
lqr_sysid_csv,67519,300,sample,346,-17,10,0,0,0,0,0,-35,302,303,0,0,1
lqr_sysid_csv,67530,300,sample,347,-17,10,0,0,0,0,0,-35,302,303,0,0,1
lqr_sysid_csv,67540,300,sample,348,-17,10,0,0,0,0,0,-35,302,303,0,0,1
lqr_sysid_csv,67550,300,sample,349,-17,10,0,0,0,0,0,-35,302,303,0,0,1
lqr_sysid_csv,67561,300,sample,350,-17,10,0,0,0,0,0,-35,302,303,0,0,1
lqr_sysid_csv,67572,300,sample,351,-17,10,0,0,0,0,0,-35,302,303,0,0,1
lqr_sysid_csv,67582,300,sample,352,-17,10,0,0,0,0,0,-35,302,303,0,0,1
lqr_sysid_csv,67593,300,sample,353,-17,10,0,0,0,0,0,-35,302,303,0,0,1
lqr_sysid_csv,67604,300,sample,354,-17,10,0,0,0,0,0,-35,302,303,0,0,1
lqr_sysid_csv,67614,300,sample,355,-17,10,0,0,0,0,0,-35,302,303,0,0,1
lqr_sysid_csv,67625,300,sample,356,-17,10,0,0,0,0,0,-35,302,303,0,0,1
lqr_sysid_csv,67635,300,sample,357,-17,10,0,0,0,0,0,-35,302,303,0,0,1
lqr_sysid_csv,67646,300,sample,358,-17,10,0,0,0,0,0,-35,302,303,0,0,1
lqr_sysid_csv,67656,300,sample,359,-17,10,0,0,0,0,0,-35,302,303,0,0,1
lqr_sysid_csv,67666,300,sample,360,-17,10,0,0,0,0,0,-35,302,303,0,0,1
lqr_sysid_csv,67677,300,sample,361,-17,10,0,0,0,0,0,-35,302,303,0,0,1
lqr_sysid_csv,67687,300,sample,362,-17,10,0,0,0,0,0,-35,302,303,0,0,1
lqr_sysid_csv,67698,300,sample,363,-17,10,0,0,0,0,0,-35,302,303,0,0,1
lqr_sysid_csv,67708,300,sample,364,-17,10,0,0,0,0,0,-35,302,303,0,0,1
lqr_sysid_csv,67719,300,sample,365,-17,10,0,0,0,0,0,-35,302,303,0,0,1
lqr_sysid_csv,67730,300,sample,366,-17,10,0,0,0,0,0,-35,302,303,0,0,1
lqr_sysid_csv,67740,300,sample,367,-17,10,0,0,0,0,0,-35,302,303,0,0,1
lqr_sysid_csv,67750,300,sample,368,-17,10,0,0,0,0,0,364,302,303,0,0,1
lqr_sysid_csv,67761,300,sample,369,-17,10,0,0,0,0,0,364,302,303,0,0,1
lqr_sysid_csv,67771,300,sample,370,-17,10,0,0,0,0,0,364,302,303,0,0,1
lqr_sysid_csv,67782,300,sample,371,-17,10,0,0,0,0,0,364,302,303,0,0,1
lqr_sysid_csv,67792,300,sample,372,-17,10,0,0,0,0,0,364,302,303,0,0,1
lqr_sysid_csv,67803,300,sample,373,-17,10,0,0,0,0,0,364,302,303,0,0,1
lqr_sysid_csv,67813,300,sample,374,-17,10,0,0,0,0,0,364,302,303,0,0,1
lqr_sysid_csv,67830,300,sample,375,-17,10,0,0,0,0,0,364,302,303,0,0,1
lqr_sysid_csv,67840,300,sample,376,-17,10,0,0,0,0,0,364,302,303,0,0,1
lqr_sysid_csv,67851,300,sample,377,-17,10,0,0,0,0,0,364,302,303,0,0,1
lqr_sysid_csv,67861,300,sample,378,-17,10,0,0,0,0,0,364,302,303,0,0,1
lqr_sysid_csv,67872,300,sample,379,-17,10,0,0,0,0,0,364,302,303,0,0,1
lqr_sysid_csv,67882,300,sample,380,-17,10,0,0,0,0,0,364,302,303,0,0,1
lqr_sysid_csv,67893,300,sample,381,-17,10,0,0,0,0,0,364,302,303,0,0,1
lqr_sysid_csv,67904,300,sample,382,-17,10,0,0,0,0,0,364,302,303,0,0,1
lqr_sysid_csv,67914,300,sample,383,-17,10,0,0,0,0,0,364,302,303,0,0,1
lqr_sysid_csv,67925,300,sample,384,-17,10,0,0,0,0,0,364,302,303,0,0,1
lqr_sysid_csv,67935,300,sample,385,-17,10,0,0,0,0,0,364,302,303,0,0,1
lqr_sysid_csv,67946,300,sample,386,-17,10,0,0,0,0,0,364,302,303,0,0,1
lqr_sysid_csv,67957,300,sample,387,-17,10,0,0,0,0,0,364,302,303,0,0,1
lqr_sysid_csv,67967,300,sample,388,-17,10,0,0,0,0,0,364,302,303,0,0,1
lqr_sysid_csv,67978,300,sample,389,-17,10,0,0,0,0,0,364,302,303,0,0,1
lqr_sysid_csv,67989,300,sample,390,-17,10,0,0,0,0,0,364,302,303,0,0,1
lqr_sysid_csv,67999,300,sample,391,-17,10,0,0,0,0,0,364,302,303,0,0,1
lqr_sysid_csv,68009,300,sample,392,-17,10,0,0,0,0,0,364,302,303,0,0,1
lqr_sysid_csv,68020,300,sample,393,-17,10,0,0,0,0,0,364,302,303,0,0,1
lqr_sysid_csv,68030,300,sample,394,-17,10,0,0,0,0,0,364,302,303,0,0,1
lqr_sysid_csv,68041,300,sample,395,-17,10,0,0,0,0,0,364,302,303,0,0,1
lqr_sysid_csv,68051,300,sample,396,-17,10,0,0,0,0,0,364,302,303,0,0,1
lqr_sysid_csv,68062,300,sample,397,-17,10,0,0,0,0,0,364,302,303,0,0,1
lqr_sysid_csv,68073,300,sample,398,-17,10,0,0,0,0,0,364,302,303,0,0,1
lqr_sysid_csv,68083,300,sample,399,-17,10,0,0,0,0,0,364,302,303,0,0,1
lqr_sysid_csv,68094,300,sample,400,-17,10,0,0,0,0,0,364,302,303,0,0,1
lqr_sysid_csv,68105,300,sample,401,-17,10,0,0,0,0,0,364,302,303,0,0,1
lqr_sysid_csv,68115,300,sample,402,-17,10,0,0,0,0,0,364,302,303,0,0,1
lqr_sysid_csv,68126,300,sample,403,-17,10,0,0,0,0,0,364,302,303,0,0,1
lqr_sysid_csv,68143,300,sample,404,-17,10,0,0,0,0,0,364,302,303,0,0,1
lqr_sysid_csv,68153,300,sample,405,-17,10,0,0,0,0,0,364,302,303,0,0,1
lqr_sysid_csv,68164,300,sample,406,-17,10,0,0,0,0,0,364,302,303,0,0,1
lqr_sysid_csv,68174,300,sample,407,-17,10,0,0,0,0,0,364,302,303,0,0,1
lqr_sysid_csv,68185,300,sample,408,-17,10,0,0,0,0,0,364,302,303,0,0,1
lqr_sysid_csv,68195,300,sample,409,-17,10,0,0,0,0,0,364,302,303,0,0,1
lqr_sysid_csv,68206,300,sample,410,-17,10,0,0,0,0,0,364,302,303,0,0,1
lqr_sysid_csv,68216,300,sample,411,-17,10,0,0,0,0,0,364,302,303,0,0,1
lqr_sysid_csv,68227,300,sample,412,-17,10,0,0,0,0,0,364,302,303,0,0,1
lqr_sysid_csv,68237,300,sample,413,-17,10,0,0,0,0,0,364,302,303,0,0,1
lqr_sysid_csv,68248,300,sample,414,-17,10,0,0,0,0,0,364,302,303,0,0,1
lqr_sysid_csv,68258,300,sample,415,-17,10,0,0,0,0,0,364,302,303,0,0,1
lqr_sysid_csv,68268,300,sample,416,-17,10,0,0,0,0,0,364,302,303,0,0,1
lqr_sysid_csv,68279,300,sample,417,-17,10,0,0,0,0,0,364,302,303,0,0,1
lqr_sysid_csv,68290,300,sample,418,-17,10,0,0,0,0,0,364,302,303,0,0,1
lqr_sysid_csv,68300,300,sample,419,-17,10,0,0,0,0,0,364,302,303,0,0,1
lqr_sysid_csv,68311,300,sample,420,-17,10,0,0,0,0,0,364,302,303,0,0,1
lqr_sysid_csv,68321,300,sample,421,-17,10,0,0,0,0,0,364,302,303,0,0,1
lqr_sysid_csv,68331,300,sample,422,-17,10,0,0,0,0,0,364,302,303,0,0,1
lqr_sysid_csv,68342,300,sample,423,-17,10,0,0,0,0,0,364,302,303,0,0,1
lqr_sysid_csv,68353,300,sample,424,-17,10,0,0,0,0,0,364,302,303,0,0,1
lqr_sysid_csv,68363,300,sample,425,-17,10,0,0,0,0,0,364,302,303,0,0,1
lqr_sysid_csv,68374,300,sample,426,-17,10,0,0,0,0,0,364,302,303,0,0,1
lqr_sysid_csv,68384,300,sample,427,-17,10,0,0,0,0,0,364,302,303,0,0,1
lqr_sysid_csv,68395,300,sample,428,-17,10,0,0,0,0,0,364,302,303,0,0,1
lqr_sysid_csv,68405,300,sample,429,-17,10,0,0,0,0,0,364,302,303,0,0,1
lqr_sysid_csv,68416,300,sample,430,-17,10,0,0,0,0,0,-35,302,303,0,0,1
lqr_sysid_csv,68426,300,sample,431,-17,10,0,0,0,0,0,-35,302,303,0,0,1
lqr_sysid_csv,68437,300,sample,432,-17,10,0,0,0,0,0,-35,302,303,0,0,1
lqr_sysid_csv,68448,300,sample,433,-17,10,0,0,0,0,0,-35,302,303,0,0,1
lqr_sysid_csv,68458,300,sample,434,-17,10,0,0,0,0,0,-35,302,303,0,0,1
lqr_sysid_csv,68469,300,sample,435,-17,10,0,0,0,0,0,-35,302,303,0,0,1
lqr_sysid_csv,68479,300,sample,436,-17,10,0,0,0,0,0,-34,302,303,0,0,1
lqr_sysid_csv,68490,300,sample,437,-17,10,0,0,0,0,0,-34,302,303,0,0,1
lqr_sysid_csv,68501,300,sample,438,-17,10,0,0,0,0,0,-34,302,303,0,0,1
lqr_sysid_csv,68511,300,sample,439,-17,10,0,0,0,0,0,-34,302,303,0,0,1
lqr_sysid_csv,68521,300,sample,440,-17,10,0,0,0,0,0,-34,302,303,0,0,1
lqr_sysid_csv,68532,300,sample,441,-17,10,0,0,0,0,0,-34,302,303,0,0,1
lqr_sysid_csv,68543,300,sample,442,-17,10,0,0,0,0,0,-34,302,303,0,0,1
lqr_sysid_csv,68553,300,sample,443,-17,10,0,0,0,0,0,-34,302,303,0,0,1
lqr_sysid_csv,68564,300,sample,444,-17,10,0,0,0,0,0,-34,302,303,0,0,1
lqr_sysid_csv,68574,300,sample,445,-17,10,0,0,0,0,0,-34,302,303,0,0,1
lqr_sysid_csv,68585,300,sample,446,-17,10,0,0,0,0,0,-34,302,303,0,0,1
lqr_sysid_csv,68595,300,sample,447,-17,10,0,0,0,0,0,-34,302,303,0,0,1
lqr_sysid_csv,68606,300,sample,448,-17,10,0,0,0,0,0,-34,302,303,0,0,1
lqr_sysid_csv,68616,300,sample,449,-17,10,0,0,0,0,0,-34,302,303,0,0,1
lqr_sysid_csv,68627,300,sample,450,-17,10,0,0,0,0,0,-34,302,303,0,0,1
lqr_sysid_csv,68637,300,sample,451,-17,10,0,0,0,0,0,-34,302,303,0,0,1
lqr_sysid_csv,68648,300,sample,452,-17,10,0,0,0,0,0,-34,302,303,0,0,1
lqr_sysid_csv,68658,300,sample,453,-17,10,0,0,0,0,0,-34,302,303,0,0,1
lqr_sysid_csv,68669,300,sample,454,-17,10,0,0,0,0,0,-34,302,303,0,0,1
lqr_sysid_csv,68679,300,sample,455,-17,10,0,0,0,0,0,-34,302,303,0,0,1
lqr_sysid_csv,68689,300,sample,456,-17,10,0,0,0,0,0,-34,302,303,0,0,1
lqr_sysid_csv,68700,300,sample,457,-17,10,0,0,0,0,0,-34,302,303,0,0,1
lqr_sysid_csv,68711,300,sample,458,-17,10,0,0,0,0,0,-34,302,303,0,0,1
lqr_sysid_csv,68721,300,sample,459,-17,10,0,0,0,0,0,-34,302,303,0,0,1
lqr_sysid_csv,68732,300,sample,460,-17,10,0,0,0,0,0,-34,302,303,0,0,1
lqr_sysid_csv,68742,300,sample,461,-17,10,0,0,0,0,0,-34,302,303,0,0,1
lqr_sysid_csv,68752,300,sample,462,-17,10,0,0,0,0,0,365,302,303,0,0,1
lqr_sysid_csv,68763,300,sample,463,-17,10,0,0,0,0,0,365,302,303,0,0,1
lqr_sysid_csv,68773,300,sample,464,-17,10,0,0,0,0,0,365,302,303,0,0,1
lqr_sysid_csv,68784,300,sample,465,-17,10,0,0,0,0,0,365,302,303,0,0,1
lqr_sysid_csv,68795,300,sample,466,-17,10,0,0,0,0,0,365,302,303,0,0,1
lqr_sysid_csv,68805,300,sample,467,-17,10,0,0,0,0,0,365,302,303,0,0,1
lqr_sysid_csv,68816,300,sample,468,-17,10,0,0,0,0,0,365,302,303,0,0,1
lqr_sysid_csv,68826,300,sample,469,-17,10,0,0,0,0,0,365,302,303,0,0,1
lqr_sysid_csv,68837,300,sample,470,-17,10,0,0,0,0,0,365,302,303,0,0,1
lqr_sysid_csv,68847,300,sample,471,-17,10,0,0,0,0,0,365,302,303,0,0,1
lqr_sysid_csv,68858,300,sample,472,-17,10,0,0,0,0,0,364,302,303,0,0,1
lqr_sysid_csv,68868,300,sample,473,-17,10,0,0,0,0,0,364,302,303,0,0,1
lqr_sysid_csv,68879,300,sample,474,-17,10,0,0,0,0,0,364,302,303,0,0,1
lqr_sysid_csv,68889,300,sample,475,-17,10,0,0,0,0,0,364,302,303,0,0,1
lqr_sysid_csv,68900,300,sample,476,-17,10,0,0,0,0,0,364,302,303,0,0,1
lqr_sysid_csv,68910,300,sample,477,-17,10,0,0,0,0,0,364,302,303,0,0,1
lqr_sysid_csv,68921,300,sample,478,-17,10,0,0,0,0,0,364,302,303,0,0,1
lqr_sysid_csv,68931,300,sample,479,-17,10,0,0,0,0,0,364,302,303,0,0,1
lqr_sysid_csv,68942,300,sample,480,-17,10,0,0,0,0,0,364,302,303,0,0,1
lqr_sysid_csv,68953,300,sample,481,-17,10,0,0,0,0,0,364,302,303,0,0,1
lqr_sysid_csv,68963,300,sample,482,-17,10,0,0,0,0,0,364,302,303,0,0,1
lqr_sysid_csv,68974,300,sample,483,-17,10,0,0,0,0,0,364,302,303,0,0,1
lqr_sysid_csv,68984,300,sample,484,-17,10,0,0,0,0,0,364,302,303,0,0,1
lqr_sysid_csv,68995,300,sample,485,-17,10,0,0,0,0,0,364,302,303,0,0,1
lqr_sysid_csv,69005,300,sample,486,-17,10,0,0,0,0,0,364,302,303,0,0,1
lqr_sysid_csv,69016,300,sample,487,-17,10,0,0,0,0,0,364,302,303,0,0,1
lqr_sysid_csv,69026,300,sample,488,-17,10,0,0,0,0,0,364,302,303,0,0,1
lqr_sysid_csv,69037,300,sample,489,-17,10,0,0,0,0,0,364,302,303,0,0,1
lqr_sysid_csv,69047,300,sample,490,-17,10,0,0,0,0,0,364,302,303,0,0,1
lqr_sysid_csv,69058,300,sample,491,-17,10,0,0,0,0,0,364,302,303,0,0,1
lqr_sysid_csv,69068,300,sample,492,-17,10,0,0,0,0,0,364,302,303,0,0,1
lqr_sysid_csv,69079,300,sample,493,-17,10,0,0,0,0,0,364,302,303,0,0,1
lqr_sysid_csv,69089,300,sample,494,-17,10,0,0,0,0,0,364,302,303,0,0,1
lqr_sysid_csv,69100,300,sample,495,-17,10,0,0,0,0,0,364,302,303,0,0,1
lqr_sysid_csv,69111,300,sample,496,-17,10,0,0,0,0,0,364,302,303,0,0,1
lqr_sysid_csv,69122,300,sample,497,-17,10,0,0,0,0,0,364,302,303,0,0,1
lqr_sysid_csv,69133,300,sample,498,-17,10,0,0,0,0,0,364,302,303,0,0,1
lqr_sysid_csv,69143,300,sample,499,-17,10,0,0,0,0,0,364,302,303,0,0,1
lqr_sysid_csv,69154,300,sample,500,-17,10,0,0,0,0,0,364,302,303,0,0,1
lqr_sysid_csv,69164,300,sample,501,-17,10,0,0,0,0,0,364,302,303,0,0,1
lqr_sysid_csv,69175,300,sample,502,-17,10,0,0,0,0,0,364,302,303,0,0,1
lqr_sysid_csv,69185,300,sample,503,-17,10,0,0,0,0,0,364,302,303,0,0,1
lqr_sysid_csv,69195,300,sample,504,-17,10,0,0,0,0,0,364,302,303,0,0,1
lqr_sysid_csv,69206,300,sample,505,-17,10,0,0,0,0,0,364,302,303,0,0,1
lqr_sysid_csv,69217,300,sample,506,-17,10,0,0,0,0,0,364,302,303,0,0,1
lqr_sysid_csv,69227,300,sample,507,-17,10,0,0,0,0,0,364,302,303,0,0,1
lqr_sysid_csv,69238,300,sample,508,-17,10,0,0,0,0,0,364,302,303,0,0,1
lqr_sysid_csv,69248,300,sample,509,-17,10,0,0,0,0,0,364,302,303,0,0,1
lqr_sysid_csv,69258,300,sample,510,-17,10,0,0,0,0,0,364,302,303,0,0,1
lqr_sysid_csv,69269,300,sample,511,-17,10,0,0,0,0,0,364,302,303,0,0,1
lqr_sysid_csv,69280,300,sample,512,-17,10,0,0,0,0,0,364,302,303,0,0,1
lqr_sysid_csv,69290,300,sample,513,-17,10,0,0,0,0,0,364,302,303,0,0,1
lqr_sysid_csv,69301,300,sample,514,-17,10,0,0,0,0,0,364,302,303,0,0,1
lqr_sysid_csv,69311,300,sample,515,-17,10,0,0,0,0,0,364,302,303,0,0,1
lqr_sysid_csv,69322,300,sample,516,-17,10,0,0,0,0,0,364,302,303,0,0,1
lqr_sysid_csv,69332,300,sample,517,-17,10,0,0,0,0,0,364,302,303,0,0,1
lqr_sysid_csv,69343,300,sample,518,-17,10,0,0,0,0,0,364,302,303,0,0,1
lqr_sysid_csv,69353,300,sample,519,-17,10,0,0,0,0,0,364,302,303,0,0,1
lqr_sysid_csv,69364,300,sample,520,-17,10,0,0,0,0,0,364,302,303,0,0,1
lqr_sysid_csv,69374,300,sample,521,-17,10,0,0,0,0,0,364,302,303,0,0,1
lqr_sysid_csv,69384,300,sample,522,-17,10,0,0,0,0,0,364,302,303,0,0,1
lqr_sysid_csv,69395,300,sample,523,-17,10,0,0,0,0,0,364,302,303,0,0,1
lqr_sysid_csv,69406,300,sample,524,-17,10,0,0,0,0,0,364,302,303,0,0,1
lqr_sysid_csv,69416,300,sample,525,-17,10,0,0,0,0,0,364,302,303,0,0,1
lqr_sysid_csv,69427,300,sample,526,-17,10,0,0,0,0,0,-35,302,303,0,0,1
lqr_sysid_csv,69437,300,sample,527,-17,10,0,0,0,0,0,-35,302,303,0,0,1
lqr_sysid_csv,69448,300,sample,528,-17,10,0,0,0,0,0,-35,302,303,0,0,1
lqr_sysid_csv,69458,300,sample,529,-17,10,0,0,0,0,0,-35,302,303,0,0,1
lqr_sysid_csv,69469,300,sample,530,-17,5,0,0,0,0,0,-33,302,303,0,0,1
lqr_sysid_csv,69479,300,sample,531,-17,10,0,0,0,0,0,-34,302,303,0,0,1
lqr_sysid_csv,69489,300,sample,532,-17,10,0,0,0,0,0,-35,302,303,0,0,1
lqr_sysid_csv,69500,300,sample,533,-17,10,0,0,0,0,0,-35,302,303,0,0,1
lqr_sysid_csv,69510,300,sample,534,-17,10,0,0,0,0,0,-35,302,303,0,0,1
lqr_sysid_csv,69520,300,sample,535,-17,10,0,0,0,0,0,-35,302,303,0,0,1
lqr_sysid_csv,69531,300,sample,536,-17,10,0,0,0,0,0,-35,302,303,0,0,1
lqr_sysid_csv,69542,300,sample,537,-17,10,0,0,0,0,0,-35,302,303,0,0,1
lqr_sysid_csv,69553,300,sample,538,-17,10,0,0,0,0,0,-35,302,303,0,0,1
lqr_sysid_csv,69563,300,sample,539,-17,10,0,0,0,0,0,-35,302,303,0,0,1
lqr_sysid_csv,69573,300,sample,540,-17,10,0,0,0,0,0,-35,302,303,0,0,1
lqr_sysid_csv,69584,300,sample,541,-17,10,0,0,0,0,0,-35,302,303,0,0,1
lqr_sysid_csv,69594,300,sample,542,-17,10,0,0,0,0,0,-35,302,303,0,0,1
lqr_sysid_csv,69612,300,sample,543,-17,10,0,0,0,0,0,-35,302,303,0,0,1
lqr_sysid_csv,69623,300,sample,544,-17,10,0,0,0,0,0,-35,302,303,0,0,1
lqr_sysid_csv,69633,300,sample,545,-17,10,0,0,0,0,0,-35,302,303,0,0,1
lqr_sysid_csv,69644,300,sample,546,-17,10,0,0,0,0,0,-35,302,303,0,0,1
lqr_sysid_csv,69655,300,sample,547,-17,10,0,0,0,0,0,-35,302,303,0,0,1
lqr_sysid_csv,69665,300,sample,548,-17,10,0,0,0,0,0,-35,302,303,0,0,1
lqr_sysid_csv,69676,300,sample,549,-17,10,0,0,0,0,0,-35,302,303,0,0,1
lqr_sysid_csv,69686,300,sample,550,-17,10,0,0,0,0,0,-35,302,303,0,0,1
lqr_sysid_csv,69697,300,sample,551,-17,10,0,0,0,0,0,-35,302,303,0,0,1
lqr_sysid_csv,69707,300,sample,552,-17,10,0,0,0,0,0,-35,302,303,0,0,1
lqr_sysid_csv,69718,300,sample,553,-17,10,0,0,0,0,0,-35,302,303,0,0,1
lqr_sysid_csv,69728,300,sample,554,-17,10,0,0,0,0,0,-35,302,303,0,0,1
lqr_sysid_csv,69738,300,sample,555,-17,10,0,0,0,0,0,-35,302,303,0,0,1
lqr_sysid_csv,69749,300,sample,556,-17,10,0,0,0,0,0,-35,302,303,0,0,1
lqr_sysid_csv,69765,300,sample,557,-17,10,0,0,0,0,0,364,302,303,0,0,1
lqr_sysid_csv,69776,300,sample,558,-17,10,0,0,0,0,0,364,302,303,0,0,1
lqr_sysid_csv,69787,300,sample,559,-17,10,0,0,0,0,0,364,302,303,0,0,1
lqr_sysid_csv,69797,300,sample,560,-17,10,0,0,0,0,0,364,302,303,0,0,1
lqr_sysid_csv,69808,300,sample,561,-17,10,0,0,0,0,0,364,302,303,0,0,1
lqr_sysid_csv,69825,300,sample,562,-17,10,0,0,0,0,0,364,302,303,0,0,1
lqr_sysid_csv,69836,300,sample,563,-17,10,0,0,0,0,0,364,302,303,0,0,1
lqr_sysid_csv,69846,300,sample,564,-17,16,0,0,0,0,0,362,302,303,0,0,1
lqr_sysid_csv,69857,300,sample,565,-17,16,0,0,0,0,0,359,302,303,0,0,1
lqr_sysid_csv,69868,300,sample,566,-17,27,0,0,0,0,0,348,302,303,0,0,1
lqr_sysid_csv,69878,300,sample,567,-17,27,0,0,0,0,0,345,302,303,0,0,1
lqr_sysid_csv,69889,300,sample,568,-17,27,0,0,0,0,0,344,302,303,0,0,1
lqr_sysid_csv,69899,300,sample,569,-16,39,0,0,0,0,0,333,302,303,0,0,1
lqr_sysid_csv,69910,300,sample,570,-16,39,0,0,0,0,0,327,302,303,0,0,1
lqr_sysid_csv,69921,300,sample,571,-16,39,0,0,0,0,0,325,302,303,0,0,1
lqr_sysid_csv,69931,300,sample,572,-15,39,0,0,0,0,0,315,302,302,0,0,1
lqr_sysid_csv,69941,300,sample,573,-15,39,0,0,0,0,0,315,302,302,0,0,1
lqr_sysid_csv,69952,300,sample,574,-15,39,0,0,0,0,0,315,302,302,0,0,1
lqr_sysid_csv,69962,300,sample,575,-15,39,0,0,0,0,0,315,302,302,0,0,1
lqr_sysid_csv,69972,300,sample,576,-15,76,0,0,0,0,0,292,302,302,0,0,1
lqr_sysid_csv,69988,300,sample,577,-11,89,0,0,0,0,0,232,302,300,0,0,1
lqr_sysid_csv,69999,300,sample,578,-11,89,0,0,0,0,0,226,302,300,0,0,1
lqr_sysid_csv,70009,300,sample,579,-11,105,0,0,0,0,0,214,302,301,0,0,1
lqr_sysid_csv,70020,300,sample,580,-11,95,0,0,0,0,0,212,302,301,0,0,1
lqr_sysid_csv,70031,300,sample,581,-10,-16,0,0,0,0,0,285,302,300,0,0,1
lqr_sysid_csv,70041,300,sample,582,-10,-11,0,0,0,0,0,307,302,300,0,0,1
lqr_sysid_csv,70052,300,sample,583,-11,-11,0,0,0,0,0,324,302,301,0,0,1
lqr_sysid_csv,70063,300,sample,584,-11,-28,0,0,0,0,0,340,302,301,0,0,1
lqr_sysid_csv,70074,300,sample,585,-12,-45,0,0,0,0,0,356,302,301,0,0,1
lqr_sysid_csv,70085,300,sample,586,-12,-39,0,0,0,0,0,364,302,301,0,0,1
lqr_sysid_csv,70096,300,sample,587,-12,16,0,0,0,0,0,329,302,301,0,0,1
lqr_sysid_csv,70107,300,sample,588,-12,16,0,0,0,0,0,317,302,301,0,0,1
lqr_sysid_csv,70117,300,sample,589,-12,10,0,0,0,0,0,313,302,301,0,0,1
lqr_sysid_csv,70128,300,sample,590,-12,10,0,0,0,0,0,315,302,301,0,0,1
lqr_sysid_csv,70138,300,sample,591,-12,10,0,0,0,0,0,316,302,301,0,0,1
lqr_sysid_csv,70148,300,sample,592,-12,10,0,0,0,0,0,316,302,301,0,0,1
lqr_sysid_csv,70159,300,sample,593,-12,10,0,0,0,0,0,316,302,301,0,0,1
lqr_sysid_csv,70169,300,sample,594,-12,10,0,0,0,0,0,316,302,301,0,0,1
lqr_sysid_csv,70180,300,sample,595,-12,10,0,0,0,0,0,316,302,301,0,0,1
lqr_sysid_csv,70190,300,sample,596,-12,10,0,0,0,0,0,315,302,301,0,0,1
lqr_sysid_csv,70200,300,sample,597,-12,10,0,0,0,0,0,315,302,301,0,0,1
lqr_sysid_csv,70211,300,sample,598,-12,10,0,0,0,0,0,315,302,301,0,0,1
lqr_sysid_csv,70222,300,sample,599,-12,10,0,0,0,0,0,315,302,301,0,0,1
lqr_sysid_csv,70232,300,sample,600,-12,10,0,0,0,0,0,315,302,301,0,0,1
lqr_sysid_csv,70243,300,sample,601,-12,10,0,0,0,0,0,315,302,301,0,0,1
lqr_sysid_csv,70254,300,sample,602,-12,10,0,0,0,0,0,315,302,301,0,0,1
lqr_sysid_csv,70264,300,sample,603,-12,10,0,0,0,0,0,315,302,301,0,0,1
lqr_sysid_csv,70275,300,sample,604,-12,10,0,0,0,0,0,315,302,301,0,0,1
lqr_sysid_csv,70286,300,sample,605,-12,10,0,0,0,0,0,315,302,301,0,0,1
lqr_sysid_csv,70296,300,sample,606,-12,10,0,0,0,0,0,315,302,301,0,0,1
lqr_sysid_csv,70307,300,sample,607,-12,10,0,0,0,0,0,315,302,301,0,0,1
lqr_sysid_csv,70318,300,sample,608,-12,10,0,0,0,0,0,315,302,301,0,0,1
lqr_sysid_csv,70328,300,sample,609,-12,10,0,0,0,0,0,315,302,301,0,0,1
lqr_sysid_csv,70339,300,sample,610,-12,10,0,0,0,0,0,315,302,301,0,0,1
lqr_sysid_csv,70356,300,sample,611,-12,10,0,0,0,0,0,315,302,301,0,0,1
lqr_sysid_csv,70366,300,sample,612,-12,10,0,0,0,0,0,315,302,301,0,0,1
lqr_sysid_csv,70376,300,sample,613,-12,10,0,0,0,0,0,315,302,301,0,0,1
lqr_sysid_csv,70387,300,sample,614,-12,10,0,0,0,0,0,315,302,301,0,0,1
lqr_sysid_csv,70397,300,sample,615,-12,10,0,0,0,0,0,315,302,301,0,0,1
lqr_sysid_csv,70408,300,sample,616,-12,10,0,0,0,0,0,315,302,301,0,0,1
lqr_sysid_csv,70419,300,sample,617,-12,10,0,0,0,0,0,-84,302,301,0,0,1
lqr_sysid_csv,70430,300,sample,618,-12,10,0,0,0,0,0,-84,302,301,0,0,1
lqr_sysid_csv,70440,300,sample,619,-12,10,0,0,0,0,0,-84,302,301,0,0,1
lqr_sysid_csv,70451,300,sample,620,-12,10,0,0,0,0,0,-84,302,301,0,0,1
lqr_sysid_csv,70461,300,sample,621,-12,10,0,0,0,0,0,-84,302,301,0,0,1
lqr_sysid_csv,70472,300,sample,622,-12,10,0,0,0,0,0,-84,302,301,0,0,1
lqr_sysid_csv,70482,300,sample,623,-12,10,0,0,0,0,0,-84,302,301,0,0,1
lqr_sysid_csv,70493,300,sample,624,-12,10,0,0,0,0,0,-84,302,301,0,0,1
lqr_sysid_csv,70503,300,sample,625,-12,10,0,0,0,0,0,-84,302,301,0,0,1
lqr_sysid_csv,70514,300,sample,626,-12,10,0,0,0,0,0,-84,302,301,0,0,1
lqr_sysid_csv,70524,300,sample,627,-12,10,0,0,0,0,0,-84,302,301,0,0,1
lqr_sysid_csv,70535,300,sample,628,-12,10,0,0,0,0,0,-84,302,301,0,0,1
lqr_sysid_csv,70545,300,sample,629,-12,10,0,0,0,0,0,-84,302,301,0,0,1
lqr_sysid_csv,70556,300,sample,630,-12,10,0,0,0,0,0,-84,302,301,0,0,1
lqr_sysid_csv,70566,300,sample,631,-12,10,0,0,0,0,0,-84,302,301,0,0,1
lqr_sysid_csv,70577,300,sample,632,-12,10,0,0,0,0,0,-84,302,301,0,0,1
lqr_sysid_csv,70587,300,sample,633,-12,10,0,0,0,0,0,-84,302,301,0,0,1
lqr_sysid_csv,70598,300,sample,634,-12,10,0,0,0,0,0,-84,302,301,0,0,1
lqr_sysid_csv,70608,300,sample,635,-12,10,0,0,0,0,0,-84,302,301,0,0,1
lqr_sysid_csv,70619,300,sample,636,-12,10,0,0,0,0,0,-84,302,301,0,0,1
lqr_sysid_csv,70629,300,sample,637,-12,10,0,0,0,0,0,-84,302,301,0,0,1
lqr_sysid_csv,70639,300,sample,638,-12,10,0,0,0,0,0,-84,302,301,0,0,1
lqr_sysid_csv,70650,300,sample,639,-12,10,0,0,0,0,0,-84,302,301,0,0,1
lqr_sysid_csv,70660,300,sample,640,-12,10,0,0,0,0,0,-84,302,301,0,0,1
lqr_sysid_csv,70671,300,sample,641,-12,10,0,0,0,0,0,-84,302,301,0,0,1
lqr_sysid_csv,70682,300,sample,642,-12,10,0,0,0,0,0,-84,302,301,0,0,1
lqr_sysid_csv,70692,300,sample,643,-12,10,0,0,0,0,0,-83,302,301,0,0,1
lqr_sysid_csv,70703,300,sample,644,-12,10,0,0,0,0,0,-83,302,301,0,0,1
lqr_sysid_csv,70714,300,sample,645,-12,10,0,0,0,0,0,-83,302,301,0,0,1
lqr_sysid_csv,70724,300,sample,646,-12,10,0,0,0,0,0,-83,302,301,0,0,1
lqr_sysid_csv,70735,300,sample,647,-12,10,0,0,0,0,0,-83,302,301,0,0,1
lqr_sysid_csv,70745,300,sample,648,-12,10,0,0,0,0,0,-83,302,301,0,0,1
lqr_sysid_csv,70756,300,sample,649,-12,10,0,0,0,0,0,316,302,301,0,0,1
lqr_sysid_csv,70767,300,sample,650,-12,10,0,0,0,0,0,316,302,301,0,0,1
lqr_sysid_csv,70778,300,sample,651,-12,10,0,0,0,0,0,316,302,301,0,0,1
lqr_sysid_csv,70789,300,sample,652,-12,10,0,0,0,0,0,316,302,301,0,0,1
lqr_sysid_csv,70800,300,sample,653,-12,10,0,0,0,0,0,316,302,301,0,0,1
lqr_sysid_csv,70810,300,sample,654,-12,10,0,0,0,0,0,316,302,301,0,0,1
lqr_sysid_csv,70821,300,sample,655,-12,10,0,0,0,0,0,316,302,301,0,0,1
lqr_sysid_csv,70832,300,sample,656,-12,10,0,0,0,0,0,316,302,301,0,0,1
lqr_sysid_csv,70842,300,sample,657,-12,10,0,0,0,0,0,316,302,301,0,0,1
lqr_sysid_csv,70853,300,sample,658,-12,10,0,0,0,0,0,316,302,301,0,0,1
lqr_sysid_csv,70864,300,sample,659,-12,10,0,0,0,0,0,316,302,301,0,0,1
lqr_sysid_csv,70874,300,sample,660,-12,10,0,0,0,0,0,316,302,301,0,0,1
lqr_sysid_csv,70884,300,sample,661,-12,10,0,0,0,0,0,316,302,301,0,0,1
lqr_sysid_csv,70895,300,sample,662,-12,10,0,0,0,0,0,316,302,301,0,0,1
lqr_sysid_csv,70905,300,sample,663,-12,10,0,0,0,0,0,316,302,301,0,0,1
lqr_sysid_csv,70915,300,sample,664,-12,10,0,0,0,0,0,316,302,301,0,0,1
lqr_sysid_csv,70926,300,sample,665,-12,10,0,0,0,0,0,316,302,301,0,0,1
lqr_sysid_csv,70937,300,sample,666,-12,10,0,0,0,0,0,316,302,301,0,0,1
lqr_sysid_csv,70947,300,sample,667,-12,10,0,0,0,0,0,316,302,301,0,0,1
lqr_sysid_csv,70958,300,sample,668,-12,10,0,0,0,0,0,316,302,301,0,0,1
lqr_sysid_csv,70969,300,sample,669,-12,10,0,0,0,0,0,316,302,301,0,0,1
lqr_sysid_csv,70979,300,sample,670,-12,10,0,0,0,0,0,316,302,301,0,0,1
lqr_sysid_csv,70990,300,sample,671,-12,10,0,0,0,0,0,316,302,301,0,0,1
lqr_sysid_csv,71000,300,sample,672,-12,10,0,0,0,0,0,316,302,301,0,0,1
lqr_sysid_csv,71010,300,sample,673,-12,10,0,0,0,0,0,316,302,301,0,0,1
lqr_sysid_csv,71021,300,sample,674,-12,10,0,0,0,0,0,316,302,301,0,0,1
lqr_sysid_csv,71031,300,sample,675,-12,10,0,0,0,0,0,316,302,301,0,0,1
lqr_sysid_csv,71041,300,sample,676,-12,10,0,0,0,0,0,316,302,301,0,0,1
lqr_sysid_csv,71058,300,sample,677,-12,10,0,0,0,0,0,316,302,301,0,0,1
lqr_sysid_csv,71069,300,sample,678,-12,10,0,0,0,0,0,316,302,301,0,0,1
lqr_sysid_csv,71079,300,sample,679,-12,10,0,0,0,0,0,316,302,301,0,0,1
lqr_sysid_csv,71090,300,sample,680,-12,10,0,0,0,0,0,-83,302,301,0,0,1
lqr_sysid_csv,71100,300,sample,681,-12,10,0,0,0,0,0,-83,302,301,0,0,1
lqr_sysid_csv,71111,300,sample,682,-12,10,0,0,0,0,0,-83,302,301,0,0,1
lqr_sysid_csv,71122,300,sample,683,-12,10,0,0,0,0,0,-83,302,301,0,0,1
lqr_sysid_csv,71133,300,sample,684,-12,10,0,0,0,0,0,-83,302,301,0,0,1
lqr_sysid_csv,71143,300,sample,685,-12,10,0,0,0,0,0,-83,302,301,0,0,1
lqr_sysid_csv,71154,300,sample,686,-12,10,0,0,0,0,0,-83,302,301,0,0,1
lqr_sysid_csv,71164,300,sample,687,-12,10,0,0,0,0,0,-83,302,301,0,0,1
lqr_sysid_csv,71175,300,sample,688,-12,10,0,0,0,0,0,-83,302,301,0,0,1
lqr_sysid_csv,71185,300,sample,689,-12,10,0,0,0,0,0,-83,302,301,0,0,1
lqr_sysid_csv,71196,300,sample,690,-12,10,0,0,0,0,0,-83,302,301,0,0,1
lqr_sysid_csv,71207,300,sample,691,-12,10,0,0,0,0,0,-83,302,301,0,0,1
lqr_sysid_csv,71217,300,sample,692,-12,10,0,0,0,0,0,-83,302,301,0,0,1
lqr_sysid_csv,71228,300,sample,693,-12,10,0,0,0,0,0,-83,302,301,0,0,1
lqr_sysid_csv,71238,300,sample,694,-12,10,0,0,0,0,0,-83,302,301,0,0,1
lqr_sysid_csv,71249,300,sample,695,-12,10,0,0,0,0,0,-83,302,301,0,0,1
lqr_sysid_csv,71259,300,sample,696,-12,10,0,0,0,0,0,-83,302,301,0,0,1
lqr_sysid_csv,71270,300,sample,697,-12,10,0,0,0,0,0,-83,302,301,0,0,1
lqr_sysid_csv,71280,300,sample,698,-12,10,0,0,0,0,0,-83,302,301,0,0,1
lqr_sysid_csv,71291,300,sample,699,-12,10,0,0,0,0,0,-83,302,301,0,0,1
lqr_sysid_csv,71301,300,sample,700,-12,10,0,0,0,0,0,-83,302,301,0,0,1
lqr_sysid_csv,71312,300,sample,701,-12,10,0,0,0,0,0,-83,302,301,0,0,1
lqr_sysid_csv,71323,300,sample,702,-12,10,0,0,0,0,0,-83,302,301,0,0,1
lqr_sysid_csv,71333,300,sample,703,-12,10,0,0,0,0,0,-83,302,301,0,0,1
lqr_sysid_csv,71344,300,sample,704,-12,10,0,0,0,0,0,-83,302,301,0,0,1
lqr_sysid_csv,71354,300,sample,705,-12,10,0,0,0,0,0,-83,302,301,0,0,1
lqr_sysid_csv,71365,300,sample,706,-12,10,0,0,0,0,0,-83,302,301,0,0,1
lqr_sysid_csv,71375,300,sample,707,-12,10,0,0,0,0,0,-83,302,301,0,0,1
lqr_sysid_csv,71386,300,sample,708,-12,10,0,0,0,0,0,-83,302,301,0,0,1
lqr_sysid_csv,71397,300,sample,709,-12,10,0,0,0,0,0,-83,302,301,0,0,1
lqr_sysid_csv,71407,300,sample,710,-12,10,0,0,0,0,0,-83,302,301,0,0,1
lqr_sysid_csv,71418,300,sample,711,-12,10,0,0,0,0,0,-83,302,301,0,0,1
lqr_sysid_csv,71429,300,sample,712,-12,10,0,0,0,0,0,-83,302,301,0,0,1
lqr_sysid_csv,71439,300,sample,713,-12,10,0,0,0,0,0,-83,302,301,0,0,1
lqr_sysid_csv,71449,300,sample,714,-12,10,0,0,0,0,0,-83,302,301,0,0,1
lqr_sysid_csv,71461,300,sample,715,-12,10,0,0,0,0,0,-83,302,301,0,0,1
lqr_sysid_csv,71471,300,sample,716,-12,10,0,0,0,0,0,-83,302,301,0,0,1
lqr_sysid_csv,71482,300,sample,717,-12,10,0,0,0,0,0,-83,302,301,0,0,1
lqr_sysid_csv,71493,300,sample,718,-12,10,0,0,0,0,0,-83,302,301,0,0,1
lqr_sysid_csv,71503,300,sample,719,-12,10,0,0,0,0,0,-83,302,301,0,0,1
lqr_sysid_csv,71514,300,sample,720,-12,10,0,0,0,0,0,-83,302,301,0,0,1
lqr_sysid_csv,71524,300,sample,721,-12,10,0,0,0,0,0,-83,302,301,0,0,1
lqr_sysid_csv,71535,300,sample,722,-12,10,0,0,0,0,0,-83,302,301,0,0,1
lqr_sysid_csv,71545,300,sample,723,-12,10,0,0,0,0,0,-83,302,301,0,0,1
lqr_sysid_csv,71555,300,sample,724,-12,10,0,0,0,0,0,-83,302,301,0,0,1
lqr_sysid_csv,71566,300,sample,725,-12,10,0,0,0,0,0,-83,302,301,0,0,1
lqr_sysid_csv,71577,300,sample,726,-12,10,0,0,0,0,0,-83,302,301,0,0,1
lqr_sysid_csv,71587,300,sample,727,-12,10,0,0,0,0,0,-83,302,301,0,0,1
lqr_sysid_csv,71598,300,sample,728,-12,10,0,0,0,0,0,-83,302,301,0,0,1
lqr_sysid_csv,71608,300,sample,729,-12,10,0,0,0,0,0,-83,302,301,0,0,1
lqr_sysid_csv,71619,300,sample,730,-12,10,0,0,0,0,0,-83,302,301,0,0,1
lqr_sysid_csv,71636,300,sample,731,-12,10,0,0,0,0,0,-83,302,301,0,0,1
lqr_sysid_csv,71646,300,sample,732,-12,10,0,0,0,0,0,-83,302,301,0,0,1
lqr_sysid_csv,71656,300,sample,733,-12,10,0,0,0,0,0,-83,302,301,0,0,1
lqr_sysid_csv,71667,300,sample,734,-12,10,0,0,0,0,0,-83,302,301,0,0,1
lqr_sysid_csv,71677,300,sample,735,-12,10,0,0,0,0,0,-83,302,301,0,0,1
lqr_sysid_csv,71688,300,sample,736,-12,10,0,0,0,0,0,-83,302,301,0,0,1
lqr_sysid_csv,71699,300,sample,737,-12,10,0,0,0,0,0,-83,302,301,0,0,1
lqr_sysid_csv,71710,300,sample,738,-12,10,0,0,0,0,0,-83,302,301,0,0,1
lqr_sysid_csv,71721,300,sample,739,-12,10,0,0,0,0,0,-83,302,301,0,0,1
lqr_sysid_csv,71731,300,sample,740,-12,10,0,0,0,0,0,-83,302,301,0,0,1
lqr_sysid_csv,71742,300,sample,741,-12,10,0,0,0,0,0,-83,302,301,0,0,1
lqr_sysid_csv,71752,300,sample,742,-12,10,0,0,0,0,0,-83,302,301,0,0,1
lqr_sysid_csv,71763,300,sample,743,-12,10,0,0,0,0,0,316,302,301,0,0,1
lqr_sysid_csv,71779,300,sample,744,-12,10,0,0,0,0,0,316,302,301,0,0,1
lqr_sysid_csv,71790,300,sample,745,-12,16,0,0,0,0,0,312,302,301,0,0,1
lqr_sysid_csv,71807,300,sample,746,-12,10,0,0,0,0,0,316,302,301,0,0,1
lqr_sysid_csv,71818,300,sample,747,-12,10,0,0,0,0,0,316,302,301,0,0,1
lqr_sysid_csv,71828,300,sample,748,-12,10,0,0,0,0,0,316,302,301,0,0,1
lqr_sysid_csv,71839,300,sample,749,-12,10,0,0,0,0,0,316,302,301,0,0,1
lqr_sysid_csv,71849,300,sample,750,-12,10,0,0,0,0,0,316,302,301,0,0,1
lqr_sysid_csv,71860,300,sample,751,-12,10,0,0,0,0,0,316,302,301,0,0,1
lqr_sysid_csv,71870,300,sample,752,-12,10,0,0,0,0,0,316,302,301,0,0,1
lqr_sysid_csv,71881,300,sample,753,-12,10,0,0,0,0,0,316,302,301,0,0,1
lqr_sysid_csv,71891,300,sample,754,-12,10,0,0,0,0,0,316,302,301,0,0,1
lqr_sysid_csv,71902,300,sample,755,-12,10,0,0,0,0,0,316,302,301,0,0,1
lqr_sysid_csv,71912,300,sample,756,-12,10,0,0,0,0,0,316,302,301,0,0,1
lqr_sysid_csv,71923,300,sample,757,-12,10,0,0,0,0,0,316,302,301,0,0,1
lqr_sysid_csv,71933,300,sample,758,-12,10,0,0,0,0,0,316,302,301,0,0,1
lqr_sysid_csv,71943,300,sample,759,-12,10,0,0,0,0,0,316,302,301,0,0,1
lqr_sysid_csv,71954,300,sample,760,-12,10,0,0,0,0,0,316,302,301,0,0,1
lqr_sysid_csv,71970,300,sample,761,-12,10,0,0,0,0,0,316,302,301,0,0,1
lqr_sysid_csv,71987,300,sample,762,-12,10,0,0,0,0,0,316,302,301,0,0,1
lqr_sysid_csv,71998,300,sample,763,-12,10,0,0,0,0,0,316,302,301,0,0,1
lqr_sysid_csv,72008,300,sample,764,-12,10,0,0,0,0,0,316,302,301,0,0,1
lqr_sysid_csv,72019,300,sample,765,-12,10,0,0,0,0,0,316,302,301,0,0,1
lqr_sysid_csv,72030,300,sample,766,-12,10,0,0,0,0,0,316,302,301,0,0,1
lqr_sysid_csv,72041,300,sample,767,-12,10,0,0,0,0,0,316,302,301,0,0,1
lqr_sysid_csv,72051,300,sample,768,-12,10,0,0,0,0,0,316,302,301,0,0,1
lqr_sysid_csv,72061,300,sample,769,-12,10,0,0,0,0,0,316,302,301,0,0,1
lqr_sysid_csv,72078,300,sample,770,-12,10,0,0,0,0,0,-83,302,301,0,0,1
lqr_sysid_csv,72089,300,sample,771,-12,10,0,0,0,0,0,-83,302,301,0,0,1
lqr_sysid_csv,72100,300,sample,772,-12,10,0,0,0,0,0,-83,302,301,0,0,1
lqr_sysid_csv,72110,300,sample,773,-12,10,0,0,0,0,0,-83,302,301,0,0,1
lqr_sysid_csv,72121,300,sample,774,-12,10,0,0,0,0,0,-83,302,301,0,0,1
lqr_sysid_csv,72131,300,sample,775,-12,10,0,0,0,0,0,-83,302,301,0,0,1
lqr_sysid_csv,72148,300,sample,776,-12,10,0,0,0,0,0,-83,302,301,0,0,1
lqr_sysid_csv,72158,300,sample,777,-12,10,0,0,0,0,0,-83,302,301,0,0,1
lqr_sysid_csv,72176,300,sample,778,-12,10,0,0,0,0,0,-83,302,301,0,0,1
lqr_sysid_csv,72186,300,sample,779,-12,10,0,0,0,0,0,-83,302,301,0,0,1
lqr_sysid_csv,72196,300,sample,780,-12,10,0,0,0,0,0,-83,302,301,0,0,1
lqr_sysid_csv,72207,300,sample,781,-12,10,0,0,0,0,0,-83,302,301,0,0,1
lqr_sysid_csv,72218,300,sample,782,-12,10,0,0,0,0,0,-83,302,301,0,0,1
lqr_sysid_csv,72229,300,sample,783,-12,10,0,0,0,0,0,-83,302,301,0,0,1
lqr_sysid_csv,72239,300,sample,784,-12,10,0,0,0,0,0,-83,302,301,0,0,1
lqr_sysid_csv,72249,300,sample,785,-12,10,0,0,0,0,0,-83,302,301,0,0,1
lqr_sysid_csv,72265,300,sample,786,-12,10,0,0,0,0,0,-83,302,301,0,0,1
lqr_sysid_csv,72283,300,sample,787,-12,10,0,0,0,0,0,-83,302,301,0,0,1
lqr_sysid_csv,72293,300,sample,788,-12,10,0,0,0,0,0,-83,302,301,0,0,1
lqr_sysid_csv,72304,300,sample,789,-12,10,0,0,0,0,0,-83,302,301,0,0,1
lqr_sysid_csv,72314,300,sample,790,-12,10,0,0,0,0,0,-83,302,301,0,0,1
lqr_sysid_csv,72324,300,sample,791,-12,10,0,0,0,0,0,-83,302,301,0,0,1
lqr_sysid_csv,72335,300,sample,792,-12,10,0,0,0,0,0,-83,302,301,0,0,1
lqr_sysid_csv,72345,300,sample,793,-12,10,0,0,0,0,0,-83,302,301,0,0,1
lqr_sysid_csv,72356,300,sample,794,-12,10,0,0,0,0,0,-83,302,301,0,0,1
lqr_sysid_csv,72366,300,sample,795,-12,10,0,0,0,0,0,-83,302,301,0,0,1
lqr_sysid_csv,72377,300,sample,796,-12,10,0,0,0,0,0,-83,302,301,0,0,1
lqr_sysid_csv,72394,300,sample,797,-12,10,0,0,0,0,0,-83,302,301,0,0,1
lqr_sysid_csv,72405,300,sample,798,-12,10,0,0,0,0,0,-83,302,301,0,0,1
lqr_sysid_csv,72415,300,sample,799,-12,10,0,0,0,0,0,-83,302,301,0,0,1
lqr_sysid_csv,72426,300,sample,800,-12,10,0,0,0,0,0,-83,302,301,0,0,1
lqr_sysid_csv,72436,300,sample,801,-12,10,0,0,0,0,0,-83,302,301,0,0,1
lqr_sysid_csv,72446,300,sample,802,-12,10,0,0,0,0,0,-83,302,301,0,0,1
lqr_sysid_csv,72457,300,sample,803,-12,10,0,0,0,0,0,-83,302,301,0,0,1
lqr_sysid_csv,72468,300,sample,804,-12,10,0,0,0,0,0,-83,302,301,0,0,1
lqr_sysid_csv,72478,300,sample,805,-12,10,0,0,0,0,0,-83,302,301,0,0,1
lqr_sysid_csv,72489,300,sample,806,-12,10,0,0,0,0,0,-83,302,301,0,0,1
lqr_sysid_csv,72500,300,sample,807,-12,10,0,0,0,0,0,-83,302,301,0,0,1
lqr_sysid_csv,72510,300,sample,808,-12,10,0,0,0,0,0,-83,302,301,0,0,1
lqr_sysid_csv,72521,300,sample,809,-12,10,0,0,0,0,0,-83,302,301,0,0,1
lqr_sysid_csv,72532,300,sample,810,-12,10,0,0,0,0,0,-83,302,301,0,0,1
lqr_sysid_csv,72548,300,sample,811,-12,10,0,0,0,0,0,-83,302,301,0,0,1
lqr_sysid_csv,72558,300,sample,812,-12,10,0,0,0,0,0,-83,302,301,0,0,1
lqr_sysid_csv,72574,300,sample,813,-12,10,0,0,0,0,0,-83,302,301,0,0,1
lqr_sysid_csv,72584,300,sample,814,-12,10,0,0,0,0,0,-83,302,301,0,0,1
lqr_sysid_csv,72595,300,sample,815,-12,10,0,0,0,0,0,-83,302,301,0,0,1
lqr_sysid_csv,72605,300,sample,816,-12,10,0,0,0,0,0,-83,302,301,0,0,1
lqr_sysid_csv,72616,300,sample,817,-12,10,0,0,0,0,0,-83,302,301,0,0,1
lqr_sysid_csv,72626,300,sample,818,-12,10,0,0,0,0,0,-83,302,301,0,0,1
lqr_sysid_csv,72637,300,sample,819,-12,10,0,0,0,0,0,-83,302,301,0,0,1
lqr_sysid_csv,72647,300,sample,820,-12,10,0,0,0,0,0,-83,302,301,0,0,1
lqr_sysid_csv,72658,300,sample,821,-12,10,0,0,0,0,0,-83,302,301,0,0,1
lqr_sysid_csv,72668,300,sample,822,-12,10,0,0,0,0,0,-83,302,301,0,0,1
lqr_sysid_csv,72679,300,sample,823,-12,10,0,0,0,0,0,-83,302,301,0,0,1
lqr_sysid_csv,72690,300,sample,824,-12,10,0,0,0,0,0,-83,302,301,0,0,1
lqr_sysid_csv,72700,300,sample,825,-12,10,0,0,0,0,0,-83,302,301,0,0,1
lqr_sysid_csv,72711,300,sample,826,-12,10,0,0,0,0,0,-83,302,301,0,0,1
lqr_sysid_csv,72728,300,sample,827,-12,10,0,0,0,0,0,316,302,301,0,0,1
lqr_sysid_csv,72739,300,sample,828,-12,10,0,0,0,0,0,316,302,301,0,0,1
lqr_sysid_csv,72749,300,sample,829,-12,10,0,0,0,0,0,316,302,301,0,0,1
lqr_sysid_csv,72760,300,sample,830,-12,10,0,0,0,0,0,316,302,301,0,0,1
lqr_sysid_csv,72771,300,sample,831,-12,10,0,0,0,0,0,316,302,301,0,0,1
lqr_sysid_csv,72782,300,sample,832,-12,10,0,0,0,0,0,316,302,301,0,0,1
lqr_sysid_csv,72792,300,sample,833,-12,10,0,0,0,0,0,316,302,301,0,0,1
lqr_sysid_csv,72802,300,sample,834,-12,10,0,0,0,0,0,316,302,301,0,0,1
lqr_sysid_csv,72813,300,sample,835,-12,10,0,0,0,0,0,316,302,301,0,0,1
lqr_sysid_csv,72831,300,sample,836,-12,10,0,0,0,0,0,316,302,301,0,0,1
lqr_sysid_csv,72842,300,sample,837,-12,10,0,0,0,0,0,316,302,301,0,0,1
lqr_sysid_csv,72852,300,sample,838,-12,10,0,0,0,0,0,316,302,301,0,0,1
lqr_sysid_csv,72863,300,sample,839,-12,10,0,0,0,0,0,316,302,301,0,0,1
lqr_sysid_csv,72873,300,sample,840,-12,10,0,0,0,0,0,316,302,301,0,0,1
lqr_sysid_csv,72884,300,sample,841,-12,10,0,0,0,0,0,316,302,301,0,0,1
lqr_sysid_csv,72894,300,sample,842,-12,10,0,0,0,0,0,316,302,301,0,0,1
lqr_sysid_csv,72905,300,sample,843,-12,10,0,0,0,0,0,316,302,301,0,0,1
lqr_sysid_csv,72916,300,sample,844,-12,10,0,0,0,0,0,316,302,301,0,0,1
lqr_sysid_csv,72926,300,sample,845,-12,10,0,0,0,0,0,316,302,301,0,0,1
lqr_sysid_csv,72937,300,sample,846,-12,10,0,0,0,0,0,316,302,301,0,0,1
lqr_sysid_csv,72947,300,sample,847,-12,10,0,0,0,0,0,316,302,301,0,0,1
lqr_sysid_csv,72964,300,sample,848,-12,10,0,0,0,0,0,316,302,301,0,0,1
lqr_sysid_csv,72975,300,sample,849,-12,10,0,0,0,0,0,316,302,301,0,0,1
lqr_sysid_csv,72985,300,sample,850,-12,10,0,0,0,0,0,316,302,301,0,0,1
lqr_sysid_csv,72996,300,sample,851,-12,10,0,0,0,0,0,316,302,301,0,0,1
lqr_sysid_csv,73006,300,sample,852,-12,10,0,0,0,0,0,316,302,301,0,0,1
lqr_sysid_csv,73017,300,sample,853,-12,10,0,0,0,0,0,316,302,301,0,0,1
lqr_sysid_csv,73027,300,sample,854,-12,10,0,0,0,0,0,316,302,301,0,0,1
lqr_sysid_csv,73038,300,sample,855,-12,10,0,0,0,0,0,316,302,301,0,0,1
lqr_sysid_csv,73049,300,sample,856,-12,10,0,0,0,0,0,-83,302,301,0,0,1
lqr_sysid_csv,73059,300,sample,857,-12,10,0,0,0,0,0,-83,302,301,0,0,1
lqr_sysid_csv,73070,300,sample,858,-12,10,0,0,0,0,0,-83,302,301,0,0,1
lqr_sysid_csv,73081,300,sample,859,-12,10,0,0,0,0,0,-83,302,301,0,0,1
lqr_sysid_csv,73091,300,sample,860,-12,10,0,0,0,0,0,-83,302,301,0,0,1
lqr_sysid_csv,73101,300,sample,861,-12,10,0,0,0,0,0,-83,302,301,0,0,1
lqr_sysid_csv,73112,300,sample,862,-12,5,0,0,0,0,0,-82,302,301,0,0,1
lqr_sysid_csv,73123,300,sample,863,-12,5,0,0,0,0,0,-79,302,301,0,0,1
lqr_sysid_csv,73133,300,sample,864,-12,10,0,0,0,0,0,-80,302,301,0,0,1
lqr_sysid_csv,73144,300,sample,865,-12,10,0,0,0,0,0,-82,302,301,0,0,1
lqr_sysid_csv,73154,300,sample,866,-12,10,0,0,0,0,0,-83,302,301,0,0,1
lqr_sysid_csv,73165,300,sample,867,-12,10,0,0,0,0,0,-83,302,301,0,0,1
lqr_sysid_csv,73175,300,sample,868,-12,10,0,0,0,0,0,-83,302,301,0,0,1
lqr_sysid_csv,73186,300,sample,869,-12,10,0,0,0,0,0,-83,302,301,0,0,1
lqr_sysid_csv,73197,300,sample,870,-12,10,0,0,0,0,0,-83,302,301,0,0,1
lqr_sysid_csv,73207,300,sample,871,-12,10,0,0,0,0,0,-83,302,301,0,0,1
lqr_sysid_csv,73218,300,sample,872,-12,10,0,0,0,0,0,-83,302,301,0,0,1
lqr_sysid_csv,73228,300,sample,873,-12,10,0,0,0,0,0,-83,302,301,0,0,1
lqr_sysid_csv,73239,300,sample,874,-12,10,0,0,0,0,0,-83,302,301,0,0,1
lqr_sysid_csv,73249,300,sample,875,-12,10,0,0,0,0,0,-83,302,301,0,0,1
lqr_sysid_csv,73260,300,sample,876,-12,10,0,0,0,0,0,-83,302,301,0,0,1
lqr_sysid_csv,73270,300,sample,877,-12,10,0,0,0,0,0,-83,302,301,0,0,1
lqr_sysid_csv,73280,300,sample,878,-12,10,0,0,0,0,0,-83,302,301,0,0,1
lqr_sysid_csv,73291,300,sample,879,-12,10,0,0,0,0,0,-83,302,301,0,0,1
lqr_sysid_csv,73302,300,sample,880,-12,10,0,0,0,0,0,-83,302,301,0,0,1
lqr_sysid_csv,73312,300,sample,881,-12,10,0,0,0,0,0,-83,302,301,0,0,1
lqr_sysid_csv,73329,300,sample,882,-12,10,0,0,0,0,0,-83,302,301,0,0,1
lqr_sysid_csv,73339,300,sample,883,-12,10,0,0,0,0,0,-83,302,301,0,0,1
lqr_sysid_csv,73357,300,sample,884,-12,10,0,0,0,0,0,-83,302,301,0,0,1
lqr_sysid_csv,73367,300,sample,885,-12,10,0,0,0,0,0,-83,302,301,0,0,1
lqr_sysid_csv,73377,300,sample,886,-12,10,0,0,0,0,0,-83,302,301,0,0,1
lqr_sysid_csv,73388,300,sample,887,-12,10,0,0,0,0,0,-83,302,301,0,0,1
lqr_sysid_csv,73399,300,sample,888,-12,10,0,0,0,0,0,-83,302,301,0,0,1
lqr_sysid_csv,73409,300,sample,889,-12,10,0,0,0,0,0,-83,302,301,0,0,1
lqr_sysid_csv,73420,300,sample,890,-12,10,0,0,0,0,0,-83,302,301,0,0,1
lqr_sysid_csv,73431,300,sample,891,-12,10,0,0,0,0,0,-83,302,301,0,0,1
lqr_sysid_csv,73441,300,sample,892,-12,10,0,0,0,0,0,-83,302,301,0,0,1
lqr_sysid_csv,73452,300,sample,893,-12,10,0,0,0,0,0,-83,302,301,0,0,1
lqr_sysid_csv,73463,300,sample,894,-12,10,0,0,0,0,0,-83,302,301,0,0,1
lqr_sysid_csv,73473,300,sample,895,-12,10,0,0,0,0,0,-83,302,301,0,0,1
lqr_sysid_csv,73483,300,sample,896,-12,10,0,0,0,0,0,-83,302,301,0,0,1
lqr_sysid_csv,73493,300,sample,897,-12,10,0,0,0,0,0,-83,302,301,0,0,1
lqr_sysid_csv,73510,300,sample,898,-12,10,0,0,0,0,0,-83,302,301,0,0,1
lqr_sysid_csv,73521,300,sample,899,-12,10,0,0,0,0,0,-83,302,301,0,0,1
lqr_sysid_csv,73531,300,sample,900,-12,10,0,0,0,0,0,-83,302,301,0,0,1
lqr_sysid_csv,73542,300,sample,901,-12,10,0,0,0,0,0,-83,302,301,0,0,1
lqr_sysid_csv,73552,300,sample,902,-12,10,0,0,0,0,0,-83,302,301,0,0,1
lqr_sysid_csv,73564,300,sample,903,-12,10,0,0,0,0,0,-83,302,301,0,0,1
lqr_sysid_csv,73574,300,sample,904,-12,10,0,0,0,0,0,-83,302,301,0,0,1
lqr_sysid_csv,73585,300,sample,905,-12,10,0,0,0,0,0,-83,302,301,0,0,1
lqr_sysid_csv,73595,300,sample,906,-12,10,0,0,0,0,0,-83,302,301,0,0,1
lqr_sysid_csv,73605,300,sample,907,-12,10,0,0,0,0,0,-83,302,301,0,0,1
lqr_sysid_csv,73616,300,sample,908,-12,10,0,0,0,0,0,-83,302,301,0,0,1
lqr_sysid_csv,73627,300,sample,909,-12,10,0,0,0,0,0,-83,302,301,0,0,1
lqr_sysid_csv,73637,300,sample,910,-12,10,0,0,0,0,0,-83,302,301,0,0,1
lqr_sysid_csv,73654,300,sample,911,-12,10,0,0,0,0,0,-83,302,301,0,0,1
lqr_sysid_csv,73665,300,sample,912,-12,10,0,0,0,0,0,-83,302,301,0,0,1
lqr_sysid_csv,73675,300,sample,913,-12,10,0,0,0,0,0,-83,302,301,0,0,1
lqr_sysid_csv,73685,300,sample,914,-12,10,0,0,0,0,0,-83,302,301,0,0,1
lqr_sysid_csv,73696,300,sample,915,-12,10,0,0,0,0,0,-83,302,301,0,0,1
lqr_sysid_csv,73714,300,sample,916,-12,10,0,0,0,0,0,316,302,301,0,0,1
lqr_sysid_csv,73724,300,sample,917,-12,10,0,0,0,0,0,316,302,301,0,0,1
lqr_sysid_csv,73741,300,sample,918,-12,10,0,0,0,0,0,313,302,301,0,0,1
lqr_sysid_csv,73752,300,sample,919,-12,10,0,0,0,0,0,315,302,301,0,0,1
lqr_sysid_csv,73762,300,sample,920,-12,10,0,0,0,0,0,316,302,301,0,0,1
lqr_sysid_csv,73773,300,sample,921,-12,10,0,0,0,0,0,316,302,301,0,0,1
lqr_sysid_csv,73784,300,sample,922,-12,10,0,0,0,0,0,316,302,301,0,0,1
lqr_sysid_csv,73794,300,sample,923,-12,10,0,0,0,0,0,316,302,301,0,0,1
lqr_sysid_csv,73805,300,sample,924,-12,10,0,0,0,0,0,316,302,301,0,0,1
lqr_sysid_csv,73815,300,sample,925,-12,10,0,0,0,0,0,316,302,301,0,0,1
lqr_sysid_csv,73832,300,sample,926,-12,10,0,0,0,0,0,316,302,301,0,0,1
lqr_sysid_csv,73843,300,sample,927,-12,10,0,0,0,0,0,316,302,301,0,0,1
lqr_sysid_csv,73853,300,sample,928,-12,10,0,0,0,0,0,316,302,301,0,0,1
lqr_sysid_csv,73864,300,sample,929,-12,10,0,0,0,0,0,316,302,301,0,0,1
lqr_sysid_csv,73874,300,sample,930,-12,10,0,0,0,0,0,316,302,301,0,0,1
lqr_sysid_csv,73885,300,sample,931,-12,10,0,0,0,0,0,316,302,301,0,0,1
lqr_sysid_csv,73896,300,sample,932,-12,10,0,0,0,0,0,316,302,301,0,0,1
lqr_sysid_csv,73906,300,sample,933,-12,10,0,0,0,0,0,316,302,301,0,0,1
lqr_sysid_csv,73917,300,sample,934,-12,10,0,0,0,0,0,316,302,301,0,0,1
lqr_sysid_csv,73928,300,sample,935,-12,10,0,0,0,0,0,316,302,301,0,0,1
lqr_sysid_csv,73938,300,sample,936,-12,10,0,0,0,0,0,316,302,301,0,0,1
lqr_sysid_csv,73949,300,sample,937,-12,10,0,0,0,0,0,316,302,301,0,0,1
lqr_sysid_csv,73959,300,sample,938,-12,10,0,0,0,0,0,316,302,301,0,0,1
lqr_sysid_csv,73970,300,sample,939,-12,10,0,0,0,0,0,316,302,301,0,0,1
lqr_sysid_csv,73980,300,sample,940,-12,10,0,0,0,0,0,316,302,301,0,0,1
lqr_sysid_csv,73991,300,sample,941,-12,10,0,0,0,0,0,316,302,301,0,0,1
lqr_sysid_csv,74001,300,sample,942,-12,10,0,0,0,0,0,316,302,301,0,0,1
lqr_sysid_csv,74012,300,sample,943,-12,10,0,0,0,0,0,316,302,301,0,0,1
lqr_sysid_csv,74022,300,sample,944,-12,10,0,0,0,0,0,316,302,301,0,0,1
lqr_sysid_csv,74032,300,sample,945,-12,10,0,0,0,0,0,-83,302,301,0,0,1
lqr_sysid_csv,74043,300,sample,946,-12,10,0,0,0,0,0,-83,302,301,0,0,1
lqr_sysid_csv,74053,300,sample,947,-12,10,0,0,0,0,0,-83,302,301,0,0,1
lqr_sysid_csv,74064,300,sample,948,-12,10,0,0,0,0,0,-83,302,301,0,0,1
lqr_sysid_csv,74074,300,sample,949,-12,10,0,0,0,0,0,-83,302,301,0,0,1
lqr_sysid_csv,74085,300,sample,950,-12,5,0,0,0,0,0,-80,302,301,0,0,1
lqr_sysid_csv,74095,300,sample,951,-12,5,0,0,0,0,0,-78,302,301,0,0,1
lqr_sysid_csv,74106,300,sample,952,-12,5,0,0,0,0,0,-78,302,301,0,0,1
lqr_sysid_csv,74116,300,sample,953,-12,10,0,0,0,0,0,-80,302,301,0,0,1
lqr_sysid_csv,74126,300,sample,954,-12,10,0,0,0,0,0,-82,302,301,0,0,1
lqr_sysid_csv,74143,300,sample,955,-12,10,0,0,0,0,0,-83,302,301,0,0,1
lqr_sysid_csv,74154,300,sample,956,-12,10,0,0,0,0,0,-83,302,301,0,0,1
lqr_sysid_csv,74165,300,sample,957,-12,10,0,0,0,0,0,-83,302,301,0,0,1
lqr_sysid_csv,74175,300,sample,958,-12,10,0,0,0,0,0,-83,302,301,0,0,1
lqr_sysid_csv,74186,300,sample,959,-12,10,0,0,0,0,0,-83,302,301,0,0,1
lqr_sysid_csv,74196,300,sample,960,-12,10,0,0,0,0,0,-83,302,301,0,0,1
lqr_sysid_csv,74207,300,sample,961,-12,10,0,0,0,0,0,-83,302,301,0,0,1
lqr_sysid_csv,74218,300,sample,962,-12,10,0,0,0,0,0,-83,302,301,0,0,1
lqr_sysid_csv,74228,300,sample,963,-12,10,0,0,0,0,0,-83,302,301,0,0,1
lqr_sysid_csv,74239,300,sample,964,-12,10,0,0,0,0,0,-83,302,301,0,0,1
lqr_sysid_csv,74249,300,sample,965,-12,10,0,0,0,0,0,-83,302,301,0,0,1
lqr_sysid_csv,74260,300,sample,966,-12,10,0,0,0,0,0,-83,302,301,0,0,1
lqr_sysid_csv,74270,300,sample,967,-12,10,0,0,0,0,0,-83,302,301,0,0,1
lqr_sysid_csv,74281,300,sample,968,-12,10,0,0,0,0,0,-83,302,301,0,0,1
lqr_sysid_csv,74292,300,sample,969,-12,10,0,0,0,0,0,-83,302,301,0,0,1
lqr_sysid_csv,74303,300,sample,970,-12,10,0,0,0,0,0,-83,302,301,0,0,1
lqr_sysid_csv,74313,300,sample,971,-12,10,0,0,0,0,0,-83,302,301,0,0,1
lqr_sysid_csv,74324,300,sample,972,-12,10,0,0,0,0,0,-83,302,301,0,0,1
lqr_sysid_csv,74334,300,sample,973,-12,10,0,0,0,0,0,-83,302,301,0,0,1
lqr_sysid_csv,74345,300,sample,974,-12,10,0,0,0,0,0,-83,302,301,0,0,1
lqr_sysid_csv,74355,300,sample,975,-12,10,0,0,0,0,0,-83,302,301,0,0,1
lqr_sysid_csv,74366,300,sample,976,-12,10,0,0,0,0,0,316,302,301,0,0,1
lqr_sysid_csv,74377,300,sample,977,-12,10,0,0,0,0,0,316,302,301,0,0,1
lqr_sysid_csv,74387,300,sample,978,-12,10,0,0,0,0,0,316,302,301,0,0,1
lqr_sysid_csv,74398,300,sample,979,-12,10,0,0,0,0,0,316,302,301,0,0,1
lqr_sysid_csv,74408,300,sample,980,-12,10,0,0,0,0,0,316,302,301,0,0,1
lqr_sysid_csv,74419,300,sample,981,-12,10,0,0,0,0,0,316,302,301,0,0,1
lqr_sysid_csv,74430,300,sample,982,-12,10,0,0,0,0,0,316,302,301,0,0,1
lqr_sysid_csv,74441,300,sample,983,-12,10,0,0,0,0,0,316,302,301,0,0,1
lqr_sysid_csv,74451,300,sample,984,-12,10,0,0,0,0,0,316,302,301,0,0,1
lqr_sysid_csv,74462,300,sample,985,-12,10,0,0,0,0,0,316,302,301,0,0,1
lqr_sysid_csv,74472,300,sample,986,-12,10,0,0,0,0,0,316,302,301,0,0,1
lqr_sysid_csv,74483,300,sample,987,-12,10,0,0,0,0,0,316,302,301,0,0,1
lqr_sysid_csv,74493,300,sample,988,-12,10,0,0,0,0,0,316,302,301,0,0,1
lqr_sysid_csv,74504,300,sample,989,-12,10,0,0,0,0,0,316,302,301,0,0,1
lqr_sysid_csv,74514,300,sample,990,-12,10,0,0,0,0,0,316,302,301,0,0,1
lqr_sysid_csv,74525,300,sample,991,-12,10,0,0,0,0,0,316,302,301,0,0,1
lqr_sysid_csv,74536,300,sample,992,-12,10,0,0,0,0,0,316,302,301,0,0,1
lqr_sysid_csv,74546,300,sample,993,-12,10,0,0,0,0,0,316,302,301,0,0,1
lqr_sysid_csv,74557,300,sample,994,-12,10,0,0,0,0,0,316,302,301,0,0,1
lqr_sysid_csv,74567,300,sample,995,-12,10,0,0,0,0,0,316,302,301,0,0,1
lqr_sysid_csv,74578,300,sample,996,-12,10,0,0,0,0,0,316,302,301,0,0,1
lqr_sysid_csv,74588,300,sample,997,-12,10,0,0,0,0,0,316,302,301,0,0,1
lqr_sysid_csv,74599,300,sample,998,-12,10,0,0,0,0,0,316,302,301,0,0,1
lqr_sysid_csv,74609,300,sample,999,-12,10,0,0,0,0,0,316,302,301,0,0,1
lqr_sysid_csv,74620,300,sample,1000,-12,10,0,0,0,0,0,316,302,301,0,0,1
lqr_sysid_csv,74630,300,sample,1001,-12,10,0,0,0,0,0,316,302,301,0,0,1
lqr_sysid_csv,74641,300,sample,1002,-12,10,0,0,0,0,0,316,302,301,0,0,1
lqr_sysid_csv,74652,300,sample,1003,-12,10,0,0,0,0,0,316,302,301,0,0,1
lqr_sysid_csv,74662,300,sample,1004,-12,10,0,0,0,0,0,316,302,301,0,0,1
lqr_sysid_csv,74673,300,sample,1005,-12,10,0,0,0,0,0,316,302,301,0,0,1
lqr_sysid_csv,74683,300,sample,1006,-12,10,0,0,0,0,0,316,302,301,0,0,1
lqr_sysid_csv,74694,300,sample,1007,-12,10,0,0,0,0,0,316,302,301,0,0,1
lqr_sysid_csv,74705,300,sample,1008,-12,10,0,0,0,0,0,316,302,301,0,0,1
lqr_sysid_csv,74716,300,sample,1009,-12,10,0,0,0,0,0,316,302,301,0,0,1
lqr_sysid_csv,74728,300,sample,1010,-12,10,0,0,0,0,0,316,302,301,0,0,1
lqr_sysid_csv,74738,300,sample,1011,-12,10,0,0,0,0,0,316,302,301,0,0,1
lqr_sysid_csv,74749,300,sample,1012,-12,10,0,0,0,0,0,316,302,301,0,0,1
lqr_sysid_csv,74766,300,sample,1013,-12,10,0,0,0,0,0,316,302,301,0,0,1
lqr_sysid_csv,74776,300,sample,1014,-12,10,0,0,0,0,0,316,302,301,0,0,1
lqr_sysid_csv,74787,300,sample,1015,-12,10,0,0,0,0,0,316,302,301,0,0,1
lqr_sysid_csv,74805,300,sample,1016,-12,10,0,0,0,0,0,316,302,301,0,0,1
lqr_sysid_csv,74815,300,sample,1017,-12,10,0,0,0,0,0,316,302,301,0,0,1
lqr_sysid_csv,74826,300,sample,1018,-12,10,0,0,0,0,0,316,302,301,0,0,1
lqr_sysid_csv,74836,300,sample,1019,-12,10,0,0,0,0,0,316,302,301,0,0,1
lqr_sysid_csv,74847,300,sample,1020,-12,10,0,0,0,0,0,316,302,301,0,0,1
lqr_sysid_csv,74858,300,sample,1021,-12,10,0,0,0,0,0,316,302,301,0,0,1
lqr_sysid_csv,74868,300,sample,1022,-12,10,0,0,0,0,0,316,302,301,0,0,1
lqr_sysid_csv,74879,300,sample,1023,-12,10,0,0,0,0,0,316,302,301,0,0,1
lqr_sysid_csv,74890,300,sample,1024,-12,10,0,0,0,0,0,316,302,301,0,0,1
lqr_sysid_csv,74900,300,sample,1025,-12,10,0,0,0,0,0,316,302,301,0,0,1
lqr_sysid_csv,74917,300,sample,1026,-12,10,0,0,0,0,0,316,302,301,0,0,1
lqr_sysid_csv,74928,300,sample,1027,-12,10,0,0,0,0,0,316,302,301,0,0,1
lqr_sysid_csv,74939,300,sample,1028,-12,10,0,0,0,0,0,316,302,301,0,0,1
lqr_sysid_csv,74949,300,sample,1029,-12,10,0,0,0,0,0,316,302,301,0,0,1
lqr_sysid_csv,74960,300,sample,1030,-12,10,0,0,0,0,0,316,302,301,0,0,1
lqr_sysid_csv,74970,300,sample,1031,-12,10,0,0,0,0,0,316,302,301,0,0,1
lqr_sysid_csv,74981,300,sample,1032,-12,10,0,0,0,0,0,316,302,301,0,0,1
lqr_sysid_csv,74992,300,sample,1033,-12,10,0,0,0,0,0,316,302,301,0,0,1
lqr_sysid_csv,75003,300,sample,1034,-12,10,0,0,0,0,0,316,302,301,0,0,1
lqr_sysid_csv,75015,300,sample,1035,-12,10,0,0,0,0,0,316,302,301,0,0,1
lqr_sysid_csv,75025,300,sample,1036,-12,10,0,0,0,0,0,316,302,301,0,0,1
lqr_sysid_csv,75036,300,sample,1037,-12,10,0,0,0,0,0,-83,302,301,0,0,1
lqr_sysid_csv,75046,300,sample,1038,-12,10,0,0,0,0,0,-83,302,301,0,0,1
lqr_sysid_csv,75057,300,sample,1039,-12,10,0,0,0,0,0,-83,302,301,0,0,1
lqr_sysid_csv,75067,300,sample,1040,-12,10,0,0,0,0,0,-83,302,301,0,0,1
lqr_sysid_csv,75078,300,sample,1041,-12,5,0,0,0,0,0,-80,302,301,0,0,1
lqr_sysid_csv,75089,300,sample,1042,-12,5,0,0,0,0,0,-78,302,301,0,0,1
lqr_sysid_csv,75099,300,sample,1043,-12,5,0,0,0,0,0,-78,302,301,0,0,1
lqr_sysid_csv,75109,300,sample,1044,-12,5,0,0,0,0,0,-77,302,301,0,0,1
lqr_sysid_csv,75127,300,sample,1045,-12,10,0,0,0,0,0,-82,302,301,0,0,1
lqr_sysid_csv,75137,300,sample,1046,-12,10,0,0,0,0,0,-83,302,301,0,0,1
lqr_sysid_csv,75148,300,sample,1047,-12,10,0,0,0,0,0,-83,302,301,0,0,1
lqr_sysid_csv,75158,300,sample,1048,-12,10,0,0,0,0,0,-83,302,301,0,0,1
lqr_sysid_csv,75169,300,sample,1049,-12,10,0,0,0,0,0,-83,302,301,0,0,1
lqr_sysid_csv,75186,300,sample,1050,-12,10,0,0,0,0,0,-83,302,301,0,0,1
lqr_sysid_csv,75197,300,sample,1051,-12,10,0,0,0,0,0,-83,302,301,0,0,1
lqr_sysid_csv,75208,300,sample,1052,-12,10,0,0,0,0,0,-83,302,301,0,0,1
lqr_sysid_csv,75218,300,sample,1053,-12,10,0,0,0,0,0,-83,302,301,0,0,1
lqr_sysid_csv,75230,300,sample,1054,-12,10,0,0,0,0,0,-83,302,301,0,0,1
lqr_sysid_csv,75240,300,sample,1055,-12,10,0,0,0,0,0,-83,302,301,0,0,1
lqr_sysid_csv,75251,300,sample,1056,-12,10,0,0,0,0,0,-83,302,301,0,0,1
lqr_sysid_csv,75261,300,sample,1057,-12,10,0,0,0,0,0,-83,302,301,0,0,1
lqr_sysid_csv,75272,300,sample,1058,-12,10,0,0,0,0,0,-83,302,301,0,0,1
lqr_sysid_csv,75282,300,sample,1059,-12,10,0,0,0,0,0,-82,302,301,0,0,1
lqr_sysid_csv,75293,300,sample,1060,-12,10,0,0,0,0,0,-82,302,301,0,0,1
lqr_sysid_csv,75304,300,sample,1061,-12,10,0,0,0,0,0,-82,302,301,0,0,1
lqr_sysid_csv,75314,300,sample,1062,-12,10,0,0,0,0,0,-82,302,301,0,0,1
lqr_sysid_csv,75325,300,sample,1063,-12,10,0,0,0,0,0,-82,302,301,0,0,1
lqr_sysid_csv,75336,300,sample,1064,-12,10,0,0,0,0,0,-82,302,301,0,0,1
lqr_sysid_csv,75346,300,sample,1065,-12,10,0,0,0,0,0,-82,302,301,0,0,1
lqr_sysid_csv,75364,300,sample,1066,-12,10,0,0,0,0,0,317,302,301,0,0,1
lqr_sysid_csv,75374,300,sample,1067,-12,10,0,0,0,0,0,317,302,301,0,0,1
lqr_sysid_csv,75385,300,sample,1068,-12,10,0,0,0,0,0,317,302,301,0,0,1
lqr_sysid_csv,75395,300,sample,1069,-12,10,0,0,0,0,0,317,302,301,0,0,1
lqr_sysid_csv,75406,300,sample,1070,-12,10,0,0,0,0,0,317,302,301,0,0,1
lqr_sysid_csv,75424,300,sample,1071,-12,10,0,0,0,0,0,316,302,301,0,0,1
lqr_sysid_csv,75434,300,sample,1072,-12,10,0,0,0,0,0,317,302,301,0,0,1
lqr_sysid_csv,75445,300,sample,1073,-12,10,0,0,0,0,0,317,302,301,0,0,1
lqr_sysid_csv,75456,300,sample,1074,-12,10,0,0,0,0,0,317,302,301,0,0,1
lqr_sysid_csv,75467,300,sample,1075,-12,10,0,0,0,0,0,317,302,301,0,0,1
lqr_sysid_csv,75478,300,sample,1076,-12,10,0,0,0,0,0,317,302,301,0,0,1
lqr_sysid_csv,75489,300,sample,1077,-12,10,0,0,0,0,0,317,302,301,0,0,1
lqr_sysid_csv,75506,300,sample,1078,-12,10,0,0,0,0,0,317,302,301,0,0,1
lqr_sysid_csv,75516,300,sample,1079,-12,10,0,0,0,0,0,317,302,301,0,0,1
lqr_sysid_csv,75527,300,sample,1080,-12,10,0,0,0,0,0,317,302,301,0,0,1
lqr_sysid_csv,75538,300,sample,1081,-12,10,0,0,0,0,0,317,302,301,0,0,1
lqr_sysid_csv,75549,300,sample,1082,-12,10,0,0,0,0,0,317,302,301,0,0,1
lqr_sysid_csv,75560,300,sample,1083,-12,10,0,0,0,0,0,317,302,301,0,0,1
lqr_sysid_csv,75571,300,sample,1084,-12,10,0,0,0,0,0,317,302,301,0,0,1
lqr_sysid_csv,75581,300,sample,1085,-12,10,0,0,0,0,0,317,302,301,0,0,1
lqr_sysid_csv,75598,300,sample,1086,-12,10,0,0,0,0,0,317,302,301,0,0,1
lqr_sysid_csv,75609,300,sample,1087,-12,10,0,0,0,0,0,317,302,301,0,0,1
lqr_sysid_csv,75620,300,sample,1088,-12,10,0,0,0,0,0,317,302,301,0,0,1
lqr_sysid_csv,75631,300,sample,1089,-12,10,0,0,0,0,0,317,302,301,0,0,1
lqr_sysid_csv,75642,300,sample,1090,-12,10,0,0,0,0,0,317,302,301,0,0,1
lqr_sysid_csv,75653,300,sample,1091,-12,10,0,0,0,0,0,317,302,301,0,0,1
lqr_sysid_csv,75664,300,sample,1092,-12,10,0,0,0,0,0,317,302,301,0,0,1
lqr_sysid_csv,75675,300,sample,1093,-12,10,0,0,0,0,0,317,302,301,0,0,1
lqr_sysid_csv,75686,300,sample,1094,-12,10,0,0,0,0,0,317,302,301,0,0,1
lqr_sysid_csv,75703,300,sample,1095,-12,10,0,0,0,0,0,317,302,301,0,0,1
lqr_sysid_csv,75714,300,sample,1096,-12,10,0,0,0,0,0,317,302,301,0,0,1
lqr_sysid_csv,75731,300,sample,1097,-12,10,0,0,0,0,0,317,302,301,0,0,1
lqr_sysid_csv,75742,300,sample,1098,-12,10,0,0,0,0,0,317,302,301,0,0,1
lqr_sysid_csv,75753,300,sample,1099,-12,10,0,0,0,0,0,317,302,301,0,0,1
lqr_sysid_csv,75763,300,sample,1100,-12,10,0,0,0,0,0,317,302,301,0,0,1
lqr_sysid_csv,75774,300,sample,1101,-12,10,0,0,0,0,0,317,302,301,0,0,1
lqr_sysid_csv,75784,300,sample,1102,-12,10,0,0,0,0,0,317,302,301,0,0,1
lqr_sysid_csv,75801,300,sample,1103,-12,10,0,0,0,0,0,317,302,301,0,0,1
lqr_sysid_csv,75812,300,sample,1104,-12,10,0,0,0,0,0,317,302,301,0,0,1
lqr_sysid_csv,75822,300,sample,1105,-12,10,0,0,0,0,0,317,302,301,0,0,1
lqr_sysid_csv,75833,300,sample,1106,-12,10,0,0,0,0,0,317,302,301,0,0,1
lqr_sysid_csv,75843,300,sample,1107,-12,10,0,0,0,0,0,317,302,301,0,0,1
lqr_sysid_csv,75854,300,sample,1108,-12,10,0,0,0,0,0,317,302,301,0,0,1
lqr_sysid_csv,75865,300,sample,1109,-12,10,0,0,0,0,0,317,302,301,0,0,1
lqr_sysid_csv,75876,300,sample,1110,-12,10,0,0,0,0,0,317,302,301,0,0,1
lqr_sysid_csv,75887,300,sample,1111,-12,10,0,0,0,0,0,317,302,301,0,0,1
lqr_sysid_csv,75904,300,sample,1112,-12,10,0,0,0,0,0,317,302,301,0,0,1
lqr_sysid_csv,75915,300,sample,1113,-12,10,0,0,0,0,0,317,302,301,0,0,1
lqr_sysid_csv,75926,300,sample,1114,-12,10,0,0,0,0,0,317,302,301,0,0,1
lqr_sysid_csv,75936,300,sample,1115,-12,10,0,0,0,0,0,317,302,301,0,0,1
lqr_sysid_csv,75947,300,sample,1116,-12,10,0,0,0,0,0,317,302,301,0,0,1
lqr_sysid_csv,75958,300,sample,1117,-12,10,0,0,0,0,0,317,302,301,0,0,1
lqr_sysid_csv,75968,300,sample,1118,-12,10,0,0,0,0,0,317,302,301,0,0,1
lqr_sysid_csv,75980,300,sample,1119,-12,10,0,0,0,0,0,317,302,301,0,0,1
lqr_sysid_csv,75990,300,sample,1120,-12,10,0,0,0,0,0,317,302,301,0,0,1
lqr_sysid_csv,76001,300,sample,1121,-12,10,0,0,0,0,0,317,302,301,0,0,1
lqr_sysid_csv,76012,300,sample,1122,-12,10,0,0,0,0,0,317,302,301,0,0,1
lqr_sysid_csv,76023,300,sample,1123,-12,10,0,0,0,0,0,-82,302,301,0,0,1
lqr_sysid_csv,76034,300,sample,1124,-12,10,0,0,0,0,0,-82,302,301,0,0,1
lqr_sysid_csv,76044,300,sample,1125,-12,10,0,0,0,0,0,-82,302,301,0,0,1
lqr_sysid_csv,76061,300,sample,1126,-12,5,0,0,0,0,0,-78,302,301,0,0,1
lqr_sysid_csv,76072,300,sample,1127,-12,5,0,0,0,0,0,-77,302,301,0,0,1
lqr_sysid_csv,76082,300,sample,1128,-12,10,0,0,0,0,0,-78,302,301,0,0,1
lqr_sysid_csv,76093,300,sample,1129,-12,10,0,0,0,0,0,-81,302,301,0,0,1
lqr_sysid_csv,76104,300,sample,1130,-12,10,0,0,0,0,0,-82,302,301,0,0,1
lqr_sysid_csv,76121,300,sample,1131,-12,10,0,0,0,0,0,-82,302,301,0,0,1
lqr_sysid_csv,76132,300,sample,1132,-12,10,0,0,0,0,0,-82,302,301,0,0,1
lqr_sysid_csv,76142,300,sample,1133,-12,10,0,0,0,0,0,-82,302,301,0,0,1
lqr_sysid_csv,76153,300,sample,1134,-12,10,0,0,0,0,0,-82,302,301,0,0,1
lqr_sysid_csv,76164,300,sample,1135,-12,10,0,0,0,0,0,-82,302,301,0,0,1
lqr_sysid_csv,76175,300,sample,1136,-12,10,0,0,0,0,0,-82,302,301,0,0,1
lqr_sysid_csv,76186,300,sample,1137,-12,10,0,0,0,0,0,-82,302,301,0,0,1
lqr_sysid_csv,76196,300,sample,1138,-12,10,0,0,0,0,0,-82,302,301,0,0,1
lqr_sysid_csv,76206,300,sample,1139,-12,10,0,0,0,0,0,-82,302,301,0,0,1
lqr_sysid_csv,76217,300,sample,1140,-12,10,0,0,0,0,0,-82,302,301,0,0,1
lqr_sysid_csv,76227,300,sample,1141,-12,10,0,0,0,0,0,-82,302,301,0,0,1
lqr_sysid_csv,76238,300,sample,1142,-12,10,0,0,0,0,0,-82,302,301,0,0,1
lqr_sysid_csv,76249,300,sample,1143,-12,10,0,0,0,0,0,-82,302,301,0,0,1
lqr_sysid_csv,76260,300,sample,1144,-12,10,0,0,0,0,0,-82,302,301,0,0,1
lqr_sysid_csv,76270,300,sample,1145,-12,10,0,0,0,0,0,-82,302,301,0,0,1
lqr_sysid_csv,76281,300,sample,1146,-12,10,0,0,0,0,0,-82,302,301,0,0,1
lqr_sysid_csv,76292,300,sample,1147,-12,10,0,0,0,0,0,-82,302,301,0,0,1
lqr_sysid_csv,76302,300,sample,1148,-12,10,0,0,0,0,0,-82,302,301,0,0,1
lqr_sysid_csv,76320,300,sample,1149,-12,10,0,0,0,0,0,-82,302,301,0,0,1
lqr_sysid_csv,76330,300,sample,1150,-12,10,0,0,0,0,0,-82,302,301,0,0,1
lqr_sysid_csv,76341,300,sample,1151,-12,10,0,0,0,0,0,-82,302,301,0,0,1
lqr_sysid_csv,76352,300,sample,1152,-12,10,0,0,0,0,0,317,302,301,0,0,1
lqr_sysid_csv,76363,300,sample,1153,-12,10,0,0,0,0,0,317,302,301,0,0,1
lqr_sysid_csv,76374,300,sample,1154,-12,10,0,0,0,0,0,317,302,301,0,0,1
lqr_sysid_csv,76385,300,sample,1155,-12,10,0,0,0,0,0,317,302,301,0,0,1
lqr_sysid_csv,76395,300,sample,1156,-12,10,0,0,0,0,0,317,302,301,0,0,1
lqr_sysid_csv,76407,300,sample,1157,-12,10,0,0,0,0,0,316,302,301,0,0,1
lqr_sysid_csv,76417,300,sample,1158,-12,10,0,0,0,0,0,316,302,301,0,0,1
lqr_sysid_csv,76428,300,sample,1159,-12,10,0,0,0,0,0,316,302,301,0,0,1
lqr_sysid_csv,76438,300,sample,1160,-12,10,0,0,0,0,0,316,302,301,0,0,1
lqr_sysid_csv,76449,300,sample,1161,-12,10,0,0,0,0,0,316,302,301,0,0,1
lqr_sysid_csv,76460,300,sample,1162,-12,10,0,0,0,0,0,316,302,301,0,0,1
lqr_sysid_csv,76478,300,sample,1163,-12,10,0,0,0,0,0,316,302,301,0,0,1
lqr_sysid_csv,76488,300,sample,1164,-12,10,0,0,0,0,0,316,302,301,0,0,1
lqr_sysid_csv,76499,300,sample,1165,-12,10,0,0,0,0,0,316,302,301,0,0,1
lqr_sysid_csv,76509,300,sample,1166,-12,10,0,0,0,0,0,316,302,301,0,0,1
lqr_sysid_csv,76520,300,sample,1167,-12,10,0,0,0,0,0,316,302,301,0,0,1
lqr_sysid_csv,76531,300,sample,1168,-12,10,0,0,0,0,0,316,302,301,0,0,1
lqr_sysid_csv,76541,300,sample,1169,-12,10,0,0,0,0,0,316,302,301,0,0,1
lqr_sysid_csv,76552,300,sample,1170,-12,10,0,0,0,0,0,316,302,301,0,0,1
lqr_sysid_csv,76563,300,sample,1171,-12,10,0,0,0,0,0,316,302,301,0,0,1
lqr_sysid_csv,76574,300,sample,1172,-12,10,0,0,0,0,0,316,302,301,0,0,1
lqr_sysid_csv,76585,300,sample,1173,-12,10,0,0,0,0,0,316,302,301,0,0,1
lqr_sysid_csv,76596,300,sample,1174,-12,10,0,0,0,0,0,316,302,301,0,0,1
lqr_sysid_csv,76607,300,sample,1175,-12,10,0,0,0,0,0,316,302,301,0,0,1
lqr_sysid_csv,76618,300,sample,1176,-12,10,0,0,0,0,0,316,302,301,0,0,1
lqr_sysid_csv,76629,300,sample,1177,-12,10,0,0,0,0,0,316,302,301,0,0,1
lqr_sysid_csv,76640,300,sample,1178,-12,10,0,0,0,0,0,316,302,301,0,0,1
lqr_sysid_csv,76651,300,sample,1179,-12,10,0,0,0,0,0,316,302,301,0,0,1
lqr_sysid_csv,76668,300,sample,1180,-12,10,0,0,0,0,0,316,302,301,0,0,1
lqr_sysid_csv,76679,300,sample,1181,-12,10,0,0,0,0,0,316,302,301,0,0,1
lqr_sysid_csv,76689,300,sample,1182,-12,10,0,0,0,0,0,316,302,301,0,0,1
lqr_sysid_csv,76700,300,sample,1183,-12,10,0,0,0,0,0,316,302,301,0,0,1
lqr_sysid_csv,76711,300,sample,1184,-12,21,0,0,0,0,0,307,302,301,0,0,1
lqr_sysid_csv,76722,300,sample,1185,-12,21,0,0,0,0,0,302,302,301,0,0,1
lqr_sysid_csv,76732,300,sample,1186,-12,21,0,0,0,0,0,300,302,301,0,0,1
lqr_sysid_csv,76743,300,sample,1187,-12,10,0,0,0,0,0,304,302,301,0,0,1
lqr_sysid_csv,76754,300,sample,1188,-12,10,0,0,0,0,0,308,302,301,0,0,1
lqr_sysid_csv,76765,300,sample,1189,-12,10,0,0,0,0,0,309,302,301,0,0,1
lqr_sysid_csv,76775,300,sample,1190,-12,10,0,0,0,0,0,309,302,301,0,0,1
lqr_sysid_csv,76786,300,sample,1191,-12,10,0,0,0,0,0,309,302,301,0,0,1
lqr_sysid_csv,76797,300,sample,1192,-12,10,0,0,0,0,0,309,302,301,0,0,1
lqr_sysid_csv,76807,300,sample,1193,-12,10,0,0,0,0,0,309,302,301,0,0,1
lqr_sysid_csv,76818,300,sample,1194,-12,10,0,0,0,0,0,309,302,301,0,0,1
lqr_sysid_csv,76836,300,sample,1195,-12,10,0,0,0,0,0,309,302,301,0,0,1
lqr_sysid_csv,76846,300,sample,1196,-12,10,0,0,0,0,0,309,302,301,0,0,1
lqr_sysid_csv,76857,300,sample,1197,-12,10,0,0,0,0,0,309,302,301,0,0,1
lqr_sysid_csv,76868,300,sample,1198,-12,10,0,0,0,0,0,309,302,301,0,0,1
lqr_sysid_csv,76879,300,sample,1199,-12,10,0,0,0,0,0,309,302,301,0,0,1
lqr_sysid_csv,76890,300,sample,1200,-12,10,0,0,0,0,0,309,302,301,0,0,1
lqr_sysid_csv,76900,300,sample,1201,-12,10,0,0,0,0,0,309,302,301,0,0,1
lqr_sysid_csv,76911,300,sample,1202,-12,10,0,0,0,0,0,309,302,301,0,0,1
lqr_sysid_csv,76922,300,sample,1203,-12,10,0,0,0,0,0,309,302,301,0,0,1
lqr_sysid_csv,76939,300,sample,1204,-12,10,0,0,0,0,0,309,302,301,0,0,1
lqr_sysid_csv,76949,300,sample,1205,-12,10,0,0,0,0,0,309,302,301,0,0,1
lqr_sysid_csv,76960,300,sample,1206,-12,10,0,0,0,0,0,309,302,301,0,0,1
lqr_sysid_csv,76970,300,sample,1207,-12,10,0,0,0,0,0,309,302,301,0,0,1
lqr_sysid_csv,76982,300,sample,1208,-12,10,0,0,0,0,0,309,302,301,0,0,1
lqr_sysid_csv,76992,300,sample,1209,-12,10,0,0,0,0,0,309,302,301,0,0,1
lqr_sysid_csv,77003,300,sample,1210,-12,10,0,0,0,0,0,309,302,301,0,0,1
lqr_sysid_csv,77013,300,sample,1211,-12,10,0,0,0,0,0,309,302,301,0,0,1
lqr_sysid_csv,77024,300,sample,1212,-12,10,0,0,0,0,0,-90,302,301,0,0,1
lqr_sysid_csv,77034,300,sample,1213,-12,10,0,0,0,0,0,-90,302,301,0,0,1
lqr_sysid_csv,77045,300,sample,1214,-12,10,0,0,0,0,0,-90,302,301,0,0,1
lqr_sysid_csv,77056,300,sample,1215,-12,10,0,0,0,0,0,-87,302,301,0,0,1
lqr_sysid_csv,77066,300,sample,1216,-12,10,0,0,0,0,0,-89,302,301,0,0,1
lqr_sysid_csv,77077,300,sample,1217,-12,10,0,0,0,0,0,-89,302,301,0,0,1
lqr_sysid_csv,77088,300,sample,1218,-12,10,0,0,0,0,0,-89,302,301,0,0,1
lqr_sysid_csv,77099,300,sample,1219,-12,10,0,0,0,0,0,-89,302,301,0,0,1
lqr_sysid_csv,77109,300,sample,1220,-12,10,0,0,0,0,0,-90,302,301,0,0,1
lqr_sysid_csv,77120,300,sample,1221,-12,10,0,0,0,0,0,-90,302,301,0,0,1
lqr_sysid_csv,77131,300,sample,1222,-12,10,0,0,0,0,0,-90,302,301,0,0,1
lqr_sysid_csv,77142,300,sample,1223,-12,10,0,0,0,0,0,-90,302,301,0,0,1
lqr_sysid_csv,77153,300,sample,1224,-12,10,0,0,0,0,0,-90,302,301,0,0,1
lqr_sysid_csv,77163,300,sample,1225,-12,10,0,0,0,0,0,-90,302,301,0,0,1
lqr_sysid_csv,77174,300,sample,1226,-12,10,0,0,0,0,0,-90,302,301,0,0,1
lqr_sysid_csv,77185,300,sample,1227,-12,10,0,0,0,0,0,-90,302,301,0,0,1
lqr_sysid_csv,77196,300,sample,1228,-12,10,0,0,0,0,0,-90,302,301,0,0,1
lqr_sysid_csv,77207,300,sample,1229,-12,10,0,0,0,0,0,-90,302,301,0,0,1
lqr_sysid_csv,77217,300,sample,1230,-12,10,0,0,0,0,0,-90,302,301,0,0,1
lqr_sysid_csv,77228,300,sample,1231,-12,10,0,0,0,0,0,-90,302,301,0,0,1
lqr_sysid_csv,77239,300,sample,1232,-12,10,0,0,0,0,0,-90,302,301,0,0,1
lqr_sysid_csv,77251,300,sample,1233,-12,10,0,0,0,0,0,-90,302,301,0,0,1
lqr_sysid_csv,77261,300,sample,1234,-12,10,0,0,0,0,0,-90,302,301,0,0,1
lqr_sysid_csv,77272,300,sample,1235,-12,10,0,0,0,0,0,-90,302,301,0,0,1
lqr_sysid_csv,77282,300,sample,1236,-12,10,0,0,0,0,0,-90,302,301,0,0,1
lqr_sysid_csv,77299,300,sample,1237,-12,10,0,0,0,0,0,-90,302,301,0,0,1
lqr_sysid_csv,77310,300,sample,1238,-12,10,0,0,0,0,0,-90,302,301,0,0,1
lqr_sysid_csv,77321,300,sample,1239,-12,10,0,0,0,0,0,-90,302,301,0,0,1
lqr_sysid_csv,77331,300,sample,1240,-12,10,0,0,0,0,0,-90,302,301,0,0,1
lqr_sysid_csv,77342,300,sample,1241,-12,10,0,0,0,0,0,-90,302,301,0,0,1
lqr_sysid_csv,77353,300,sample,1242,-12,10,0,0,0,0,0,-90,302,301,0,0,1
lqr_sysid_csv,77364,300,sample,1243,-12,10,0,0,0,0,0,309,302,301,0,0,1
lqr_sysid_csv,77375,300,sample,1244,-12,10,0,0,0,0,0,309,302,301,0,0,1
lqr_sysid_csv,77385,300,sample,1245,-12,10,0,0,0,0,0,309,302,301,0,0,1
lqr_sysid_csv,77396,300,sample,1246,-12,10,0,0,0,0,0,309,302,301,0,0,1
lqr_sysid_csv,77407,300,sample,1247,-12,10,0,0,0,0,0,309,302,301,0,0,1
lqr_sysid_csv,77417,300,sample,1248,-12,10,0,0,0,0,0,309,302,301,0,0,1
lqr_sysid_csv,77428,300,sample,1249,-12,10,0,0,0,0,0,309,302,301,0,0,1
lqr_sysid_csv,77446,300,sample,1250,-12,10,0,0,0,0,0,309,302,301,0,0,1
lqr_sysid_csv,77463,300,sample,1251,-12,10,0,0,0,0,0,309,302,301,0,0,1
lqr_sysid_csv,77474,300,sample,1252,-12,10,0,0,0,0,0,309,302,301,0,0,1
lqr_sysid_csv,77485,300,sample,1253,-12,10,0,0,0,0,0,309,302,301,0,0,1
lqr_sysid_csv,77495,300,sample,1254,-12,10,0,0,0,0,0,309,302,301,0,0,1
lqr_sysid_csv,77506,300,sample,1255,-12,10,0,0,0,0,0,309,302,301,0,0,1
lqr_sysid_csv,77517,300,sample,1256,-12,10,0,0,0,0,0,309,302,301,0,0,1
lqr_sysid_csv,77528,300,sample,1257,-12,10,0,0,0,0,0,309,302,301,0,0,1
lqr_sysid_csv,77539,300,sample,1258,-12,10,0,0,0,0,0,309,302,301,0,0,1
lqr_sysid_csv,77556,300,sample,1259,-12,10,0,0,0,0,0,309,302,301,0,0,1
lqr_sysid_csv,77567,300,sample,1260,-12,10,0,0,0,0,0,309,302,301,0,0,1
lqr_sysid_csv,77578,300,sample,1261,-12,10,0,0,0,0,0,309,302,301,0,0,1
lqr_sysid_csv,77589,300,sample,1262,-12,10,0,0,0,0,0,309,302,301,0,0,1
lqr_sysid_csv,77600,300,sample,1263,-12,10,0,0,0,0,0,309,302,301,0,0,1
lqr_sysid_csv,77610,300,sample,1264,-12,10,0,0,0,0,0,309,302,301,0,0,1
lqr_sysid_csv,77628,300,sample,1265,-12,10,0,0,0,0,0,309,302,301,0,0,1
lqr_sysid_csv,77638,300,sample,1266,-12,10,0,0,0,0,0,309,302,301,0,0,1
lqr_sysid_csv,77649,300,sample,1267,-12,10,0,0,0,0,0,309,302,301,0,0,1
lqr_sysid_csv,77660,300,sample,1268,-12,10,0,0,0,0,0,309,302,301,0,0,1
lqr_sysid_csv,77671,300,sample,1269,-12,10,0,0,0,0,0,309,302,301,0,0,1
lqr_sysid_csv,77681,300,sample,1270,-12,10,0,0,0,0,0,309,302,301,0,0,1
lqr_sysid_csv,77692,300,sample,1271,-12,10,0,0,0,0,0,309,302,301,0,0,1
lqr_sysid_csv,77703,300,sample,1272,-12,10,0,0,0,0,0,309,302,301,0,0,1
lqr_sysid_csv,77714,300,sample,1273,-12,10,0,0,0,0,0,309,302,301,0,0,1
lqr_sysid_csv,77732,300,sample,1274,-12,10,0,0,0,0,0,309,302,301,0,0,1
lqr_sysid_csv,77742,300,sample,1275,-12,10,0,0,0,0,0,309,302,301,0,0,1
lqr_sysid_csv,77753,300,sample,1276,-12,10,0,0,0,0,0,309,302,301,0,0,1
lqr_sysid_csv,77763,300,sample,1277,-12,10,0,0,0,0,0,309,302,301,0,0,1
lqr_sysid_csv,77774,300,sample,1278,-12,10,0,0,0,0,0,309,302,301,0,0,1
lqr_sysid_csv,77784,300,sample,1279,-12,10,0,0,0,0,0,309,302,301,0,0,1
lqr_sysid_csv,77795,300,sample,1280,-12,10,0,0,0,0,0,309,302,301,0,0,1
lqr_sysid_csv,77813,300,sample,1281,-12,10,0,0,0,0,0,309,302,301,0,0,1
lqr_sysid_csv,77823,300,sample,1282,-12,10,0,0,0,0,0,309,302,301,0,0,1
lqr_sysid_csv,77833,300,sample,1283,-12,10,0,0,0,0,0,309,302,301,0,0,1
lqr_sysid_csv,77844,300,sample,1284,-12,10,0,0,0,0,0,309,302,301,0,0,1
lqr_sysid_csv,77854,300,sample,1285,-12,10,0,0,0,0,0,309,302,301,0,0,1
lqr_sysid_csv,77865,300,sample,1286,-12,10,0,0,0,0,0,309,302,301,0,0,1
lqr_sysid_csv,77876,300,sample,1287,-12,10,0,0,0,0,0,309,302,301,0,0,1
lqr_sysid_csv,77892,300,sample,1288,-12,10,0,0,0,0,0,309,302,301,0,0,1
lqr_sysid_csv,77903,300,sample,1289,-12,10,0,0,0,0,0,309,302,301,0,0,1
lqr_sysid_csv,77914,300,sample,1290,-12,10,0,0,0,0,0,309,302,301,0,0,1
lqr_sysid_csv,77925,300,sample,1291,-12,10,0,0,0,0,0,309,302,301,0,0,1
lqr_sysid_csv,77935,300,sample,1292,-12,10,0,0,0,0,0,309,302,301,0,0,1
lqr_sysid_csv,77946,300,sample,1293,-12,10,0,0,0,0,0,309,302,301,0,0,1
lqr_sysid_csv,77956,300,sample,1294,-12,10,0,0,0,0,0,309,302,301,0,0,1
lqr_sysid_csv,77967,300,sample,1295,-12,10,0,0,0,0,0,309,302,301,0,0,1
lqr_sysid_csv,77977,300,sample,1296,-12,10,0,0,0,0,0,309,302,301,0,0,1
lqr_sysid_csv,77988,300,sample,1297,-12,10,0,0,0,0,0,309,302,301,0,0,1
lqr_sysid_csv,77998,300,sample,1298,-12,10,0,0,0,0,0,309,302,301,0,0,1
lqr_sysid_csv,78009,300,sample,1299,-12,10,0,0,0,0,0,309,302,301,0,0,1
lqr_sysid_csv,78026,300,sample,1300,-12,10,0,0,0,0,0,-90,302,301,0,0,1
lqr_sysid_csv,78038,300,sample,1301,-12,10,0,0,0,0,0,-90,302,301,0,0,1
lqr_sysid_csv,78048,300,sample,1302,-12,10,0,0,0,0,0,-90,302,301,0,0,1
lqr_sysid_csv,78060,300,sample,1303,-12,10,0,0,0,0,0,-90,302,301,0,0,1
lqr_sysid_csv,78070,300,sample,1304,-12,10,0,0,0,0,0,-90,302,301,0,0,1
lqr_sysid_csv,78081,300,sample,1305,-12,10,0,0,0,0,0,-90,302,301,0,0,1
lqr_sysid_csv,78092,300,sample,1306,-12,10,0,0,0,0,0,-90,302,301,0,0,1
lqr_sysid_csv,78103,300,sample,1307,-12,10,0,0,0,0,0,-90,302,301,0,0,1
lqr_sysid_csv,78114,300,sample,1308,-12,10,0,0,0,0,0,-90,302,301,0,0,1
lqr_sysid_csv,78125,300,sample,1309,-12,10,0,0,0,0,0,-90,302,301,0,0,1
lqr_sysid_csv,78136,300,sample,1310,-12,10,0,0,0,0,0,-90,302,301,0,0,1
lqr_sysid_csv,78147,300,sample,1311,-12,10,0,0,0,0,0,-90,302,301,0,0,1
lqr_sysid_csv,78157,300,sample,1312,-12,10,0,0,0,0,0,-90,302,301,0,0,1
lqr_sysid_csv,78167,300,sample,1313,-12,10,0,0,0,0,0,-90,302,301,0,0,1
lqr_sysid_csv,78178,300,sample,1314,-12,10,0,0,0,0,0,-90,302,301,0,0,1
lqr_sysid_csv,78189,300,sample,1315,-12,10,0,0,0,0,0,-90,302,301,0,0,1
lqr_sysid_csv,78206,300,sample,1316,-12,10,0,0,0,0,0,-90,302,301,0,0,1
lqr_sysid_csv,78217,300,sample,1317,-12,10,0,0,0,0,0,-90,302,301,0,0,1
lqr_sysid_csv,78228,300,sample,1318,-12,10,0,0,0,0,0,-90,302,301,0,0,1
lqr_sysid_csv,78239,300,sample,1319,-12,10,0,0,0,0,0,-90,302,301,0,0,1
lqr_sysid_csv,78250,300,sample,1320,-12,10,0,0,0,0,0,-90,302,301,0,0,1
lqr_sysid_csv,78260,300,sample,1321,-12,10,0,0,0,0,0,-90,302,301,0,0,1
lqr_sysid_csv,78271,300,sample,1322,-12,10,0,0,0,0,0,-90,302,301,0,0,1
lqr_sysid_csv,78281,300,sample,1323,-12,10,0,0,0,0,0,-90,302,301,0,0,1
lqr_sysid_csv,78291,300,sample,1324,-12,10,0,0,0,0,0,-90,302,301,0,0,1
lqr_sysid_csv,78307,300,sample,1325,-12,10,0,0,0,0,0,-90,302,301,0,0,1
lqr_sysid_csv,78318,300,sample,1326,-12,10,0,0,0,0,0,-90,302,301,0,0,1
lqr_sysid_csv,78328,300,sample,1327,-12,10,0,0,0,0,0,-90,302,301,0,0,1
lqr_sysid_csv,78339,300,sample,1328,-12,10,0,0,0,0,0,-90,302,301,0,0,1
lqr_sysid_csv,78356,300,sample,1329,-12,10,0,0,0,0,0,309,302,301,0,0,1
lqr_sysid_csv,78367,300,sample,1330,-12,10,0,0,0,0,0,309,302,301,0,0,1
lqr_sysid_csv,78378,300,sample,1331,-12,10,0,0,0,0,0,309,302,301,0,0,1
lqr_sysid_csv,78389,300,sample,1332,-12,10,0,0,0,0,0,309,302,301,0,0,1
lqr_sysid_csv,78400,300,sample,1333,-12,10,0,0,0,0,0,309,302,301,0,0,1
lqr_sysid_csv,78411,300,sample,1334,-12,10,0,0,0,0,0,309,302,301,0,0,1
lqr_sysid_csv,78422,300,sample,1335,-12,10,0,0,0,0,0,309,302,301,0,0,1
lqr_sysid_csv,78440,300,sample,1336,-12,10,0,0,0,0,0,309,302,301,0,0,1
lqr_sysid_csv,78450,300,sample,1337,-12,10,0,0,0,0,0,309,302,301,0,0,1
lqr_sysid_csv,78460,300,sample,1338,-12,10,0,0,0,0,0,309,302,301,0,0,1
lqr_sysid_csv,78471,300,sample,1339,-12,10,0,0,0,0,0,309,302,301,0,0,1
lqr_sysid_csv,78482,300,sample,1340,-12,10,0,0,0,0,0,309,302,301,0,0,1
lqr_sysid_csv,78492,300,sample,1341,-12,10,0,0,0,0,0,309,302,301,0,0,1
lqr_sysid_csv,78503,300,sample,1342,-12,10,0,0,0,0,0,309,302,301,0,0,1
lqr_sysid_csv,78514,300,sample,1343,-12,10,0,0,0,0,0,309,302,301,0,0,1
lqr_sysid_csv,78525,300,sample,1344,-12,10,0,0,0,0,0,309,302,301,0,0,1
lqr_sysid_csv,78544,300,sample,1345,-12,10,0,0,0,0,0,309,302,301,0,0,1
lqr_sysid_csv,78554,300,sample,1346,-12,10,0,0,0,0,0,309,302,301,0,0,1
lqr_sysid_csv,78565,300,sample,1347,-12,10,0,0,0,0,0,309,302,301,0,0,1
lqr_sysid_csv,78576,300,sample,1348,-12,10,0,0,0,0,0,309,302,301,0,0,1
lqr_sysid_csv,78587,300,sample,1349,-12,10,0,0,0,0,0,309,302,301,0,0,1
lqr_sysid_csv,78597,300,sample,1350,-12,10,0,0,0,0,0,309,302,301,0,0,1
lqr_sysid_csv,78614,300,sample,1351,-12,10,0,0,0,0,0,309,302,301,0,0,1
lqr_sysid_csv,78625,300,sample,1352,-12,10,0,0,0,0,0,309,302,301,0,0,1
lqr_sysid_csv,78635,300,sample,1353,-12,10,0,0,0,0,0,309,302,301,0,0,1
lqr_sysid_csv,78646,300,sample,1354,-12,10,0,0,0,0,0,309,302,301,0,0,1
lqr_sysid_csv,78657,300,sample,1355,-12,10,0,0,0,0,0,309,302,301,0,0,1
lqr_sysid_csv,78669,300,sample,1356,-12,10,0,0,0,0,0,309,302,301,0,0,1
lqr_sysid_csv,78679,300,sample,1357,-12,10,0,0,0,0,0,-90,302,301,0,0,1
lqr_sysid_csv,78696,300,sample,1358,-12,10,0,0,0,0,0,-90,302,301,0,0,1
lqr_sysid_csv,78707,300,sample,1359,-12,10,0,0,0,0,0,-90,302,301,0,0,1
lqr_sysid_csv,78718,300,sample,1360,-12,10,0,0,0,0,0,-90,302,301,0,0,1
lqr_sysid_csv,78729,300,sample,1361,-12,10,0,0,0,0,0,-90,302,301,0,0,1
lqr_sysid_csv,78740,300,sample,1362,-12,10,0,0,0,0,0,-90,302,301,0,0,1
lqr_sysid_csv,78751,300,sample,1363,-12,10,0,0,0,0,0,-90,302,301,0,0,1
lqr_sysid_csv,78762,300,sample,1364,-12,10,0,0,0,0,0,-90,302,301,0,0,1
lqr_sysid_csv,78773,300,sample,1365,-12,10,0,0,0,0,0,-90,302,301,0,0,1
lqr_sysid_csv,78783,300,sample,1366,-12,10,0,0,0,0,0,-90,302,301,0,0,1
lqr_sysid_csv,78794,300,sample,1367,-12,10,0,0,0,0,0,-89,302,301,0,0,1
lqr_sysid_csv,78805,300,sample,1368,-12,10,0,0,0,0,0,-89,302,301,0,0,1
lqr_sysid_csv,78815,300,sample,1369,-12,10,0,0,0,0,0,-89,302,301,0,0,1
lqr_sysid_csv,78825,300,sample,1370,-12,10,0,0,0,0,0,-89,302,301,0,0,1
lqr_sysid_csv,78836,300,sample,1371,-12,10,0,0,0,0,0,-89,302,301,0,0,1
lqr_sysid_csv,78847,300,sample,1372,-12,10,0,0,0,0,0,-89,302,301,0,0,1
lqr_sysid_csv,78858,300,sample,1373,-12,10,0,0,0,0,0,-89,302,301,0,0,1
lqr_sysid_csv,78868,300,sample,1374,-12,10,0,0,0,0,0,-89,302,301,0,0,1
lqr_sysid_csv,78878,300,sample,1375,-12,10,0,0,0,0,0,-89,302,301,0,0,1
lqr_sysid_csv,78889,300,sample,1376,-12,10,0,0,0,0,0,-89,302,301,0,0,1
lqr_sysid_csv,78900,300,sample,1377,-12,10,0,0,0,0,0,-89,302,301,0,0,1
lqr_sysid_csv,78910,300,sample,1378,-12,10,0,0,0,0,0,-89,302,301,0,0,1
lqr_sysid_csv,78921,300,sample,1379,-12,10,0,0,0,0,0,-89,302,301,0,0,1
lqr_sysid_csv,78932,300,sample,1380,-12,10,0,0,0,0,0,-89,302,301,0,0,1
lqr_sysid_csv,78943,300,sample,1381,-12,10,0,0,0,0,0,-89,302,301,0,0,1
lqr_sysid_csv,78960,300,sample,1382,-12,10,0,0,0,0,0,-89,302,301,0,0,1
lqr_sysid_csv,78971,300,sample,1383,-12,10,0,0,0,0,0,-89,302,301,0,0,1
lqr_sysid_csv,78982,300,sample,1384,-12,10,0,0,0,0,0,-89,302,301,0,0,1
lqr_sysid_csv,78992,300,sample,1385,-12,10,0,0,0,0,0,-89,302,301,0,0,1
lqr_sysid_csv,79009,300,sample,1386,-12,5,0,0,0,0,0,-83,301,301,0,0,1
lqr_sysid_csv,79019,300,sample,1387,-12,5,0,0,0,0,0,-82,301,301,0,0,1
lqr_sysid_csv,79029,300,sample,1388,-12,5,0,0,0,0,0,-82,301,301,0,0,1
lqr_sysid_csv,79040,300,sample,1389,-12,-11,0,0,0,0,0,-69,301,301,0,0,1
lqr_sysid_csv,79051,300,sample,1390,-13,-5,0,0,0,0,0,-63,301,301,0,0,1
lqr_sysid_csv,79062,300,sample,1391,-13,-5,0,0,0,0,0,-63,301,301,0,0,1
lqr_sysid_csv,79072,300,sample,1392,-13,-5,0,0,0,0,0,-63,301,301,0,0,1
lqr_sysid_csv,79083,300,sample,1393,-13,10,0,0,0,0,0,-68,301,301,0,0,1
lqr_sysid_csv,79094,300,sample,1394,-13,10,0,0,0,0,0,-74,301,301,0,0,1
lqr_sysid_csv,79105,300,sample,1395,-13,10,0,0,0,0,0,-76,301,301,0,0,1
lqr_sysid_csv,79116,300,sample,1396,-13,10,0,0,0,0,0,-76,301,301,0,0,1
lqr_sysid_csv,79127,300,sample,1397,-13,10,0,0,0,0,0,-77,301,301,0,0,1
lqr_sysid_csv,79138,300,sample,1398,-13,10,0,0,0,0,0,-77,301,301,0,0,1
lqr_sysid_csv,79155,300,sample,1399,-13,10,0,0,0,0,0,-77,301,301,0,0,1
lqr_sysid_csv,79166,300,sample,1400,-13,10,0,0,0,0,0,-77,301,301,0,0,1
lqr_sysid_csv,79177,300,sample,1401,-13,10,0,0,0,0,0,-77,301,301,0,0,1
lqr_sysid_csv,79188,300,sample,1402,-13,10,0,0,0,0,0,-77,301,301,0,0,1
lqr_sysid_csv,79205,300,sample,1403,-13,10,0,0,0,0,0,-77,301,301,0,0,1
lqr_sysid_csv,79216,300,sample,1404,-13,10,0,0,0,0,0,-77,301,301,0,0,1
lqr_sysid_csv,79227,300,sample,1405,-13,10,0,0,0,0,0,-77,301,301,0,0,1
lqr_sysid_csv,79237,300,sample,1406,-13,10,0,0,0,0,0,-77,301,301,0,0,1
lqr_sysid_csv,79247,300,sample,1407,-13,10,0,0,0,0,0,-77,301,301,0,0,1
lqr_sysid_csv,79258,300,sample,1408,-13,10,0,0,0,0,0,-77,301,301,0,0,1
lqr_sysid_csv,79269,300,sample,1409,-13,10,0,0,0,0,0,-77,301,301,0,0,1
lqr_sysid_csv,79280,300,sample,1410,-13,10,0,0,0,0,0,-77,301,301,0,0,1
lqr_sysid_csv,79291,300,sample,1411,-13,10,0,0,0,0,0,-77,301,301,0,0,1
lqr_sysid_csv,79302,300,sample,1412,-13,10,0,0,0,0,0,-77,301,301,0,0,1
lqr_sysid_csv,79312,300,sample,1413,-13,10,0,0,0,0,0,-77,301,301,0,0,1
lqr_sysid_csv,79323,300,sample,1414,-13,10,0,0,0,0,0,-77,301,301,0,0,1
lqr_sysid_csv,79340,300,sample,1415,-13,10,0,0,0,0,0,322,301,301,0,0,1
lqr_sysid_csv,79351,300,sample,1416,-13,10,0,0,0,0,0,322,301,301,0,0,1
lqr_sysid_csv,79362,300,sample,1417,-13,10,0,0,0,0,0,322,301,301,0,0,1
lqr_sysid_csv,79373,300,sample,1418,-13,10,0,0,0,0,0,322,301,301,0,0,1
lqr_sysid_csv,79390,300,sample,1419,-13,10,0,0,0,0,0,322,301,301,0,0,1
lqr_sysid_csv,79401,300,sample,1420,-13,10,0,0,0,0,0,322,301,301,0,0,1
lqr_sysid_csv,79412,300,sample,1421,-13,10,0,0,0,0,0,322,301,301,0,0,1
lqr_sysid_csv,79423,300,sample,1422,-13,10,0,0,0,0,0,322,301,301,0,0,1
lqr_sysid_csv,79434,300,sample,1423,-13,10,0,0,0,0,0,322,301,301,0,0,1
lqr_sysid_csv,79444,300,sample,1424,-13,10,0,0,0,0,0,322,301,301,0,0,1
lqr_sysid_csv,79455,300,sample,1425,-13,10,0,0,0,0,0,322,301,301,0,0,1
lqr_sysid_csv,79466,300,sample,1426,-13,10,0,0,0,0,0,322,301,301,0,0,1
lqr_sysid_csv,79477,300,sample,1427,-13,10,0,0,0,0,0,322,301,301,0,0,1
lqr_sysid_csv,79488,300,sample,1428,-13,10,0,0,0,0,0,322,301,301,0,0,1
lqr_sysid_csv,79498,300,sample,1429,-13,10,0,0,0,0,0,322,301,301,0,0,1
lqr_sysid_csv,79515,300,sample,1430,-13,10,0,0,0,0,0,322,301,301,0,0,1
lqr_sysid_csv,79526,300,sample,1431,-13,10,0,0,0,0,0,322,301,301,0,0,1
lqr_sysid_csv,79537,300,sample,1432,-13,10,0,0,0,0,0,322,301,301,0,0,1
lqr_sysid_csv,79548,300,sample,1433,-13,10,0,0,0,0,0,322,301,301,0,0,1
lqr_sysid_csv,79558,300,sample,1434,-13,10,0,0,0,0,0,322,301,301,0,0,1
lqr_sysid_csv,79569,300,sample,1435,-13,10,0,0,0,0,0,322,301,301,0,0,1
lqr_sysid_csv,79579,300,sample,1436,-13,10,0,0,0,0,0,322,301,301,0,0,1
lqr_sysid_csv,79590,300,sample,1437,-13,10,0,0,0,0,0,322,301,301,0,0,1
lqr_sysid_csv,79601,300,sample,1438,-13,10,0,0,0,0,0,322,301,301,0,0,1
lqr_sysid_csv,79611,300,sample,1439,-13,10,0,0,0,0,0,322,301,301,0,0,1
lqr_sysid_csv,79622,300,sample,1440,-13,10,0,0,0,0,0,322,301,301,0,0,1
lqr_sysid_csv,79633,300,sample,1441,-13,10,0,0,0,0,0,322,301,301,0,0,1
lqr_sysid_csv,79644,300,sample,1442,-13,10,0,0,0,0,0,322,301,301,0,0,1
lqr_sysid_csv,79655,300,sample,1443,-13,10,0,0,0,0,0,322,301,301,0,0,1
lqr_sysid_csv,79666,300,sample,1444,-13,10,0,0,0,0,0,322,301,301,0,0,1
lqr_sysid_csv,79676,300,sample,1445,-13,10,0,0,0,0,0,-77,301,301,0,0,1
lqr_sysid_csv,79687,300,sample,1446,-13,10,0,0,0,0,0,-77,301,301,0,0,1
lqr_sysid_csv,79698,300,sample,1447,-13,10,0,0,0,0,0,-77,301,301,0,0,1
lqr_sysid_csv,79708,300,sample,1448,-13,10,0,0,0,0,0,-77,301,301,0,0,1
lqr_sysid_csv,79719,300,sample,1449,-13,10,0,0,0,0,0,-77,301,301,0,0,1
lqr_sysid_csv,79729,300,sample,1450,-13,10,0,0,0,0,0,-77,301,301,0,0,1
lqr_sysid_csv,79746,300,sample,1451,-13,10,0,0,0,0,0,-77,301,301,0,0,1
lqr_sysid_csv,79757,300,sample,1452,-13,10,0,0,0,0,0,-77,301,301,0,0,1
lqr_sysid_csv,79768,300,sample,1453,-13,10,0,0,0,0,0,-77,301,301,0,0,1
lqr_sysid_csv,79778,300,sample,1454,-13,10,0,0,0,0,0,-77,301,301,0,0,1
lqr_sysid_csv,79789,300,sample,1455,-13,10,0,0,0,0,0,-77,301,301,0,0,1
lqr_sysid_csv,79799,300,sample,1456,-13,10,0,0,0,0,0,-77,301,301,0,0,1
lqr_sysid_csv,79810,300,sample,1457,-13,10,0,0,0,0,0,-77,301,301,0,0,1
lqr_sysid_csv,79821,300,sample,1458,-13,10,0,0,0,0,0,-77,301,301,0,0,1
lqr_sysid_csv,79831,300,sample,1459,-13,10,0,0,0,0,0,-77,301,301,0,0,1
lqr_sysid_csv,79842,300,sample,1460,-13,10,0,0,0,0,0,-77,301,301,0,0,1
lqr_sysid_csv,79853,300,sample,1461,-13,10,0,0,0,0,0,-77,301,301,0,0,1
lqr_sysid_csv,79864,300,sample,1462,-13,10,0,0,0,0,0,-77,301,301,0,0,1
lqr_sysid_csv,79874,300,sample,1463,-13,10,0,0,0,0,0,-77,301,301,0,0,1
lqr_sysid_csv,79892,300,sample,1464,-13,10,0,0,0,0,0,-77,301,301,0,0,1
lqr_sysid_csv,79902,300,sample,1465,-13,10,0,0,0,0,0,-77,301,301,0,0,1
lqr_sysid_csv,79913,300,sample,1466,-13,10,0,0,0,0,0,-77,301,301,0,0,1
lqr_sysid_csv,79923,300,sample,1467,-13,10,0,0,0,0,0,-77,301,301,0,0,1
lqr_sysid_csv,79934,300,sample,1468,-13,10,0,0,0,0,0,-77,301,301,0,0,1
lqr_sysid_csv,79945,300,sample,1469,-13,10,0,0,0,0,0,-77,301,301,0,0,1
lqr_sysid_csv,79956,300,sample,1470,-13,10,0,0,0,0,0,-77,301,301,0,0,1
lqr_sysid_csv,79967,300,sample,1471,-13,10,0,0,0,0,0,-77,301,301,0,0,1
lqr_sysid_csv,79985,300,sample,1472,-13,10,0,0,0,0,0,-77,301,301,0,0,1
lqr_sysid_csv,79995,300,sample,1473,-13,10,0,0,0,0,0,-77,301,301,0,0,1
lqr_sysid_csv,80006,300,sample,1474,-13,10,0,0,0,0,0,-77,301,301,0,0,1
lqr_sysid_csv,80017,300,sample,1475,-13,10,0,0,0,0,0,-77,301,301,0,0,1
lqr_sysid_csv,80027,300,sample,1476,-13,10,0,0,0,0,0,-77,301,301,0,0,1
lqr_sysid_csv,80038,300,sample,1477,-13,10,0,0,0,0,0,-77,301,301,0,0,1
lqr_sysid_csv,80048,300,sample,1478,-13,10,0,0,0,0,0,-77,301,301,0,0,1
lqr_sysid_csv,80059,300,sample,1479,-13,10,0,0,0,0,0,-77,301,301,0,0,1
lqr_sysid_csv,80076,300,sample,1480,-13,10,0,0,0,0,0,-77,301,301,0,0,1
lqr_sysid_csv,80087,300,sample,1481,-13,10,0,0,0,0,0,-77,301,301,0,0,1
lqr_sysid_csv,80097,300,sample,1482,-13,10,0,0,0,0,0,-77,301,301,0,0,1
lqr_sysid_csv,80108,300,sample,1483,-13,10,0,0,0,0,0,-77,301,301,0,0,1
lqr_sysid_csv,80118,300,sample,1484,-13,10,0,0,0,0,0,-77,301,301,0,0,1
lqr_sysid_csv,80129,300,sample,1485,-13,10,0,0,0,0,0,-77,301,301,0,0,1
lqr_sysid_csv,80140,300,sample,1486,-13,10,0,0,0,0,0,-77,301,301,0,0,1
lqr_sysid_csv,80151,300,sample,1487,-13,10,0,0,0,0,0,-77,301,301,0,0,1
lqr_sysid_csv,80162,300,sample,1488,-13,10,0,0,0,0,0,-77,301,301,0,0,1
lqr_sysid_csv,80173,300,sample,1489,-13,10,0,0,0,0,0,-77,301,301,0,0,1
lqr_sysid_csv,80184,300,sample,1490,-13,10,0,0,0,0,0,-77,301,301,0,0,1
lqr_sysid_csv,80195,300,sample,1491,-13,10,0,0,0,0,0,-77,301,301,0,0,1
lqr_sysid_csv,80206,300,sample,1492,-13,10,0,0,0,0,0,-77,301,301,0,0,1
lqr_sysid_csv,80217,300,sample,1493,-13,10,0,0,0,0,0,-77,301,301,0,0,1
lqr_sysid_csv,80227,300,sample,1494,-13,10,0,0,0,0,0,-77,301,301,0,0,1
lqr_sysid_csv,80244,300,sample,1495,-13,10,0,0,0,0,0,-77,301,301,0,0,1
lqr_sysid_csv,80254,300,sample,1496,-13,10,0,0,0,0,0,-77,301,301,0,0,1
lqr_sysid_csv,80265,300,sample,1497,-13,10,0,0,0,0,0,-77,301,301,0,0,1
lqr_sysid_csv,80276,300,sample,1498,-13,10,0,0,0,0,0,-77,301,301,0,0,1
lqr_sysid_csv,80287,300,sample,1499,-13,10,0,0,0,0,0,-77,301,301,0,0,1
lqr_sysid_csv,80298,300,sample,1500,-13,10,0,0,0,0,0,-77,301,301,0,0,1
lqr_sysid_csv,80309,300,sample,1501,-13,10,0,0,0,0,0,-77,301,301,0,0,1
lqr_sysid_csv,80319,300,sample,1502,-13,10,0,0,0,0,0,-77,301,301,0,0,1